ISO-10303-21;
HEADER;
/* Generated by software containing ST-Developer
 * from STEP Tools, Inc. (www.steptools.com) 
 */
/* OPTION: using custom schema-name function */

FILE_DESCRIPTION(
/* description */ (''),
/* implementation_level */ '2;1');

FILE_NAME(
/* name */ 'front cap',
/* time_stamp */ '2026-09-25T14:52:24+02:00',
/* author */ (''),
/* organization */ (''),
/* preprocessor_version */ 'ST-DEVELOPER v19.2',
/* originating_system */ 'Rhino 8.9',
/* authorisation */ '');

FILE_SCHEMA (('CONFIG_CONTROL_DESIGN'));
ENDSEC;

DATA;
#10=SHAPE_REPRESENTATION_RELATIONSHIP('','',#2021,#12);
#11=MANIFOLD_SOLID_BREP('brep_1',#13);
#12=ADVANCED_BREP_SHAPE_REPRESENTATION('brep_rep_0',(#11,#2207),#2020);
#13=CLOSED_SHELL('',(#32,#33,#34,#35,#36,#37,#38,#39,#40,#41,#42,#43,#44,
#45,#46,#47,#48,#49,#50,#51,#52,#53,#54,#55,#56,#57,#58,#59,#60,#61,#62,
#63,#64,#65,#66,#67,#68,#69,#70,#71,#72,#73,#74,#75,#76,#77,#78,#79,#80,
#81,#82,#83,#84,#85,#86,#87,#88,#89,#90,#91,#92,#93,#94,#95,#96,#97,#98,
#99,#100,#101,#102,#103,#104,#105,#106,#107,#108,#109,#110,#111,#112,#113,
#114,#115,#116,#117,#118,#119,#120,#121,#122,#123,#124,#125,#126,#127,#128,
#129,#130,#131,#132,#133,#134,#135,#136,#137,#138,#139,#140,#141,#142,#143,
#144,#145,#146,#147));
#14=FACE_BOUND('',#283,.T.);
#15=FACE_BOUND('',#284,.T.);
#16=FACE_BOUND('',#287,.T.);
#17=FACE_BOUND('',#288,.T.);
#18=FACE_BOUND('',#291,.T.);
#19=FACE_BOUND('',#332,.T.);
#20=FACE_BOUND('',#340,.T.);
#21=FACE_BOUND('',#341,.T.);
#22=FACE_BOUND('',#342,.T.);
#23=FACE_BOUND('',#343,.T.);
#24=FACE_BOUND('',#345,.T.);
#25=FACE_BOUND('',#346,.T.);
#26=FACE_BOUND('',#347,.T.);
#27=FACE_BOUND('',#348,.T.);
#28=FACE_BOUND('',#349,.T.);
#29=FACE_BOUND('',#350,.T.);
#30=FACE_BOUND('',#351,.T.);
#31=FACE_BOUND('',#352,.T.);
#32=ADVANCED_FACE('',(#148),#1893,.T.);
#33=ADVANCED_FACE('',(#149),#1894,.T.);
#34=ADVANCED_FACE('',(#150),#1895,.T.);
#35=ADVANCED_FACE('',(#151),#1896,.T.);
#36=ADVANCED_FACE('',(#152),#1897,.T.);
#37=ADVANCED_FACE('',(#153),#1851,.F.);
#38=ADVANCED_FACE('',(#154),#1898,.T.);
#39=ADVANCED_FACE('',(#155),#1827,.T.);
#40=ADVANCED_FACE('',(#156),#1852,.F.);
#41=ADVANCED_FACE('',(#157),#1899,.T.);
#42=ADVANCED_FACE('',(#158),#1828,.T.);
#43=ADVANCED_FACE('',(#159),#1853,.F.);
#44=ADVANCED_FACE('',(#160),#1900,.T.);
#45=ADVANCED_FACE('',(#161),#1829,.T.);
#46=ADVANCED_FACE('',(#162),#1854,.F.);
#47=ADVANCED_FACE('',(#163),#1901,.T.);
#48=ADVANCED_FACE('',(#164),#1830,.T.);
#49=ADVANCED_FACE('',(#165),#1831,.T.);
#50=ADVANCED_FACE('',(#166,#14,#15),#1855,.T.);
#51=ADVANCED_FACE('',(#167),#1832,.T.);
#52=ADVANCED_FACE('',(#168,#16,#17),#1856,.T.);
#53=ADVANCED_FACE('',(#169),#1902,.T.);
#54=ADVANCED_FACE('',(#170,#18),#1903,.T.);
#55=ADVANCED_FACE('',(#171),#1904,.T.);
#56=ADVANCED_FACE('',(#172),#1905,.T.);
#57=ADVANCED_FACE('',(#173),#1857,.F.);
#58=ADVANCED_FACE('',(#174),#1906,.T.);
#59=ADVANCED_FACE('',(#175),#1858,.F.);
#60=ADVANCED_FACE('',(#176),#1907,.T.);
#61=ADVANCED_FACE('',(#177),#1859,.F.);
#62=ADVANCED_FACE('',(#178),#1833,.T.);
#63=ADVANCED_FACE('',(#179),#1908,.T.);
#64=ADVANCED_FACE('',(#180),#1834,.T.);
#65=ADVANCED_FACE('',(#181),#1909,.T.);
#66=ADVANCED_FACE('',(#182),#1835,.T.);
#67=ADVANCED_FACE('',(#183),#1910,.T.);
#68=ADVANCED_FACE('',(#184),#1911,.T.);
#69=ADVANCED_FACE('',(#185),#1860,.F.);
#70=ADVANCED_FACE('',(#186),#1861,.F.);
#71=ADVANCED_FACE('',(#187),#1912,.T.);
#72=ADVANCED_FACE('',(#188),#1913,.T.);
#73=ADVANCED_FACE('',(#189),#1862,.F.);
#74=ADVANCED_FACE('',(#190),#1914,.T.);
#75=ADVANCED_FACE('',(#191),#1915,.T.);
#76=ADVANCED_FACE('',(#192),#1863,.F.);
#77=ADVANCED_FACE('',(#193),#1864,.F.);
#78=ADVANCED_FACE('',(#194),#1865,.F.);
#79=ADVANCED_FACE('',(#195),#1866,.F.);
#80=ADVANCED_FACE('',(#196),#1867,.F.);
#81=ADVANCED_FACE('',(#197),#1868,.F.);
#82=ADVANCED_FACE('',(#198),#1869,.F.);
#83=ADVANCED_FACE('',(#199),#1916,.T.);
#84=ADVANCED_FACE('',(#200),#1917,.T.);
#85=ADVANCED_FACE('',(#201),#1870,.F.);
#86=ADVANCED_FACE('',(#202),#1918,.T.);
#87=ADVANCED_FACE('',(#203),#1919,.T.);
#88=ADVANCED_FACE('',(#204),#1871,.F.);
#89=ADVANCED_FACE('',(#205),#1872,.F.);
#90=ADVANCED_FACE('',(#206),#1873,.F.);
#91=ADVANCED_FACE('',(#207),#1874,.F.);
#92=ADVANCED_FACE('',(#208),#1875,.F.);
#93=ADVANCED_FACE('',(#209),#1876,.F.);
#94=ADVANCED_FACE('',(#210,#19),#1920,.T.);
#95=ADVANCED_FACE('',(#211),#1836,.T.);
#96=ADVANCED_FACE('',(#212),#1877,.F.);
#97=ADVANCED_FACE('',(#213),#1921,.T.);
#98=ADVANCED_FACE('',(#214),#1837,.T.);
#99=ADVANCED_FACE('',(#215),#1838,.T.);
#100=ADVANCED_FACE('',(#216),#1839,.T.);
#101=ADVANCED_FACE('',(#217,#20,#21,#22,#23),#1922,.T.);
#102=ADVANCED_FACE('',(#218,#24,#25,#26,#27,#28,#29,#30,#31),#1923,.T.);
#103=ADVANCED_FACE('',(#219),#1840,.T.);
#104=ADVANCED_FACE('',(#220),#1841,.T.);
#105=ADVANCED_FACE('',(#221),#1842,.T.);
#106=ADVANCED_FACE('',(#222),#1878,.F.);
#107=ADVANCED_FACE('',(#223),#1924,.T.);
#108=ADVANCED_FACE('',(#224),#1879,.F.);
#109=ADVANCED_FACE('',(#225),#1925,.T.);
#110=ADVANCED_FACE('',(#226),#1880,.F.);
#111=ADVANCED_FACE('',(#227),#1926,.T.);
#112=ADVANCED_FACE('',(#228),#1881,.F.);
#113=ADVANCED_FACE('',(#229),#1927,.T.);
#114=ADVANCED_FACE('',(#230),#1819,.T.);
#115=ADVANCED_FACE('',(#231),#1820,.T.);
#116=ADVANCED_FACE('',(#232),#1821,.T.);
#117=ADVANCED_FACE('',(#233),#1822,.T.);
#118=ADVANCED_FACE('',(#234),#1843,.T.);
#119=ADVANCED_FACE('',(#235),#1928,.T.);
#120=ADVANCED_FACE('',(#236),#1844,.T.);
#121=ADVANCED_FACE('',(#237),#1929,.T.);
#122=ADVANCED_FACE('',(#238),#1845,.T.);
#123=ADVANCED_FACE('',(#239),#1882,.T.);
#124=ADVANCED_FACE('',(#240),#1930,.T.);
#125=ADVANCED_FACE('',(#241),#1931,.T.);
#126=ADVANCED_FACE('',(#242),#1932,.T.);
#127=ADVANCED_FACE('',(#243),#1933,.T.);
#128=ADVANCED_FACE('',(#244),#1934,.T.);
#129=ADVANCED_FACE('',(#245),#1883,.F.);
#130=ADVANCED_FACE('',(#246),#1846,.T.);
#131=ADVANCED_FACE('',(#247),#1884,.F.);
#132=ADVANCED_FACE('',(#248),#1847,.T.);
#133=ADVANCED_FACE('',(#249),#1885,.F.);
#134=ADVANCED_FACE('',(#250),#1848,.T.);
#135=ADVANCED_FACE('',(#251),#1886,.F.);
#136=ADVANCED_FACE('',(#252),#1849,.T.);
#137=ADVANCED_FACE('',(#253),#1887,.F.);
#138=ADVANCED_FACE('',(#254),#1850,.T.);
#139=ADVANCED_FACE('',(#255),#1888,.F.);
#140=ADVANCED_FACE('',(#256),#1889,.F.);
#141=ADVANCED_FACE('',(#257),#1890,.F.);
#142=ADVANCED_FACE('',(#258),#1891,.F.);
#143=ADVANCED_FACE('',(#259),#1892,.F.);
#144=ADVANCED_FACE('',(#260),#1823,.T.);
#145=ADVANCED_FACE('',(#261),#1824,.T.);
#146=ADVANCED_FACE('',(#262),#1825,.T.);
#147=ADVANCED_FACE('',(#263),#1826,.T.);
#148=FACE_OUTER_BOUND('',#264,.T.);
#149=FACE_OUTER_BOUND('',#265,.T.);
#150=FACE_OUTER_BOUND('',#266,.T.);
#151=FACE_OUTER_BOUND('',#267,.T.);
#152=FACE_OUTER_BOUND('',#268,.T.);
#153=FACE_OUTER_BOUND('',#269,.T.);
#154=FACE_OUTER_BOUND('',#270,.T.);
#155=FACE_OUTER_BOUND('',#271,.T.);
#156=FACE_OUTER_BOUND('',#272,.T.);
#157=FACE_OUTER_BOUND('',#273,.T.);
#158=FACE_OUTER_BOUND('',#274,.T.);
#159=FACE_OUTER_BOUND('',#275,.T.);
#160=FACE_OUTER_BOUND('',#276,.T.);
#161=FACE_OUTER_BOUND('',#277,.T.);
#162=FACE_OUTER_BOUND('',#278,.T.);
#163=FACE_OUTER_BOUND('',#279,.T.);
#164=FACE_OUTER_BOUND('',#280,.T.);
#165=FACE_OUTER_BOUND('',#281,.T.);
#166=FACE_OUTER_BOUND('',#282,.T.);
#167=FACE_OUTER_BOUND('',#285,.T.);
#168=FACE_OUTER_BOUND('',#286,.T.);
#169=FACE_OUTER_BOUND('',#289,.T.);
#170=FACE_OUTER_BOUND('',#290,.T.);
#171=FACE_OUTER_BOUND('',#292,.T.);
#172=FACE_OUTER_BOUND('',#293,.T.);
#173=FACE_OUTER_BOUND('',#294,.T.);
#174=FACE_OUTER_BOUND('',#295,.T.);
#175=FACE_OUTER_BOUND('',#296,.T.);
#176=FACE_OUTER_BOUND('',#297,.T.);
#177=FACE_OUTER_BOUND('',#298,.T.);
#178=FACE_OUTER_BOUND('',#299,.T.);
#179=FACE_OUTER_BOUND('',#300,.T.);
#180=FACE_OUTER_BOUND('',#301,.T.);
#181=FACE_OUTER_BOUND('',#302,.T.);
#182=FACE_OUTER_BOUND('',#303,.T.);
#183=FACE_OUTER_BOUND('',#304,.T.);
#184=FACE_OUTER_BOUND('',#305,.T.);
#185=FACE_OUTER_BOUND('',#306,.T.);
#186=FACE_OUTER_BOUND('',#307,.T.);
#187=FACE_OUTER_BOUND('',#308,.T.);
#188=FACE_OUTER_BOUND('',#309,.T.);
#189=FACE_OUTER_BOUND('',#310,.T.);
#190=FACE_OUTER_BOUND('',#311,.T.);
#191=FACE_OUTER_BOUND('',#312,.T.);
#192=FACE_OUTER_BOUND('',#313,.T.);
#193=FACE_OUTER_BOUND('',#314,.T.);
#194=FACE_OUTER_BOUND('',#315,.T.);
#195=FACE_OUTER_BOUND('',#316,.T.);
#196=FACE_OUTER_BOUND('',#317,.T.);
#197=FACE_OUTER_BOUND('',#318,.T.);
#198=FACE_OUTER_BOUND('',#319,.T.);
#199=FACE_OUTER_BOUND('',#320,.T.);
#200=FACE_OUTER_BOUND('',#321,.T.);
#201=FACE_OUTER_BOUND('',#322,.T.);
#202=FACE_OUTER_BOUND('',#323,.T.);
#203=FACE_OUTER_BOUND('',#324,.T.);
#204=FACE_OUTER_BOUND('',#325,.T.);
#205=FACE_OUTER_BOUND('',#326,.T.);
#206=FACE_OUTER_BOUND('',#327,.T.);
#207=FACE_OUTER_BOUND('',#328,.T.);
#208=FACE_OUTER_BOUND('',#329,.T.);
#209=FACE_OUTER_BOUND('',#330,.T.);
#210=FACE_OUTER_BOUND('',#331,.T.);
#211=FACE_OUTER_BOUND('',#333,.T.);
#212=FACE_OUTER_BOUND('',#334,.T.);
#213=FACE_OUTER_BOUND('',#335,.T.);
#214=FACE_OUTER_BOUND('',#336,.T.);
#215=FACE_OUTER_BOUND('',#337,.T.);
#216=FACE_OUTER_BOUND('',#338,.T.);
#217=FACE_OUTER_BOUND('',#339,.T.);
#218=FACE_OUTER_BOUND('',#344,.T.);
#219=FACE_OUTER_BOUND('',#353,.T.);
#220=FACE_OUTER_BOUND('',#354,.T.);
#221=FACE_OUTER_BOUND('',#355,.T.);
#222=FACE_OUTER_BOUND('',#356,.T.);
#223=FACE_OUTER_BOUND('',#357,.T.);
#224=FACE_OUTER_BOUND('',#358,.T.);
#225=FACE_OUTER_BOUND('',#359,.T.);
#226=FACE_OUTER_BOUND('',#360,.T.);
#227=FACE_OUTER_BOUND('',#361,.T.);
#228=FACE_OUTER_BOUND('',#362,.T.);
#229=FACE_OUTER_BOUND('',#363,.T.);
#230=FACE_OUTER_BOUND('',#364,.T.);
#231=FACE_OUTER_BOUND('',#365,.T.);
#232=FACE_OUTER_BOUND('',#366,.T.);
#233=FACE_OUTER_BOUND('',#367,.T.);
#234=FACE_OUTER_BOUND('',#368,.T.);
#235=FACE_OUTER_BOUND('',#369,.T.);
#236=FACE_OUTER_BOUND('',#370,.T.);
#237=FACE_OUTER_BOUND('',#371,.T.);
#238=FACE_OUTER_BOUND('',#372,.T.);
#239=FACE_OUTER_BOUND('',#373,.T.);
#240=FACE_OUTER_BOUND('',#374,.T.);
#241=FACE_OUTER_BOUND('',#375,.T.);
#242=FACE_OUTER_BOUND('',#376,.T.);
#243=FACE_OUTER_BOUND('',#377,.T.);
#244=FACE_OUTER_BOUND('',#378,.T.);
#245=FACE_OUTER_BOUND('',#379,.T.);
#246=FACE_OUTER_BOUND('',#380,.T.);
#247=FACE_OUTER_BOUND('',#381,.T.);
#248=FACE_OUTER_BOUND('',#382,.T.);
#249=FACE_OUTER_BOUND('',#383,.T.);
#250=FACE_OUTER_BOUND('',#384,.T.);
#251=FACE_OUTER_BOUND('',#385,.T.);
#252=FACE_OUTER_BOUND('',#386,.T.);
#253=FACE_OUTER_BOUND('',#387,.T.);
#254=FACE_OUTER_BOUND('',#388,.T.);
#255=FACE_OUTER_BOUND('',#389,.T.);
#256=FACE_OUTER_BOUND('',#390,.T.);
#257=FACE_OUTER_BOUND('',#391,.T.);
#258=FACE_OUTER_BOUND('',#392,.T.);
#259=FACE_OUTER_BOUND('',#393,.T.);
#260=FACE_OUTER_BOUND('',#394,.T.);
#261=FACE_OUTER_BOUND('',#395,.T.);
#262=FACE_OUTER_BOUND('',#396,.T.);
#263=FACE_OUTER_BOUND('',#397,.T.);
#264=EDGE_LOOP('',(#398,#399,#400,#401,#402,#403));
#265=EDGE_LOOP('',(#404,#405,#406,#407,#408,#409));
#266=EDGE_LOOP('',(#410,#411,#412,#413,#414,#415));
#267=EDGE_LOOP('',(#416,#417,#418,#419));
#268=EDGE_LOOP('',(#420,#421,#422,#423));
#269=EDGE_LOOP('',(#424,#425,#426,#427));
#270=EDGE_LOOP('',(#428,#429));
#271=EDGE_LOOP('',(#430,#431,#432,#433));
#272=EDGE_LOOP('',(#434,#435,#436,#437));
#273=EDGE_LOOP('',(#438,#439));
#274=EDGE_LOOP('',(#440,#441,#442,#443));
#275=EDGE_LOOP('',(#444,#445,#446,#447));
#276=EDGE_LOOP('',(#448,#449));
#277=EDGE_LOOP('',(#450,#451,#452,#453));
#278=EDGE_LOOP('',(#454,#455,#456,#457));
#279=EDGE_LOOP('',(#458,#459));
#280=EDGE_LOOP('',(#460,#461,#462,#463));
#281=EDGE_LOOP('',(#464,#465,#466,#467,#468,#469));
#282=EDGE_LOOP('',(#470,#471,#472,#473,#474,#475,#476,#477));
#283=EDGE_LOOP('',(#478,#479));
#284=EDGE_LOOP('',(#480,#481));
#285=EDGE_LOOP('',(#482,#483,#484,#485,#486,#487));
#286=EDGE_LOOP('',(#488,#489,#490,#491));
#287=EDGE_LOOP('',(#492,#493));
#288=EDGE_LOOP('',(#494,#495));
#289=EDGE_LOOP('',(#496,#497,#498,#499,#500));
#290=EDGE_LOOP('',(#501,#502,#503,#504));
#291=EDGE_LOOP('',(#505,#506));
#292=EDGE_LOOP('',(#507,#508,#509,#510,#511));
#293=EDGE_LOOP('',(#512,#513,#514,#515));
#294=EDGE_LOOP('',(#516,#517,#518,#519));
#295=EDGE_LOOP('',(#520,#521,#522,#523,#524));
#296=EDGE_LOOP('',(#525,#526,#527,#528));
#297=EDGE_LOOP('',(#529,#530,#531,#532,#533));
#298=EDGE_LOOP('',(#534,#535,#536,#537));
#299=EDGE_LOOP('',(#538,#539,#540,#541));
#300=EDGE_LOOP('',(#542,#543,#544,#545));
#301=EDGE_LOOP('',(#546,#547,#548,#549));
#302=EDGE_LOOP('',(#550,#551,#552,#553));
#303=EDGE_LOOP('',(#554,#555,#556,#557));
#304=EDGE_LOOP('',(#558,#559,#560,#561));
#305=EDGE_LOOP('',(#562,#563,#564,#565));
#306=EDGE_LOOP('',(#566,#567,#568,#569));
#307=EDGE_LOOP('',(#570,#571,#572,#573));
#308=EDGE_LOOP('',(#574,#575,#576,#577));
#309=EDGE_LOOP('',(#578,#579,#580,#581));
#310=EDGE_LOOP('',(#582,#583,#584,#585));
#311=EDGE_LOOP('',(#586,#587,#588,#589));
#312=EDGE_LOOP('',(#590,#591,#592,#593));
#313=EDGE_LOOP('',(#594,#595,#596,#597));
#314=EDGE_LOOP('',(#598,#599,#600,#601));
#315=EDGE_LOOP('',(#602,#603,#604,#605));
#316=EDGE_LOOP('',(#606,#607,#608,#609));
#317=EDGE_LOOP('',(#610,#611,#612,#613));
#318=EDGE_LOOP('',(#614,#615,#616,#617));
#319=EDGE_LOOP('',(#618,#619,#620,#621));
#320=EDGE_LOOP('',(#622,#623,#624,#625));
#321=EDGE_LOOP('',(#626,#627,#628,#629));
#322=EDGE_LOOP('',(#630,#631,#632,#633));
#323=EDGE_LOOP('',(#634,#635,#636,#637));
#324=EDGE_LOOP('',(#638,#639,#640,#641));
#325=EDGE_LOOP('',(#642,#643,#644,#645));
#326=EDGE_LOOP('',(#646,#647,#648,#649));
#327=EDGE_LOOP('',(#650,#651,#652,#653));
#328=EDGE_LOOP('',(#654,#655,#656,#657));
#329=EDGE_LOOP('',(#658,#659,#660,#661));
#330=EDGE_LOOP('',(#662,#663,#664,#665));
#331=EDGE_LOOP('',(#666,#667));
#332=EDGE_LOOP('',(#668,#669));
#333=EDGE_LOOP('',(#670,#671,#672,#673));
#334=EDGE_LOOP('',(#674,#675,#676,#677,#678,#679));
#335=EDGE_LOOP('',(#680,#681,#682));
#336=EDGE_LOOP('',(#683,#684,#685,#686,#687));
#337=EDGE_LOOP('',(#688,#689,#690,#691));
#338=EDGE_LOOP('',(#692,#693,#694,#695,#696));
#339=EDGE_LOOP('',(#697,#698,#699,#700,#701,#702,#703,#704));
#340=EDGE_LOOP('',(#705,#706,#707,#708,#709,#710,#711,#712,#713,#714,#715,
#716));
#341=EDGE_LOOP('',(#717,#718,#719,#720,#721,#722,#723,#724,#725,#726,#727,
#728));
#342=EDGE_LOOP('',(#729,#730,#731,#732,#733));
#343=EDGE_LOOP('',(#734,#735,#736,#737,#738,#739,#740,#741));
#344=EDGE_LOOP('',(#742,#743,#744,#745));
#345=EDGE_LOOP('',(#746,#747));
#346=EDGE_LOOP('',(#748,#749,#750,#751,#752,#753,#754));
#347=EDGE_LOOP('',(#755,#756,#757,#758,#759,#760,#761,#762,#763,#764,#765,
#766));
#348=EDGE_LOOP('',(#767,#768,#769,#770,#771,#772,#773,#774,#775,#776,#777,
#778));
#349=EDGE_LOOP('',(#779,#780));
#350=EDGE_LOOP('',(#781,#782));
#351=EDGE_LOOP('',(#783,#784));
#352=EDGE_LOOP('',(#785,#786));
#353=EDGE_LOOP('',(#787,#788,#789,#790));
#354=EDGE_LOOP('',(#791,#792,#793,#794));
#355=EDGE_LOOP('',(#795,#796,#797,#798));
#356=EDGE_LOOP('',(#799,#800,#801,#802));
#357=EDGE_LOOP('',(#803,#804));
#358=EDGE_LOOP('',(#805,#806,#807,#808));
#359=EDGE_LOOP('',(#809,#810));
#360=EDGE_LOOP('',(#811,#812,#813,#814));
#361=EDGE_LOOP('',(#815,#816));
#362=EDGE_LOOP('',(#817,#818,#819,#820));
#363=EDGE_LOOP('',(#821,#822));
#364=EDGE_LOOP('',(#823,#824,#825,#826));
#365=EDGE_LOOP('',(#827,#828,#829,#830));
#366=EDGE_LOOP('',(#831,#832,#833,#834));
#367=EDGE_LOOP('',(#835,#836,#837,#838));
#368=EDGE_LOOP('',(#839,#840,#841,#842));
#369=EDGE_LOOP('',(#843,#844,#845,#846));
#370=EDGE_LOOP('',(#847,#848,#849,#850));
#371=EDGE_LOOP('',(#851,#852,#853,#854));
#372=EDGE_LOOP('',(#855,#856,#857,#858));
#373=EDGE_LOOP('',(#859,#860,#861,#862));
#374=EDGE_LOOP('',(#863,#864,#865,#866));
#375=EDGE_LOOP('',(#867,#868,#869,#870));
#376=EDGE_LOOP('',(#871,#872,#873,#874));
#377=EDGE_LOOP('',(#875,#876,#877,#878));
#378=EDGE_LOOP('',(#879,#880,#881,#882,#883,#884,#885,#886,#887,#888));
#379=EDGE_LOOP('',(#889,#890,#891,#892));
#380=EDGE_LOOP('',(#893,#894,#895,#896));
#381=EDGE_LOOP('',(#897,#898,#899,#900));
#382=EDGE_LOOP('',(#901,#902,#903,#904));
#383=EDGE_LOOP('',(#905,#906,#907,#908));
#384=EDGE_LOOP('',(#909,#910,#911,#912));
#385=EDGE_LOOP('',(#913,#914,#915,#916));
#386=EDGE_LOOP('',(#917,#918,#919,#920));
#387=EDGE_LOOP('',(#921,#922,#923,#924));
#388=EDGE_LOOP('',(#925,#926,#927,#928,#929,#930));
#389=EDGE_LOOP('',(#931,#932,#933,#934,#935));
#390=EDGE_LOOP('',(#936,#937,#938,#939));
#391=EDGE_LOOP('',(#940,#941,#942,#943));
#392=EDGE_LOOP('',(#944,#945,#946,#947));
#393=EDGE_LOOP('',(#948,#949,#950,#951));
#394=EDGE_LOOP('',(#952,#953,#954,#955));
#395=EDGE_LOOP('',(#956,#957,#958,#959));
#396=EDGE_LOOP('',(#960,#961,#962,#963));
#397=EDGE_LOOP('',(#964,#965,#966,#967));
#398=ORIENTED_EDGE('',*,*,#969,.T.);
#399=ORIENTED_EDGE('',*,*,#970,.T.);
#400=ORIENTED_EDGE('',*,*,#971,.F.);
#401=ORIENTED_EDGE('',*,*,#972,.F.);
#402=ORIENTED_EDGE('',*,*,#981,.T.);
#403=ORIENTED_EDGE('',*,*,#1189,.T.);
#404=ORIENTED_EDGE('',*,*,#982,.T.);
#405=ORIENTED_EDGE('',*,*,#976,.T.);
#406=ORIENTED_EDGE('',*,*,#977,.F.);
#407=ORIENTED_EDGE('',*,*,#974,.F.);
#408=ORIENTED_EDGE('',*,*,#975,.T.);
#409=ORIENTED_EDGE('',*,*,#1190,.T.);
#410=ORIENTED_EDGE('',*,*,#978,.T.);
#411=ORIENTED_EDGE('',*,*,#972,.T.);
#412=ORIENTED_EDGE('',*,*,#1187,.F.);
#413=ORIENTED_EDGE('',*,*,#968,.F.);
#414=ORIENTED_EDGE('',*,*,#979,.F.);
#415=ORIENTED_EDGE('',*,*,#976,.F.);
#416=ORIENTED_EDGE('',*,*,#975,.F.);
#417=ORIENTED_EDGE('',*,*,#973,.F.);
#418=ORIENTED_EDGE('',*,*,#969,.F.);
#419=ORIENTED_EDGE('',*,*,#980,.F.);
#420=ORIENTED_EDGE('',*,*,#1188,.T.);
#421=ORIENTED_EDGE('',*,*,#981,.F.);
#422=ORIENTED_EDGE('',*,*,#978,.F.);
#423=ORIENTED_EDGE('',*,*,#982,.F.);
#424=ORIENTED_EDGE('',*,*,#983,.F.);
#425=ORIENTED_EDGE('',*,*,#984,.T.);
#426=ORIENTED_EDGE('',*,*,#985,.T.);
#427=ORIENTED_EDGE('',*,*,#1204,.F.);
#428=ORIENTED_EDGE('',*,*,#983,.T.);
#429=ORIENTED_EDGE('',*,*,#1205,.T.);
#430=ORIENTED_EDGE('',*,*,#985,.F.);
#431=ORIENTED_EDGE('',*,*,#986,.T.);
#432=ORIENTED_EDGE('',*,*,#1144,.T.);
#433=ORIENTED_EDGE('',*,*,#1207,.F.);
#434=ORIENTED_EDGE('',*,*,#987,.F.);
#435=ORIENTED_EDGE('',*,*,#988,.T.);
#436=ORIENTED_EDGE('',*,*,#989,.T.);
#437=ORIENTED_EDGE('',*,*,#1209,.F.);
#438=ORIENTED_EDGE('',*,*,#987,.T.);
#439=ORIENTED_EDGE('',*,*,#1210,.T.);
#440=ORIENTED_EDGE('',*,*,#989,.F.);
#441=ORIENTED_EDGE('',*,*,#990,.T.);
#442=ORIENTED_EDGE('',*,*,#1143,.T.);
#443=ORIENTED_EDGE('',*,*,#1212,.F.);
#444=ORIENTED_EDGE('',*,*,#991,.F.);
#445=ORIENTED_EDGE('',*,*,#992,.T.);
#446=ORIENTED_EDGE('',*,*,#993,.T.);
#447=ORIENTED_EDGE('',*,*,#1214,.F.);
#448=ORIENTED_EDGE('',*,*,#991,.T.);
#449=ORIENTED_EDGE('',*,*,#1215,.T.);
#450=ORIENTED_EDGE('',*,*,#993,.F.);
#451=ORIENTED_EDGE('',*,*,#994,.T.);
#452=ORIENTED_EDGE('',*,*,#1145,.T.);
#453=ORIENTED_EDGE('',*,*,#1217,.F.);
#454=ORIENTED_EDGE('',*,*,#995,.F.);
#455=ORIENTED_EDGE('',*,*,#996,.T.);
#456=ORIENTED_EDGE('',*,*,#997,.T.);
#457=ORIENTED_EDGE('',*,*,#1219,.F.);
#458=ORIENTED_EDGE('',*,*,#995,.T.);
#459=ORIENTED_EDGE('',*,*,#1220,.T.);
#460=ORIENTED_EDGE('',*,*,#997,.F.);
#461=ORIENTED_EDGE('',*,*,#998,.T.);
#462=ORIENTED_EDGE('',*,*,#1142,.T.);
#463=ORIENTED_EDGE('',*,*,#1222,.F.);
#464=ORIENTED_EDGE('',*,*,#1010,.T.);
#465=ORIENTED_EDGE('',*,*,#1002,.T.);
#466=ORIENTED_EDGE('',*,*,#999,.F.);
#467=ORIENTED_EDGE('',*,*,#1007,.T.);
#468=ORIENTED_EDGE('',*,*,#1001,.T.);
#469=ORIENTED_EDGE('',*,*,#1148,.T.);
#470=ORIENTED_EDGE('',*,*,#1152,.T.);
#471=ORIENTED_EDGE('',*,*,#1019,.T.);
#472=ORIENTED_EDGE('',*,*,#1018,.T.);
#473=ORIENTED_EDGE('',*,*,#1017,.T.);
#474=ORIENTED_EDGE('',*,*,#1155,.T.);
#475=ORIENTED_EDGE('',*,*,#999,.T.);
#476=ORIENTED_EDGE('',*,*,#1000,.T.);
#477=ORIENTED_EDGE('',*,*,#1008,.F.);
#478=ORIENTED_EDGE('',*,*,#1250,.F.);
#479=ORIENTED_EDGE('',*,*,#1173,.F.);
#480=ORIENTED_EDGE('',*,*,#1252,.F.);
#481=ORIENTED_EDGE('',*,*,#1176,.F.);
#482=ORIENTED_EDGE('',*,*,#1006,.T.);
#483=ORIENTED_EDGE('',*,*,#1020,.T.);
#484=ORIENTED_EDGE('',*,*,#1008,.T.);
#485=ORIENTED_EDGE('',*,*,#1004,.T.);
#486=ORIENTED_EDGE('',*,*,#1009,.F.);
#487=ORIENTED_EDGE('',*,*,#1005,.T.);
#488=ORIENTED_EDGE('',*,*,#1151,.T.);
#489=ORIENTED_EDGE('',*,*,#1009,.T.);
#490=ORIENTED_EDGE('',*,*,#1003,.T.);
#491=ORIENTED_EDGE('',*,*,#1010,.F.);
#492=ORIENTED_EDGE('',*,*,#1246,.F.);
#493=ORIENTED_EDGE('',*,*,#1162,.F.);
#494=ORIENTED_EDGE('',*,*,#1248,.F.);
#495=ORIENTED_EDGE('',*,*,#1170,.F.);
#496=ORIENTED_EDGE('',*,*,#1150,.F.);
#497=ORIENTED_EDGE('',*,*,#1017,.F.);
#498=ORIENTED_EDGE('',*,*,#1013,.F.);
#499=ORIENTED_EDGE('',*,*,#1012,.T.);
#500=ORIENTED_EDGE('',*,*,#1146,.T.);
#501=ORIENTED_EDGE('',*,*,#1014,.T.);
#502=ORIENTED_EDGE('',*,*,#1013,.T.);
#503=ORIENTED_EDGE('',*,*,#1018,.F.);
#504=ORIENTED_EDGE('',*,*,#1015,.F.);
#505=ORIENTED_EDGE('',*,*,#1064,.T.);
#506=ORIENTED_EDGE('',*,*,#1225,.T.);
#507=ORIENTED_EDGE('',*,*,#1149,.F.);
#508=ORIENTED_EDGE('',*,*,#1147,.F.);
#509=ORIENTED_EDGE('',*,*,#1016,.F.);
#510=ORIENTED_EDGE('',*,*,#1015,.T.);
#511=ORIENTED_EDGE('',*,*,#1019,.F.);
#512=ORIENTED_EDGE('',*,*,#1011,.F.);
#513=ORIENTED_EDGE('',*,*,#1012,.F.);
#514=ORIENTED_EDGE('',*,*,#1014,.F.);
#515=ORIENTED_EDGE('',*,*,#1016,.T.);
#516=ORIENTED_EDGE('',*,*,#1022,.F.);
#517=ORIENTED_EDGE('',*,*,#1021,.T.);
#518=ORIENTED_EDGE('',*,*,#1023,.T.);
#519=ORIENTED_EDGE('',*,*,#1082,.F.);
#520=ORIENTED_EDGE('',*,*,#1025,.F.);
#521=ORIENTED_EDGE('',*,*,#1029,.T.);
#522=ORIENTED_EDGE('',*,*,#1027,.T.);
#523=ORIENTED_EDGE('',*,*,#1022,.T.);
#524=ORIENTED_EDGE('',*,*,#1083,.F.);
#525=ORIENTED_EDGE('',*,*,#1026,.F.);
#526=ORIENTED_EDGE('',*,*,#1034,.T.);
#527=ORIENTED_EDGE('',*,*,#1025,.T.);
#528=ORIENTED_EDGE('',*,*,#1179,.F.);
#529=ORIENTED_EDGE('',*,*,#1028,.F.);
#530=ORIENTED_EDGE('',*,*,#1030,.T.);
#531=ORIENTED_EDGE('',*,*,#1024,.T.);
#532=ORIENTED_EDGE('',*,*,#1026,.T.);
#533=ORIENTED_EDGE('',*,*,#1084,.F.);
#534=ORIENTED_EDGE('',*,*,#1023,.F.);
#535=ORIENTED_EDGE('',*,*,#1031,.T.);
#536=ORIENTED_EDGE('',*,*,#1028,.T.);
#537=ORIENTED_EDGE('',*,*,#1085,.F.);
#538=ORIENTED_EDGE('',*,*,#1032,.T.);
#539=ORIENTED_EDGE('',*,*,#1111,.T.);
#540=ORIENTED_EDGE('',*,*,#1037,.T.);
#541=ORIENTED_EDGE('',*,*,#1021,.F.);
#542=ORIENTED_EDGE('',*,*,#1033,.F.);
#543=ORIENTED_EDGE('',*,*,#1137,.T.);
#544=ORIENTED_EDGE('',*,*,#1032,.F.);
#545=ORIENTED_EDGE('',*,*,#1027,.F.);
#546=ORIENTED_EDGE('',*,*,#1035,.F.);
#547=ORIENTED_EDGE('',*,*,#1135,.T.);
#548=ORIENTED_EDGE('',*,*,#1038,.T.);
#549=ORIENTED_EDGE('',*,*,#1034,.F.);
#550=ORIENTED_EDGE('',*,*,#1036,.F.);
#551=ORIENTED_EDGE('',*,*,#1134,.T.);
#552=ORIENTED_EDGE('',*,*,#1035,.T.);
#553=ORIENTED_EDGE('',*,*,#1024,.F.);
#554=ORIENTED_EDGE('',*,*,#1037,.F.);
#555=ORIENTED_EDGE('',*,*,#1132,.T.);
#556=ORIENTED_EDGE('',*,*,#1039,.T.);
#557=ORIENTED_EDGE('',*,*,#1031,.F.);
#558=ORIENTED_EDGE('',*,*,#1038,.F.);
#559=ORIENTED_EDGE('',*,*,#1136,.T.);
#560=ORIENTED_EDGE('',*,*,#1033,.T.);
#561=ORIENTED_EDGE('',*,*,#1029,.F.);
#562=ORIENTED_EDGE('',*,*,#1039,.F.);
#563=ORIENTED_EDGE('',*,*,#1133,.T.);
#564=ORIENTED_EDGE('',*,*,#1036,.T.);
#565=ORIENTED_EDGE('',*,*,#1030,.F.);
#566=ORIENTED_EDGE('',*,*,#1040,.F.);
#567=ORIENTED_EDGE('',*,*,#1112,.F.);
#568=ORIENTED_EDGE('',*,*,#1041,.T.);
#569=ORIENTED_EDGE('',*,*,#1086,.F.);
#570=ORIENTED_EDGE('',*,*,#1042,.F.);
#571=ORIENTED_EDGE('',*,*,#1122,.F.);
#572=ORIENTED_EDGE('',*,*,#1040,.T.);
#573=ORIENTED_EDGE('',*,*,#1087,.F.);
#574=ORIENTED_EDGE('',*,*,#1043,.F.);
#575=ORIENTED_EDGE('',*,*,#1121,.F.);
#576=ORIENTED_EDGE('',*,*,#1042,.T.);
#577=ORIENTED_EDGE('',*,*,#1088,.F.);
#578=ORIENTED_EDGE('',*,*,#1044,.F.);
#579=ORIENTED_EDGE('',*,*,#1120,.F.);
#580=ORIENTED_EDGE('',*,*,#1043,.T.);
#581=ORIENTED_EDGE('',*,*,#1089,.F.);
#582=ORIENTED_EDGE('',*,*,#1045,.F.);
#583=ORIENTED_EDGE('',*,*,#1138,.F.);
#584=ORIENTED_EDGE('',*,*,#1044,.T.);
#585=ORIENTED_EDGE('',*,*,#1090,.F.);
#586=ORIENTED_EDGE('',*,*,#1046,.F.);
#587=ORIENTED_EDGE('',*,*,#1139,.F.);
#588=ORIENTED_EDGE('',*,*,#1045,.T.);
#589=ORIENTED_EDGE('',*,*,#1091,.F.);
#590=ORIENTED_EDGE('',*,*,#1047,.F.);
#591=ORIENTED_EDGE('',*,*,#1119,.F.);
#592=ORIENTED_EDGE('',*,*,#1046,.T.);
#593=ORIENTED_EDGE('',*,*,#1092,.F.);
#594=ORIENTED_EDGE('',*,*,#1048,.F.);
#595=ORIENTED_EDGE('',*,*,#1118,.F.);
#596=ORIENTED_EDGE('',*,*,#1047,.T.);
#597=ORIENTED_EDGE('',*,*,#1093,.F.);
#598=ORIENTED_EDGE('',*,*,#1049,.F.);
#599=ORIENTED_EDGE('',*,*,#1117,.F.);
#600=ORIENTED_EDGE('',*,*,#1048,.T.);
#601=ORIENTED_EDGE('',*,*,#1094,.F.);
#602=ORIENTED_EDGE('',*,*,#1050,.F.);
#603=ORIENTED_EDGE('',*,*,#1116,.F.);
#604=ORIENTED_EDGE('',*,*,#1049,.T.);
#605=ORIENTED_EDGE('',*,*,#1095,.F.);
#606=ORIENTED_EDGE('',*,*,#1051,.F.);
#607=ORIENTED_EDGE('',*,*,#1115,.F.);
#608=ORIENTED_EDGE('',*,*,#1050,.T.);
#609=ORIENTED_EDGE('',*,*,#1096,.F.);
#610=ORIENTED_EDGE('',*,*,#1041,.F.);
#611=ORIENTED_EDGE('',*,*,#1114,.F.);
#612=ORIENTED_EDGE('',*,*,#1051,.T.);
#613=ORIENTED_EDGE('',*,*,#1097,.F.);
#614=ORIENTED_EDGE('',*,*,#1052,.F.);
#615=ORIENTED_EDGE('',*,*,#1113,.F.);
#616=ORIENTED_EDGE('',*,*,#1053,.T.);
#617=ORIENTED_EDGE('',*,*,#1098,.F.);
#618=ORIENTED_EDGE('',*,*,#1054,.F.);
#619=ORIENTED_EDGE('',*,*,#1131,.F.);
#620=ORIENTED_EDGE('',*,*,#1052,.T.);
#621=ORIENTED_EDGE('',*,*,#1099,.F.);
#622=ORIENTED_EDGE('',*,*,#1055,.F.);
#623=ORIENTED_EDGE('',*,*,#1130,.F.);
#624=ORIENTED_EDGE('',*,*,#1054,.T.);
#625=ORIENTED_EDGE('',*,*,#1100,.F.);
#626=ORIENTED_EDGE('',*,*,#1056,.F.);
#627=ORIENTED_EDGE('',*,*,#1129,.F.);
#628=ORIENTED_EDGE('',*,*,#1055,.T.);
#629=ORIENTED_EDGE('',*,*,#1101,.F.);
#630=ORIENTED_EDGE('',*,*,#1057,.F.);
#631=ORIENTED_EDGE('',*,*,#1140,.F.);
#632=ORIENTED_EDGE('',*,*,#1056,.T.);
#633=ORIENTED_EDGE('',*,*,#1102,.F.);
#634=ORIENTED_EDGE('',*,*,#1058,.F.);
#635=ORIENTED_EDGE('',*,*,#1141,.F.);
#636=ORIENTED_EDGE('',*,*,#1057,.T.);
#637=ORIENTED_EDGE('',*,*,#1103,.F.);
#638=ORIENTED_EDGE('',*,*,#1059,.F.);
#639=ORIENTED_EDGE('',*,*,#1128,.F.);
#640=ORIENTED_EDGE('',*,*,#1058,.T.);
#641=ORIENTED_EDGE('',*,*,#1104,.F.);
#642=ORIENTED_EDGE('',*,*,#1060,.F.);
#643=ORIENTED_EDGE('',*,*,#1127,.F.);
#644=ORIENTED_EDGE('',*,*,#1059,.T.);
#645=ORIENTED_EDGE('',*,*,#1105,.F.);
#646=ORIENTED_EDGE('',*,*,#1061,.F.);
#647=ORIENTED_EDGE('',*,*,#1126,.F.);
#648=ORIENTED_EDGE('',*,*,#1060,.T.);
#649=ORIENTED_EDGE('',*,*,#1106,.F.);
#650=ORIENTED_EDGE('',*,*,#1062,.F.);
#651=ORIENTED_EDGE('',*,*,#1125,.F.);
#652=ORIENTED_EDGE('',*,*,#1061,.T.);
#653=ORIENTED_EDGE('',*,*,#1107,.F.);
#654=ORIENTED_EDGE('',*,*,#1063,.F.);
#655=ORIENTED_EDGE('',*,*,#1124,.F.);
#656=ORIENTED_EDGE('',*,*,#1062,.T.);
#657=ORIENTED_EDGE('',*,*,#1108,.F.);
#658=ORIENTED_EDGE('',*,*,#1053,.F.);
#659=ORIENTED_EDGE('',*,*,#1123,.F.);
#660=ORIENTED_EDGE('',*,*,#1063,.T.);
#661=ORIENTED_EDGE('',*,*,#1109,.F.);
#662=ORIENTED_EDGE('',*,*,#1064,.F.);
#663=ORIENTED_EDGE('',*,*,#1065,.T.);
#664=ORIENTED_EDGE('',*,*,#1066,.T.);
#665=ORIENTED_EDGE('',*,*,#1224,.F.);
#666=ORIENTED_EDGE('',*,*,#1226,.F.);
#667=ORIENTED_EDGE('',*,*,#1066,.F.);
#668=ORIENTED_EDGE('',*,*,#1231,.F.);
#669=ORIENTED_EDGE('',*,*,#1067,.F.);
#670=ORIENTED_EDGE('',*,*,#1229,.T.);
#671=ORIENTED_EDGE('',*,*,#1068,.T.);
#672=ORIENTED_EDGE('',*,*,#1228,.F.);
#673=ORIENTED_EDGE('',*,*,#1227,.F.);
#674=ORIENTED_EDGE('',*,*,#1232,.T.);
#675=ORIENTED_EDGE('',*,*,#1074,.T.);
#676=ORIENTED_EDGE('',*,*,#1072,.T.);
#677=ORIENTED_EDGE('',*,*,#1077,.T.);
#678=ORIENTED_EDGE('',*,*,#1067,.T.);
#679=ORIENTED_EDGE('',*,*,#1230,.F.);
#680=ORIENTED_EDGE('',*,*,#1079,.F.);
#681=ORIENTED_EDGE('',*,*,#1078,.T.);
#682=ORIENTED_EDGE('',*,*,#1070,.F.);
#683=ORIENTED_EDGE('',*,*,#1076,.T.);
#684=ORIENTED_EDGE('',*,*,#1078,.F.);
#685=ORIENTED_EDGE('',*,*,#1075,.T.);
#686=ORIENTED_EDGE('',*,*,#1069,.T.);
#687=ORIENTED_EDGE('',*,*,#1228,.T.);
#688=ORIENTED_EDGE('',*,*,#1079,.T.);
#689=ORIENTED_EDGE('',*,*,#1071,.T.);
#690=ORIENTED_EDGE('',*,*,#1074,.F.);
#691=ORIENTED_EDGE('',*,*,#1075,.F.);
#692=ORIENTED_EDGE('',*,*,#1073,.F.);
#693=ORIENTED_EDGE('',*,*,#1072,.F.);
#694=ORIENTED_EDGE('',*,*,#1071,.F.);
#695=ORIENTED_EDGE('',*,*,#1070,.T.);
#696=ORIENTED_EDGE('',*,*,#1076,.F.);
#697=ORIENTED_EDGE('',*,*,#1146,.F.);
#698=ORIENTED_EDGE('',*,*,#1011,.T.);
#699=ORIENTED_EDGE('',*,*,#1147,.T.);
#700=ORIENTED_EDGE('',*,*,#1153,.F.);
#701=ORIENTED_EDGE('',*,*,#1006,.F.);
#702=ORIENTED_EDGE('',*,*,#1154,.F.);
#703=ORIENTED_EDGE('',*,*,#1001,.F.);
#704=ORIENTED_EDGE('',*,*,#1156,.F.);
#705=ORIENTED_EDGE('',*,*,#1086,.T.);
#706=ORIENTED_EDGE('',*,*,#1097,.T.);
#707=ORIENTED_EDGE('',*,*,#1096,.T.);
#708=ORIENTED_EDGE('',*,*,#1095,.T.);
#709=ORIENTED_EDGE('',*,*,#1094,.T.);
#710=ORIENTED_EDGE('',*,*,#1093,.T.);
#711=ORIENTED_EDGE('',*,*,#1092,.T.);
#712=ORIENTED_EDGE('',*,*,#1091,.T.);
#713=ORIENTED_EDGE('',*,*,#1090,.T.);
#714=ORIENTED_EDGE('',*,*,#1089,.T.);
#715=ORIENTED_EDGE('',*,*,#1088,.T.);
#716=ORIENTED_EDGE('',*,*,#1087,.T.);
#717=ORIENTED_EDGE('',*,*,#1098,.T.);
#718=ORIENTED_EDGE('',*,*,#1109,.T.);
#719=ORIENTED_EDGE('',*,*,#1108,.T.);
#720=ORIENTED_EDGE('',*,*,#1107,.T.);
#721=ORIENTED_EDGE('',*,*,#1106,.T.);
#722=ORIENTED_EDGE('',*,*,#1105,.T.);
#723=ORIENTED_EDGE('',*,*,#1104,.T.);
#724=ORIENTED_EDGE('',*,*,#1103,.T.);
#725=ORIENTED_EDGE('',*,*,#1102,.T.);
#726=ORIENTED_EDGE('',*,*,#1101,.T.);
#727=ORIENTED_EDGE('',*,*,#1100,.T.);
#728=ORIENTED_EDGE('',*,*,#1099,.T.);
#729=ORIENTED_EDGE('',*,*,#1181,.T.);
#730=ORIENTED_EDGE('',*,*,#1178,.T.);
#731=ORIENTED_EDGE('',*,*,#1081,.T.);
#732=ORIENTED_EDGE('',*,*,#1185,.T.);
#733=ORIENTED_EDGE('',*,*,#1183,.T.);
#734=ORIENTED_EDGE('',*,*,#1201,.T.);
#735=ORIENTED_EDGE('',*,*,#1203,.F.);
#736=ORIENTED_EDGE('',*,*,#970,.F.);
#737=ORIENTED_EDGE('',*,*,#973,.T.);
#738=ORIENTED_EDGE('',*,*,#974,.T.);
#739=ORIENTED_EDGE('',*,*,#1202,.F.);
#740=ORIENTED_EDGE('',*,*,#1199,.T.);
#741=ORIENTED_EDGE('',*,*,#1197,.T.);
#742=ORIENTED_EDGE('',*,*,#1003,.F.);
#743=ORIENTED_EDGE('',*,*,#1004,.F.);
#744=ORIENTED_EDGE('',*,*,#1000,.F.);
#745=ORIENTED_EDGE('',*,*,#1002,.F.);
#746=ORIENTED_EDGE('',*,*,#1229,.F.);
#747=ORIENTED_EDGE('',*,*,#1110,.F.);
#748=ORIENTED_EDGE('',*,*,#1137,.F.);
#749=ORIENTED_EDGE('',*,*,#1136,.F.);
#750=ORIENTED_EDGE('',*,*,#1135,.F.);
#751=ORIENTED_EDGE('',*,*,#1134,.F.);
#752=ORIENTED_EDGE('',*,*,#1133,.F.);
#753=ORIENTED_EDGE('',*,*,#1132,.F.);
#754=ORIENTED_EDGE('',*,*,#1111,.F.);
#755=ORIENTED_EDGE('',*,*,#1112,.T.);
#756=ORIENTED_EDGE('',*,*,#1122,.T.);
#757=ORIENTED_EDGE('',*,*,#1121,.T.);
#758=ORIENTED_EDGE('',*,*,#1120,.T.);
#759=ORIENTED_EDGE('',*,*,#1138,.T.);
#760=ORIENTED_EDGE('',*,*,#1139,.T.);
#761=ORIENTED_EDGE('',*,*,#1119,.T.);
#762=ORIENTED_EDGE('',*,*,#1118,.T.);
#763=ORIENTED_EDGE('',*,*,#1117,.T.);
#764=ORIENTED_EDGE('',*,*,#1116,.T.);
#765=ORIENTED_EDGE('',*,*,#1115,.T.);
#766=ORIENTED_EDGE('',*,*,#1114,.T.);
#767=ORIENTED_EDGE('',*,*,#1113,.T.);
#768=ORIENTED_EDGE('',*,*,#1131,.T.);
#769=ORIENTED_EDGE('',*,*,#1130,.T.);
#770=ORIENTED_EDGE('',*,*,#1129,.T.);
#771=ORIENTED_EDGE('',*,*,#1140,.T.);
#772=ORIENTED_EDGE('',*,*,#1141,.T.);
#773=ORIENTED_EDGE('',*,*,#1128,.T.);
#774=ORIENTED_EDGE('',*,*,#1127,.T.);
#775=ORIENTED_EDGE('',*,*,#1126,.T.);
#776=ORIENTED_EDGE('',*,*,#1125,.T.);
#777=ORIENTED_EDGE('',*,*,#1124,.T.);
#778=ORIENTED_EDGE('',*,*,#1123,.T.);
#779=ORIENTED_EDGE('',*,*,#1213,.F.);
#780=ORIENTED_EDGE('',*,*,#1143,.F.);
#781=ORIENTED_EDGE('',*,*,#1208,.F.);
#782=ORIENTED_EDGE('',*,*,#1144,.F.);
#783=ORIENTED_EDGE('',*,*,#1218,.F.);
#784=ORIENTED_EDGE('',*,*,#1145,.F.);
#785=ORIENTED_EDGE('',*,*,#1223,.F.);
#786=ORIENTED_EDGE('',*,*,#1142,.F.);
#787=ORIENTED_EDGE('',*,*,#1152,.F.);
#788=ORIENTED_EDGE('',*,*,#1020,.F.);
#789=ORIENTED_EDGE('',*,*,#1153,.T.);
#790=ORIENTED_EDGE('',*,*,#1149,.T.);
#791=ORIENTED_EDGE('',*,*,#1151,.F.);
#792=ORIENTED_EDGE('',*,*,#1148,.F.);
#793=ORIENTED_EDGE('',*,*,#1154,.T.);
#794=ORIENTED_EDGE('',*,*,#1005,.F.);
#795=ORIENTED_EDGE('',*,*,#1155,.F.);
#796=ORIENTED_EDGE('',*,*,#1150,.T.);
#797=ORIENTED_EDGE('',*,*,#1156,.T.);
#798=ORIENTED_EDGE('',*,*,#1007,.F.);
#799=ORIENTED_EDGE('',*,*,#1157,.F.);
#800=ORIENTED_EDGE('',*,*,#1158,.T.);
#801=ORIENTED_EDGE('',*,*,#1165,.T.);
#802=ORIENTED_EDGE('',*,*,#1233,.F.);
#803=ORIENTED_EDGE('',*,*,#1157,.T.);
#804=ORIENTED_EDGE('',*,*,#1234,.T.);
#805=ORIENTED_EDGE('',*,*,#1160,.F.);
#806=ORIENTED_EDGE('',*,*,#1161,.T.);
#807=ORIENTED_EDGE('',*,*,#1168,.T.);
#808=ORIENTED_EDGE('',*,*,#1236,.F.);
#809=ORIENTED_EDGE('',*,*,#1160,.T.);
#810=ORIENTED_EDGE('',*,*,#1237,.T.);
#811=ORIENTED_EDGE('',*,*,#1163,.F.);
#812=ORIENTED_EDGE('',*,*,#1164,.T.);
#813=ORIENTED_EDGE('',*,*,#1171,.T.);
#814=ORIENTED_EDGE('',*,*,#1239,.F.);
#815=ORIENTED_EDGE('',*,*,#1163,.T.);
#816=ORIENTED_EDGE('',*,*,#1240,.T.);
#817=ORIENTED_EDGE('',*,*,#1166,.F.);
#818=ORIENTED_EDGE('',*,*,#1167,.T.);
#819=ORIENTED_EDGE('',*,*,#1174,.T.);
#820=ORIENTED_EDGE('',*,*,#1242,.F.);
#821=ORIENTED_EDGE('',*,*,#1166,.T.);
#822=ORIENTED_EDGE('',*,*,#1243,.T.);
#823=ORIENTED_EDGE('',*,*,#1165,.F.);
#824=ORIENTED_EDGE('',*,*,#1159,.T.);
#825=ORIENTED_EDGE('',*,*,#1162,.T.);
#826=ORIENTED_EDGE('',*,*,#1245,.F.);
#827=ORIENTED_EDGE('',*,*,#1168,.F.);
#828=ORIENTED_EDGE('',*,*,#1169,.T.);
#829=ORIENTED_EDGE('',*,*,#1170,.T.);
#830=ORIENTED_EDGE('',*,*,#1247,.F.);
#831=ORIENTED_EDGE('',*,*,#1171,.F.);
#832=ORIENTED_EDGE('',*,*,#1172,.T.);
#833=ORIENTED_EDGE('',*,*,#1173,.T.);
#834=ORIENTED_EDGE('',*,*,#1249,.F.);
#835=ORIENTED_EDGE('',*,*,#1174,.F.);
#836=ORIENTED_EDGE('',*,*,#1175,.T.);
#837=ORIENTED_EDGE('',*,*,#1176,.T.);
#838=ORIENTED_EDGE('',*,*,#1251,.F.);
#839=ORIENTED_EDGE('',*,*,#1082,.T.);
#840=ORIENTED_EDGE('',*,*,#1186,.F.);
#841=ORIENTED_EDGE('',*,*,#1081,.F.);
#842=ORIENTED_EDGE('',*,*,#1177,.F.);
#843=ORIENTED_EDGE('',*,*,#1083,.T.);
#844=ORIENTED_EDGE('',*,*,#1177,.T.);
#845=ORIENTED_EDGE('',*,*,#1178,.F.);
#846=ORIENTED_EDGE('',*,*,#1180,.F.);
#847=ORIENTED_EDGE('',*,*,#1179,.T.);
#848=ORIENTED_EDGE('',*,*,#1180,.T.);
#849=ORIENTED_EDGE('',*,*,#1181,.F.);
#850=ORIENTED_EDGE('',*,*,#1182,.F.);
#851=ORIENTED_EDGE('',*,*,#1084,.T.);
#852=ORIENTED_EDGE('',*,*,#1182,.T.);
#853=ORIENTED_EDGE('',*,*,#1183,.F.);
#854=ORIENTED_EDGE('',*,*,#1184,.T.);
#855=ORIENTED_EDGE('',*,*,#1085,.T.);
#856=ORIENTED_EDGE('',*,*,#1184,.F.);
#857=ORIENTED_EDGE('',*,*,#1185,.F.);
#858=ORIENTED_EDGE('',*,*,#1186,.T.);
#859=ORIENTED_EDGE('',*,*,#980,.T.);
#860=ORIENTED_EDGE('',*,*,#1189,.F.);
#861=ORIENTED_EDGE('',*,*,#1188,.F.);
#862=ORIENTED_EDGE('',*,*,#1190,.F.);
#863=ORIENTED_EDGE('',*,*,#1194,.F.);
#864=ORIENTED_EDGE('',*,*,#1193,.F.);
#865=ORIENTED_EDGE('',*,*,#1192,.T.);
#866=ORIENTED_EDGE('',*,*,#1191,.F.);
#867=ORIENTED_EDGE('',*,*,#1194,.T.);
#868=ORIENTED_EDGE('',*,*,#1195,.T.);
#869=ORIENTED_EDGE('',*,*,#1197,.F.);
#870=ORIENTED_EDGE('',*,*,#1196,.F.);
#871=ORIENTED_EDGE('',*,*,#1193,.T.);
#872=ORIENTED_EDGE('',*,*,#1196,.T.);
#873=ORIENTED_EDGE('',*,*,#1199,.F.);
#874=ORIENTED_EDGE('',*,*,#1198,.F.);
#875=ORIENTED_EDGE('',*,*,#1191,.T.);
#876=ORIENTED_EDGE('',*,*,#1200,.T.);
#877=ORIENTED_EDGE('',*,*,#1201,.F.);
#878=ORIENTED_EDGE('',*,*,#1195,.F.);
#879=ORIENTED_EDGE('',*,*,#1200,.F.);
#880=ORIENTED_EDGE('',*,*,#1192,.F.);
#881=ORIENTED_EDGE('',*,*,#1198,.T.);
#882=ORIENTED_EDGE('',*,*,#1202,.T.);
#883=ORIENTED_EDGE('',*,*,#977,.T.);
#884=ORIENTED_EDGE('',*,*,#979,.T.);
#885=ORIENTED_EDGE('',*,*,#968,.T.);
#886=ORIENTED_EDGE('',*,*,#1187,.T.);
#887=ORIENTED_EDGE('',*,*,#971,.T.);
#888=ORIENTED_EDGE('',*,*,#1203,.T.);
#889=ORIENTED_EDGE('',*,*,#1204,.T.);
#890=ORIENTED_EDGE('',*,*,#1206,.T.);
#891=ORIENTED_EDGE('',*,*,#984,.F.);
#892=ORIENTED_EDGE('',*,*,#1205,.F.);
#893=ORIENTED_EDGE('',*,*,#1207,.T.);
#894=ORIENTED_EDGE('',*,*,#1208,.T.);
#895=ORIENTED_EDGE('',*,*,#986,.F.);
#896=ORIENTED_EDGE('',*,*,#1206,.F.);
#897=ORIENTED_EDGE('',*,*,#1209,.T.);
#898=ORIENTED_EDGE('',*,*,#1211,.T.);
#899=ORIENTED_EDGE('',*,*,#988,.F.);
#900=ORIENTED_EDGE('',*,*,#1210,.F.);
#901=ORIENTED_EDGE('',*,*,#1212,.T.);
#902=ORIENTED_EDGE('',*,*,#1213,.T.);
#903=ORIENTED_EDGE('',*,*,#990,.F.);
#904=ORIENTED_EDGE('',*,*,#1211,.F.);
#905=ORIENTED_EDGE('',*,*,#1214,.T.);
#906=ORIENTED_EDGE('',*,*,#1216,.T.);
#907=ORIENTED_EDGE('',*,*,#992,.F.);
#908=ORIENTED_EDGE('',*,*,#1215,.F.);
#909=ORIENTED_EDGE('',*,*,#1217,.T.);
#910=ORIENTED_EDGE('',*,*,#1218,.T.);
#911=ORIENTED_EDGE('',*,*,#994,.F.);
#912=ORIENTED_EDGE('',*,*,#1216,.F.);
#913=ORIENTED_EDGE('',*,*,#1219,.T.);
#914=ORIENTED_EDGE('',*,*,#1221,.T.);
#915=ORIENTED_EDGE('',*,*,#996,.F.);
#916=ORIENTED_EDGE('',*,*,#1220,.F.);
#917=ORIENTED_EDGE('',*,*,#1222,.T.);
#918=ORIENTED_EDGE('',*,*,#1223,.T.);
#919=ORIENTED_EDGE('',*,*,#998,.F.);
#920=ORIENTED_EDGE('',*,*,#1221,.F.);
#921=ORIENTED_EDGE('',*,*,#1224,.T.);
#922=ORIENTED_EDGE('',*,*,#1226,.T.);
#923=ORIENTED_EDGE('',*,*,#1065,.F.);
#924=ORIENTED_EDGE('',*,*,#1225,.F.);
#925=ORIENTED_EDGE('',*,*,#1227,.T.);
#926=ORIENTED_EDGE('',*,*,#1069,.F.);
#927=ORIENTED_EDGE('',*,*,#1232,.F.);
#928=ORIENTED_EDGE('',*,*,#1080,.F.);
#929=ORIENTED_EDGE('',*,*,#1068,.F.);
#930=ORIENTED_EDGE('',*,*,#1110,.T.);
#931=ORIENTED_EDGE('',*,*,#1230,.T.);
#932=ORIENTED_EDGE('',*,*,#1231,.T.);
#933=ORIENTED_EDGE('',*,*,#1077,.F.);
#934=ORIENTED_EDGE('',*,*,#1073,.T.);
#935=ORIENTED_EDGE('',*,*,#1080,.T.);
#936=ORIENTED_EDGE('',*,*,#1233,.T.);
#937=ORIENTED_EDGE('',*,*,#1235,.T.);
#938=ORIENTED_EDGE('',*,*,#1158,.F.);
#939=ORIENTED_EDGE('',*,*,#1234,.F.);
#940=ORIENTED_EDGE('',*,*,#1236,.T.);
#941=ORIENTED_EDGE('',*,*,#1238,.T.);
#942=ORIENTED_EDGE('',*,*,#1161,.F.);
#943=ORIENTED_EDGE('',*,*,#1237,.F.);
#944=ORIENTED_EDGE('',*,*,#1239,.T.);
#945=ORIENTED_EDGE('',*,*,#1241,.T.);
#946=ORIENTED_EDGE('',*,*,#1164,.F.);
#947=ORIENTED_EDGE('',*,*,#1240,.F.);
#948=ORIENTED_EDGE('',*,*,#1242,.T.);
#949=ORIENTED_EDGE('',*,*,#1244,.T.);
#950=ORIENTED_EDGE('',*,*,#1167,.F.);
#951=ORIENTED_EDGE('',*,*,#1243,.F.);
#952=ORIENTED_EDGE('',*,*,#1245,.T.);
#953=ORIENTED_EDGE('',*,*,#1246,.T.);
#954=ORIENTED_EDGE('',*,*,#1159,.F.);
#955=ORIENTED_EDGE('',*,*,#1235,.F.);
#956=ORIENTED_EDGE('',*,*,#1247,.T.);
#957=ORIENTED_EDGE('',*,*,#1248,.T.);
#958=ORIENTED_EDGE('',*,*,#1169,.F.);
#959=ORIENTED_EDGE('',*,*,#1238,.F.);
#960=ORIENTED_EDGE('',*,*,#1249,.T.);
#961=ORIENTED_EDGE('',*,*,#1250,.T.);
#962=ORIENTED_EDGE('',*,*,#1172,.F.);
#963=ORIENTED_EDGE('',*,*,#1241,.F.);
#964=ORIENTED_EDGE('',*,*,#1251,.T.);
#965=ORIENTED_EDGE('',*,*,#1252,.T.);
#966=ORIENTED_EDGE('',*,*,#1175,.F.);
#967=ORIENTED_EDGE('',*,*,#1244,.F.);
#968=EDGE_CURVE('',#1641,#1638,#1501,.T.);
#969=EDGE_CURVE('',#1781,#1644,#1502,.T.);
#970=EDGE_CURVE('',#1644,#1645,#1503,.T.);
#971=EDGE_CURVE('',#1646,#1645,#1504,.T.);
#972=EDGE_CURVE('',#1650,#1646,#1505,.T.);
#973=EDGE_CURVE('',#1644,#1647,#1506,.T.);
#974=EDGE_CURVE('',#1647,#1648,#1507,.T.);
#975=EDGE_CURVE('',#1647,#1782,#1508,.T.);
#976=EDGE_CURVE('',#1651,#1649,#1509,.T.);
#977=EDGE_CURVE('',#1648,#1649,#1510,.T.);
#978=EDGE_CURVE('',#1651,#1650,#1511,.T.);
#979=EDGE_CURVE('',#1649,#1641,#1512,.T.);
#980=EDGE_CURVE('',#1782,#1781,#1513,.T.);
#981=EDGE_CURVE('',#1650,#1783,#1514,.T.);
#982=EDGE_CURVE('',#1784,#1651,#1515,.T.);
#983=EDGE_CURVE('',#1652,#1789,#1301,.T.);
#984=EDGE_CURVE('',#1652,#1654,#1253,.T.);
#985=EDGE_CURVE('',#1654,#1790,#1302,.T.);
#986=EDGE_CURVE('',#1654,#1653,#1516,.T.);
#987=EDGE_CURVE('',#1655,#1792,#1303,.T.);
#988=EDGE_CURVE('',#1655,#1657,#1254,.T.);
#989=EDGE_CURVE('',#1657,#1793,#1304,.T.);
#990=EDGE_CURVE('',#1657,#1656,#1517,.T.);
#991=EDGE_CURVE('',#1658,#1795,#1305,.T.);
#992=EDGE_CURVE('',#1658,#1660,#1255,.T.);
#993=EDGE_CURVE('',#1660,#1796,#1306,.T.);
#994=EDGE_CURVE('',#1660,#1659,#1518,.T.);
#995=EDGE_CURVE('',#1661,#1798,#1307,.T.);
#996=EDGE_CURVE('',#1661,#1663,#1256,.T.);
#997=EDGE_CURVE('',#1663,#1799,#1308,.T.);
#998=EDGE_CURVE('',#1663,#1662,#1519,.T.);
#999=EDGE_CURVE('',#1747,#1664,#1257,.T.);
#1000=EDGE_CURVE('',#1664,#1667,#1309,.T.);
#1001=EDGE_CURVE('',#1749,#1748,#1258,.T.);
#1002=EDGE_CURVE('',#1665,#1664,#1259,.T.);
#1003=EDGE_CURVE('',#1666,#1665,#1310,.T.);
#1004=EDGE_CURVE('',#1667,#1666,#1260,.T.);
#1005=EDGE_CURVE('',#1753,#1751,#1520,.T.);
#1006=EDGE_CURVE('',#1751,#1750,#1261,.T.);
#1007=EDGE_CURVE('',#1747,#1749,#1521,.T.);
#1008=EDGE_CURVE('',#1752,#1667,#1262,.T.);
#1009=EDGE_CURVE('',#1753,#1666,#1263,.T.);
#1010=EDGE_CURVE('',#1754,#1665,#1264,.T.);
#1011=EDGE_CURVE('',#1669,#1668,#1522,.T.);
#1012=EDGE_CURVE('',#1670,#1669,#1523,.T.);
#1013=EDGE_CURVE('',#1670,#1672,#1524,.T.);
#1014=EDGE_CURVE('',#1671,#1670,#1525,.T.);
#1015=EDGE_CURVE('',#1671,#1673,#1526,.T.);
#1016=EDGE_CURVE('',#1671,#1668,#1527,.T.);
#1017=EDGE_CURVE('',#1672,#1755,#1528,.T.);
#1018=EDGE_CURVE('',#1673,#1672,#1311,.T.);
#1019=EDGE_CURVE('',#1756,#1673,#1529,.T.);
#1020=EDGE_CURVE('',#1750,#1752,#1530,.T.);
#1021=EDGE_CURVE('',#1682,#1683,#1312,.T.);
#1022=EDGE_CURVE('',#1682,#1771,#1531,.T.);
#1023=EDGE_CURVE('',#1683,#1772,#1532,.T.);
#1024=EDGE_CURVE('',#1687,#1686,#1533,.T.);
#1025=EDGE_CURVE('',#1685,#1773,#1534,.T.);
#1026=EDGE_CURVE('',#1686,#1774,#1535,.T.);
#1027=EDGE_CURVE('',#1684,#1682,#1536,.T.);
#1028=EDGE_CURVE('',#1688,#1775,#1537,.T.);
#1029=EDGE_CURVE('',#1685,#1684,#1538,.T.);
#1030=EDGE_CURVE('',#1688,#1687,#1539,.T.);
#1031=EDGE_CURVE('',#1683,#1688,#1313,.T.);
#1032=EDGE_CURVE('',#1682,#1676,#1540,.T.);
#1033=EDGE_CURVE('',#1675,#1684,#1541,.T.);
#1034=EDGE_CURVE('',#1686,#1685,#1314,.T.);
#1035=EDGE_CURVE('',#1680,#1686,#1542,.T.);
#1036=EDGE_CURVE('',#1681,#1687,#1543,.T.);
#1037=EDGE_CURVE('',#1677,#1683,#1544,.T.);
#1038=EDGE_CURVE('',#1679,#1685,#1545,.T.);
#1039=EDGE_CURVE('',#1678,#1688,#1546,.T.);
#1040=EDGE_CURVE('',#1690,#1723,#1547,.T.);
#1041=EDGE_CURVE('',#1689,#1724,#1548,.T.);
#1042=EDGE_CURVE('',#1691,#1725,#1549,.T.);
#1043=EDGE_CURVE('',#1692,#1726,#1550,.T.);
#1044=EDGE_CURVE('',#1693,#1727,#1551,.T.);
#1045=EDGE_CURVE('',#1694,#1728,#1552,.T.);
#1046=EDGE_CURVE('',#1695,#1729,#1553,.T.);
#1047=EDGE_CURVE('',#1696,#1730,#1554,.T.);
#1048=EDGE_CURVE('',#1697,#1731,#1555,.T.);
#1049=EDGE_CURVE('',#1698,#1732,#1556,.T.);
#1050=EDGE_CURVE('',#1699,#1733,#1557,.T.);
#1051=EDGE_CURVE('',#1700,#1734,#1558,.T.);
#1052=EDGE_CURVE('',#1702,#1735,#1559,.T.);
#1053=EDGE_CURVE('',#1701,#1736,#1560,.T.);
#1054=EDGE_CURVE('',#1703,#1737,#1561,.T.);
#1055=EDGE_CURVE('',#1704,#1738,#1562,.T.);
#1056=EDGE_CURVE('',#1705,#1739,#1563,.T.);
#1057=EDGE_CURVE('',#1706,#1740,#1564,.T.);
#1058=EDGE_CURVE('',#1707,#1741,#1565,.T.);
#1059=EDGE_CURVE('',#1708,#1742,#1566,.T.);
#1060=EDGE_CURVE('',#1709,#1743,#1567,.T.);
#1061=EDGE_CURVE('',#1710,#1744,#1568,.T.);
#1062=EDGE_CURVE('',#1711,#1745,#1569,.T.);
#1063=EDGE_CURVE('',#1712,#1746,#1570,.T.);
#1064=EDGE_CURVE('',#1674,#1801,#1315,.T.);
#1065=EDGE_CURVE('',#1674,#1713,#1265,.T.);
#1066=EDGE_CURVE('',#1713,#1802,#1316,.T.);
#1067=EDGE_CURVE('',#1714,#1806,#1317,.T.);
#1068=EDGE_CURVE('',#1715,#1716,#1266,.T.);
#1069=EDGE_CURVE('',#1717,#1804,#1267,.T.);
#1070=EDGE_CURVE('',#1720,#1721,#1318,.T.);
#1071=EDGE_CURVE('',#1720,#1718,#1571,.T.);
#1072=EDGE_CURVE('',#1718,#1719,#1319,.T.);
#1073=EDGE_CURVE('',#1719,#1716,#1320,.T.);
#1074=EDGE_CURVE('',#1717,#1718,#1321,.T.);
#1075=EDGE_CURVE('',#1722,#1717,#1268,.T.);
#1076=EDGE_CURVE('',#1716,#1721,#1572,.T.);
#1077=EDGE_CURVE('',#1719,#1714,#1269,.T.);
#1078=EDGE_CURVE('',#1722,#1721,#1270,.T.);
#1079=EDGE_CURVE('',#1722,#1720,#1322,.T.);
#1080=EDGE_CURVE('',#1716,#1805,#1323,.T.);
#1081=EDGE_CURVE('',#1780,#1778,#1324,.T.);
#1082=EDGE_CURVE('',#1771,#1772,#1325,.T.);
#1083=EDGE_CURVE('',#1773,#1771,#1573,.T.);
#1084=EDGE_CURVE('',#1775,#1774,#1574,.T.);
#1085=EDGE_CURVE('',#1772,#1775,#1326,.T.);
#1086=EDGE_CURVE('',#1723,#1724,#1327,.T.);
#1087=EDGE_CURVE('',#1725,#1723,#1328,.T.);
#1088=EDGE_CURVE('',#1726,#1725,#1575,.T.);
#1089=EDGE_CURVE('',#1727,#1726,#1576,.T.);
#1090=EDGE_CURVE('',#1728,#1727,#1329,.T.);
#1091=EDGE_CURVE('',#1729,#1728,#1577,.T.);
#1092=EDGE_CURVE('',#1730,#1729,#1578,.T.);
#1093=EDGE_CURVE('',#1731,#1730,#1330,.T.);
#1094=EDGE_CURVE('',#1732,#1731,#1331,.T.);
#1095=EDGE_CURVE('',#1733,#1732,#1332,.T.);
#1096=EDGE_CURVE('',#1734,#1733,#1333,.T.);
#1097=EDGE_CURVE('',#1724,#1734,#1334,.T.);
#1098=EDGE_CURVE('',#1735,#1736,#1335,.T.);
#1099=EDGE_CURVE('',#1737,#1735,#1336,.T.);
#1100=EDGE_CURVE('',#1738,#1737,#1579,.T.);
#1101=EDGE_CURVE('',#1739,#1738,#1580,.T.);
#1102=EDGE_CURVE('',#1740,#1739,#1337,.T.);
#1103=EDGE_CURVE('',#1741,#1740,#1581,.T.);
#1104=EDGE_CURVE('',#1742,#1741,#1582,.T.);
#1105=EDGE_CURVE('',#1743,#1742,#1338,.T.);
#1106=EDGE_CURVE('',#1744,#1743,#1339,.T.);
#1107=EDGE_CURVE('',#1745,#1744,#1340,.T.);
#1108=EDGE_CURVE('',#1746,#1745,#1341,.T.);
#1109=EDGE_CURVE('',#1736,#1746,#1342,.T.);
#1110=EDGE_CURVE('',#1715,#1803,#1271,.T.);
#1111=EDGE_CURVE('',#1676,#1677,#1343,.T.);
#1112=EDGE_CURVE('',#1689,#1690,#1344,.T.);
#1113=EDGE_CURVE('',#1701,#1702,#1345,.T.);
#1114=EDGE_CURVE('',#1700,#1689,#1346,.T.);
#1115=EDGE_CURVE('',#1699,#1700,#1347,.T.);
#1116=EDGE_CURVE('',#1698,#1699,#1348,.T.);
#1117=EDGE_CURVE('',#1697,#1698,#1349,.T.);
#1118=EDGE_CURVE('',#1696,#1697,#1350,.T.);
#1119=EDGE_CURVE('',#1695,#1696,#1272,.T.);
#1120=EDGE_CURVE('',#1692,#1693,#1273,.T.);
#1121=EDGE_CURVE('',#1691,#1692,#1274,.T.);
#1122=EDGE_CURVE('',#1690,#1691,#1351,.T.);
#1123=EDGE_CURVE('',#1712,#1701,#1352,.T.);
#1124=EDGE_CURVE('',#1711,#1712,#1353,.T.);
#1125=EDGE_CURVE('',#1710,#1711,#1354,.T.);
#1126=EDGE_CURVE('',#1709,#1710,#1355,.T.);
#1127=EDGE_CURVE('',#1708,#1709,#1356,.T.);
#1128=EDGE_CURVE('',#1707,#1708,#1275,.T.);
#1129=EDGE_CURVE('',#1704,#1705,#1276,.T.);
#1130=EDGE_CURVE('',#1703,#1704,#1277,.T.);
#1131=EDGE_CURVE('',#1702,#1703,#1357,.T.);
#1132=EDGE_CURVE('',#1677,#1678,#1358,.T.);
#1133=EDGE_CURVE('',#1678,#1681,#1278,.T.);
#1134=EDGE_CURVE('',#1681,#1680,#1279,.T.);
#1135=EDGE_CURVE('',#1680,#1679,#1359,.T.);
#1136=EDGE_CURVE('',#1679,#1675,#1280,.T.);
#1137=EDGE_CURVE('',#1675,#1676,#1281,.T.);
#1138=EDGE_CURVE('',#1693,#1694,#1360,.T.);
#1139=EDGE_CURVE('',#1694,#1695,#1282,.T.);
#1140=EDGE_CURVE('',#1705,#1706,#1361,.T.);
#1141=EDGE_CURVE('',#1706,#1707,#1283,.T.);
#1142=EDGE_CURVE('',#1662,#1800,#1362,.T.);
#1143=EDGE_CURVE('',#1656,#1794,#1363,.T.);
#1144=EDGE_CURVE('',#1653,#1791,#1364,.T.);
#1145=EDGE_CURVE('',#1659,#1797,#1365,.T.);
#1146=EDGE_CURVE('',#1669,#1757,#1583,.T.);
#1147=EDGE_CURVE('',#1668,#1758,#1584,.T.);
#1148=EDGE_CURVE('',#1748,#1754,#1585,.T.);
#1149=EDGE_CURVE('',#1758,#1756,#1586,.T.);
#1150=EDGE_CURVE('',#1755,#1757,#1587,.T.);
#1151=EDGE_CURVE('',#1754,#1753,#1366,.T.);
#1152=EDGE_CURVE('',#1752,#1756,#1367,.T.);
#1153=EDGE_CURVE('',#1750,#1758,#1368,.T.);
#1154=EDGE_CURVE('',#1748,#1751,#1369,.T.);
#1155=EDGE_CURVE('',#1755,#1747,#1370,.T.);
#1156=EDGE_CURVE('',#1757,#1749,#1371,.T.);
#1157=EDGE_CURVE('',#1759,#1807,#1372,.T.);
#1158=EDGE_CURVE('',#1759,#1767,#1284,.T.);
#1159=EDGE_CURVE('',#1767,#1766,#1588,.T.);
#1160=EDGE_CURVE('',#1760,#1809,#1373,.T.);
#1161=EDGE_CURVE('',#1760,#1768,#1285,.T.);
#1162=EDGE_CURVE('',#1766,#1815,#1589,.T.);
#1163=EDGE_CURVE('',#1761,#1811,#1374,.T.);
#1164=EDGE_CURVE('',#1761,#1769,#1286,.T.);
#1165=EDGE_CURVE('',#1767,#1808,#1590,.T.);
#1166=EDGE_CURVE('',#1762,#1813,#1375,.T.);
#1167=EDGE_CURVE('',#1762,#1770,#1287,.T.);
#1168=EDGE_CURVE('',#1768,#1810,#1591,.T.);
#1169=EDGE_CURVE('',#1768,#1765,#1592,.T.);
#1170=EDGE_CURVE('',#1765,#1816,#1593,.T.);
#1171=EDGE_CURVE('',#1769,#1812,#1594,.T.);
#1172=EDGE_CURVE('',#1769,#1764,#1595,.T.);
#1173=EDGE_CURVE('',#1764,#1817,#1596,.T.);
#1174=EDGE_CURVE('',#1770,#1814,#1597,.T.);
#1175=EDGE_CURVE('',#1770,#1763,#1598,.T.);
#1176=EDGE_CURVE('',#1763,#1818,#1599,.T.);
#1177=EDGE_CURVE('',#1771,#1780,#1600,.T.);
#1178=EDGE_CURVE('',#1777,#1780,#1601,.T.);
#1179=EDGE_CURVE('',#1774,#1773,#1376,.T.);
#1180=EDGE_CURVE('',#1773,#1777,#1602,.T.);
#1181=EDGE_CURVE('',#1776,#1777,#1377,.T.);
#1182=EDGE_CURVE('',#1774,#1776,#1603,.T.);
#1183=EDGE_CURVE('',#1779,#1776,#1604,.T.);
#1184=EDGE_CURVE('',#1779,#1775,#1605,.T.);
#1185=EDGE_CURVE('',#1778,#1779,#1378,.T.);
#1186=EDGE_CURVE('',#1778,#1772,#1606,.T.);
#1187=EDGE_CURVE('',#1638,#1646,#1607,.T.);
#1188=EDGE_CURVE('',#1784,#1783,#1608,.T.);
#1189=EDGE_CURVE('',#1783,#1781,#1379,.T.);
#1190=EDGE_CURVE('',#1782,#1784,#1380,.T.);
#1191=EDGE_CURVE('',#1785,#1786,#1609,.T.);
#1192=EDGE_CURVE('',#1787,#1786,#1610,.T.);
#1193=EDGE_CURVE('',#1787,#1788,#1611,.T.);
#1194=EDGE_CURVE('',#1788,#1785,#1612,.T.);
#1195=EDGE_CURVE('',#1785,#1640,#1613,.T.);
#1196=EDGE_CURVE('',#1788,#1643,#1614,.T.);
#1197=EDGE_CURVE('',#1643,#1640,#1615,.T.);
#1198=EDGE_CURVE('',#1787,#1642,#1616,.T.);
#1199=EDGE_CURVE('',#1642,#1643,#1617,.T.);
#1200=EDGE_CURVE('',#1786,#1639,#1618,.T.);
#1201=EDGE_CURVE('',#1640,#1639,#1619,.T.);
#1202=EDGE_CURVE('',#1642,#1648,#1620,.T.);
#1203=EDGE_CURVE('',#1645,#1639,#1621,.T.);
#1204=EDGE_CURVE('',#1789,#1790,#1288,.T.);
#1205=EDGE_CURVE('',#1789,#1652,#1381,.T.);
#1206=EDGE_CURVE('',#1790,#1654,#1382,.T.);
#1207=EDGE_CURVE('',#1790,#1791,#1622,.T.);
#1208=EDGE_CURVE('',#1791,#1653,#1383,.T.);
#1209=EDGE_CURVE('',#1792,#1793,#1289,.T.);
#1210=EDGE_CURVE('',#1792,#1655,#1384,.T.);
#1211=EDGE_CURVE('',#1793,#1657,#1385,.T.);
#1212=EDGE_CURVE('',#1793,#1794,#1623,.T.);
#1213=EDGE_CURVE('',#1794,#1656,#1386,.T.);
#1214=EDGE_CURVE('',#1795,#1796,#1290,.T.);
#1215=EDGE_CURVE('',#1795,#1658,#1387,.T.);
#1216=EDGE_CURVE('',#1796,#1660,#1388,.T.);
#1217=EDGE_CURVE('',#1796,#1797,#1624,.T.);
#1218=EDGE_CURVE('',#1797,#1659,#1389,.T.);
#1219=EDGE_CURVE('',#1798,#1799,#1291,.T.);
#1220=EDGE_CURVE('',#1798,#1661,#1390,.T.);
#1221=EDGE_CURVE('',#1799,#1663,#1391,.T.);
#1222=EDGE_CURVE('',#1799,#1800,#1625,.T.);
#1223=EDGE_CURVE('',#1800,#1662,#1392,.T.);
#1224=EDGE_CURVE('',#1801,#1802,#1292,.T.);
#1225=EDGE_CURVE('',#1801,#1674,#1393,.T.);
#1226=EDGE_CURVE('',#1802,#1713,#1394,.T.);
#1227=EDGE_CURVE('',#1803,#1804,#1293,.T.);
#1228=EDGE_CURVE('',#1804,#1716,#1294,.T.);
#1229=EDGE_CURVE('',#1803,#1715,#1295,.T.);
#1230=EDGE_CURVE('',#1805,#1806,#1296,.T.);
#1231=EDGE_CURVE('',#1806,#1714,#1395,.T.);
#1232=EDGE_CURVE('',#1805,#1717,#1396,.T.);
#1233=EDGE_CURVE('',#1807,#1808,#1297,.T.);
#1234=EDGE_CURVE('',#1807,#1759,#1397,.T.);
#1235=EDGE_CURVE('',#1808,#1767,#1626,.T.);
#1236=EDGE_CURVE('',#1809,#1810,#1298,.T.);
#1237=EDGE_CURVE('',#1809,#1760,#1398,.T.);
#1238=EDGE_CURVE('',#1810,#1768,#1627,.T.);
#1239=EDGE_CURVE('',#1811,#1812,#1299,.T.);
#1240=EDGE_CURVE('',#1811,#1761,#1399,.T.);
#1241=EDGE_CURVE('',#1812,#1769,#1628,.T.);
#1242=EDGE_CURVE('',#1813,#1814,#1300,.T.);
#1243=EDGE_CURVE('',#1813,#1762,#1400,.T.);
#1244=EDGE_CURVE('',#1814,#1770,#1629,.T.);
#1245=EDGE_CURVE('',#1808,#1815,#1630,.T.);
#1246=EDGE_CURVE('',#1815,#1766,#1631,.T.);
#1247=EDGE_CURVE('',#1810,#1816,#1632,.T.);
#1248=EDGE_CURVE('',#1816,#1765,#1633,.T.);
#1249=EDGE_CURVE('',#1812,#1817,#1634,.T.);
#1250=EDGE_CURVE('',#1817,#1764,#1635,.T.);
#1251=EDGE_CURVE('',#1814,#1818,#1636,.T.);
#1252=EDGE_CURVE('',#1818,#1763,#1637,.T.);
#1253=(
BOUNDED_CURVE()
B_SPLINE_CURVE(1,(#3231,#3232),.UNSPECIFIED.,.F.,.F.)
B_SPLINE_CURVE_WITH_KNOTS((2,2),(0.,15.5),.UNSPECIFIED.)
CURVE()
GEOMETRIC_REPRESENTATION_ITEM()
RATIONAL_B_SPLINE_CURVE((1.,1.))
REPRESENTATION_ITEM('')
);
#1254=(
BOUNDED_CURVE()
B_SPLINE_CURVE(1,(#3241,#3242),.UNSPECIFIED.,.F.,.F.)
B_SPLINE_CURVE_WITH_KNOTS((2,2),(0.,15.5),.UNSPECIFIED.)
CURVE()
GEOMETRIC_REPRESENTATION_ITEM()
RATIONAL_B_SPLINE_CURVE((1.,1.))
REPRESENTATION_ITEM('')
);
#1255=(
BOUNDED_CURVE()
B_SPLINE_CURVE(1,(#3251,#3252),.UNSPECIFIED.,.F.,.F.)
B_SPLINE_CURVE_WITH_KNOTS((2,2),(0.,15.5),.UNSPECIFIED.)
CURVE()
GEOMETRIC_REPRESENTATION_ITEM()
RATIONAL_B_SPLINE_CURVE((1.,1.))
REPRESENTATION_ITEM('')
);
#1256=(
BOUNDED_CURVE()
B_SPLINE_CURVE(1,(#3261,#3262),.UNSPECIFIED.,.F.,.F.)
B_SPLINE_CURVE_WITH_KNOTS((2,2),(0.,15.5),.UNSPECIFIED.)
CURVE()
GEOMETRIC_REPRESENTATION_ITEM()
RATIONAL_B_SPLINE_CURVE((1.,1.))
REPRESENTATION_ITEM('')
);
#1257=(
BOUNDED_CURVE()
B_SPLINE_CURVE(3,(#3268,#3269,#3270,#3271),.UNSPECIFIED.,.F.,.F.)
B_SPLINE_CURVE_WITH_KNOTS((4,4),(0.999999999999933,20.0000000000001),
 .UNSPECIFIED.)
CURVE()
GEOMETRIC_REPRESENTATION_ITEM()
RATIONAL_B_SPLINE_CURVE((1.,1.,1.,1.))
REPRESENTATION_ITEM('')
);
#1258=(
BOUNDED_CURVE()
B_SPLINE_CURVE(2,(#3275,#3276,#3277,#3278,#3279,#3280,#3281),
 .UNSPECIFIED.,.F.,.F.)
B_SPLINE_CURVE_WITH_KNOTS((3,2,2,3),(1.65678339796319,2.47606866638926,
4.22158934441217,5.04087461283719),.UNSPECIFIED.)
CURVE()
GEOMETRIC_REPRESENTATION_ITEM()
RATIONAL_B_SPLINE_CURVE((1.,1.,1.,0.70710678118654,1.,1.,1.))
REPRESENTATION_ITEM('')
);
#1259=(
BOUNDED_CURVE()
B_SPLINE_CURVE(2,(#3282,#3283,#3284,#3285,#3286,#3287,#3288),
 .UNSPECIFIED.,.F.,.F.)
B_SPLINE_CURVE_WITH_KNOTS((3,2,2,3),(-6.69765801080143,-4.22158934441217,
-2.47606866638926,0.),.UNSPECIFIED.)
CURVE()
GEOMETRIC_REPRESENTATION_ITEM()
RATIONAL_B_SPLINE_CURVE((1.,1.,1.,0.70710678118654,1.,1.,1.))
REPRESENTATION_ITEM('')
);
#1260=(
BOUNDED_CURVE()
B_SPLINE_CURVE(2,(#3292,#3293,#3294,#3295,#3296,#3297,#3298),
 .UNSPECIFIED.,.F.,.F.)
B_SPLINE_CURVE_WITH_KNOTS((3,2,2,3),(-125.28698346696,-122.810914800571,
-121.065394122548,-118.589325456158),.UNSPECIFIED.)
CURVE()
GEOMETRIC_REPRESENTATION_ITEM()
RATIONAL_B_SPLINE_CURVE((1.,1.,1.,0.70710678118654,1.,1.,1.))
REPRESENTATION_ITEM('')
);
#1261=(
BOUNDED_CURVE()
B_SPLINE_CURVE(2,(#3319,#3320,#3321,#3322,#3323,#3324,#3325),
 .UNSPECIFIED.,.F.,.F.)
B_SPLINE_CURVE_WITH_KNOTS((3,2,2,3),(120.246108854123,121.065394122548,
122.810914800571,123.63020006913),.UNSPECIFIED.)
CURVE()
GEOMETRIC_REPRESENTATION_ITEM()
RATIONAL_B_SPLINE_CURVE((1.,1.,1.,0.70710678118654,1.,1.,1.))
REPRESENTATION_ITEM('')
);
#1262=(
BOUNDED_CURVE()
B_SPLINE_CURVE(3,(#3346,#3347,#3348,#3349),.UNSPECIFIED.,.F.,.F.)
B_SPLINE_CURVE_WITH_KNOTS((4,4),(0.999999999999889,20.0000000000001),
 .UNSPECIFIED.)
CURVE()
GEOMETRIC_REPRESENTATION_ITEM()
RATIONAL_B_SPLINE_CURVE((1.,1.,1.,1.))
REPRESENTATION_ITEM('')
);
#1263=(
BOUNDED_CURVE()
B_SPLINE_CURVE(3,(#3350,#3351,#3352,#3353),.UNSPECIFIED.,.F.,.F.)
B_SPLINE_CURVE_WITH_KNOTS((4,4),(0.999999999999858,20.0000000000001),
 .UNSPECIFIED.)
CURVE()
GEOMETRIC_REPRESENTATION_ITEM()
RATIONAL_B_SPLINE_CURVE((1.,1.,1.,1.))
REPRESENTATION_ITEM('')
);
#1264=(
BOUNDED_CURVE()
B_SPLINE_CURVE(3,(#3354,#3355,#3356,#3357),.UNSPECIFIED.,.F.,.F.)
B_SPLINE_CURVE_WITH_KNOTS((4,4),(0.999999999999946,20.0000000000001),
 .UNSPECIFIED.)
CURVE()
GEOMETRIC_REPRESENTATION_ITEM()
RATIONAL_B_SPLINE_CURVE((1.,1.,1.,1.))
REPRESENTATION_ITEM('')
);
#1265=(
BOUNDED_CURVE()
B_SPLINE_CURVE(1,(#3491,#3492),.UNSPECIFIED.,.F.,.F.)
B_SPLINE_CURVE_WITH_KNOTS((2,2),(0.,8.5),.UNSPECIFIED.)
CURVE()
GEOMETRIC_REPRESENTATION_ITEM()
RATIONAL_B_SPLINE_CURVE((1.,1.))
REPRESENTATION_ITEM('')
);
#1266=(
BOUNDED_CURVE()
B_SPLINE_CURVE(1,(#3499,#3500),.UNSPECIFIED.,.F.,.F.)
B_SPLINE_CURVE_WITH_KNOTS((2,2),(0.866025403784437,1.73205080756887),
 .UNSPECIFIED.)
CURVE()
GEOMETRIC_REPRESENTATION_ITEM()
RATIONAL_B_SPLINE_CURVE((1.,1.))
REPRESENTATION_ITEM('')
);
#1267=(
BOUNDED_CURVE()
B_SPLINE_CURVE(2,(#3501,#3502,#3503),.UNSPECIFIED.,.F.,.F.)
B_SPLINE_CURVE_WITH_KNOTS((3,3),(15.2646610339241,22.5347310344284),
 .UNSPECIFIED.)
CURVE()
GEOMETRIC_REPRESENTATION_ITEM()
RATIONAL_B_SPLINE_CURVE((1.,1.,1.))
REPRESENTATION_ITEM('')
);
#1268=(
BOUNDED_CURVE()
B_SPLINE_CURVE(3,(#3518,#3519,#3520,#3521,#3522,#3523,#3524,#3525,#3526,
#3527),.UNSPECIFIED.,.F.,.F.)
B_SPLINE_CURVE_WITH_KNOTS((4,2,2,2,4),(0.,0.700377323924672,1.40109673948946,
2.10268674522324,2.80452492330914),.UNSPECIFIED.)
CURVE()
GEOMETRIC_REPRESENTATION_ITEM()
RATIONAL_B_SPLINE_CURVE((1.,1.,1.,1.,1.,1.,1.,1.,1.,1.))
REPRESENTATION_ITEM('')
);
#1269=(
BOUNDED_CURVE()
B_SPLINE_CURVE(1,(#3538,#3539),.UNSPECIFIED.,.F.,.F.)
B_SPLINE_CURVE_WITH_KNOTS((2,2),(0.5,2.),.UNSPECIFIED.)
CURVE()
GEOMETRIC_REPRESENTATION_ITEM()
RATIONAL_B_SPLINE_CURVE((1.,1.))
REPRESENTATION_ITEM('')
);
#1270=(
BOUNDED_CURVE()
B_SPLINE_CURVE(2,(#3540,#3541,#3542,#3543,#3544,#3545,#3546,#3547,#3548),
 .UNSPECIFIED.,.F.,.F.)
B_SPLINE_CURVE_WITH_KNOTS((3,2,2,2,3),(18.444530657781,22.5347310344284,
30.1670615513905,37.7993920683526,41.8895924450076),.UNSPECIFIED.)
CURVE()
GEOMETRIC_REPRESENTATION_ITEM()
RATIONAL_B_SPLINE_CURVE((1.,1.,1.,0.707106781186548,1.,0.707106781186548,
1.,1.,1.))
REPRESENTATION_ITEM('')
);
#1271=(
BOUNDED_CURVE()
B_SPLINE_CURVE(2,(#3632,#3633,#3634,#3635,#3636,#3637,#3638),
 .UNSPECIFIED.,.F.,.F.)
B_SPLINE_CURVE_WITH_KNOTS((3,2,2,3),(5.65472390841512,11.3094478168302,
16.9641717252454,24.2342417257497),.UNSPECIFIED.)
CURVE()
GEOMETRIC_REPRESENTATION_ITEM()
RATIONAL_B_SPLINE_CURVE((1.,0.707106781186546,1.,0.707106781186546,1.,1.,
1.))
REPRESENTATION_ITEM('')
);
#1272=(
BOUNDED_CURVE()
B_SPLINE_CURVE(2,(#3663,#3664,#3665),.UNSPECIFIED.,.F.,.F.)
B_SPLINE_CURVE_WITH_KNOTS((3,3),(25.5465648916931,25.8115121465479),
 .UNSPECIFIED.)
CURVE()
GEOMETRIC_REPRESENTATION_ITEM()
RATIONAL_B_SPLINE_CURVE((1.,1.,1.))
REPRESENTATION_ITEM('')
);
#1273=(
BOUNDED_CURVE()
B_SPLINE_CURVE(2,(#3666,#3667,#3668),.UNSPECIFIED.,.F.,.F.)
B_SPLINE_CURVE_WITH_KNOTS((3,3),(14.0431410514741,14.3523145226742),
 .UNSPECIFIED.)
CURVE()
GEOMETRIC_REPRESENTATION_ITEM()
RATIONAL_B_SPLINE_CURVE((1.,1.,1.))
REPRESENTATION_ITEM('')
);
#1274=(
BOUNDED_CURVE()
B_SPLINE_CURVE(2,(#3669,#3670,#3671),.UNSPECIFIED.,.F.,.F.)
B_SPLINE_CURVE_WITH_KNOTS((3,3),(13.4690203254191,14.0431410514741),
 .UNSPECIFIED.)
CURVE()
GEOMETRIC_REPRESENTATION_ITEM()
RATIONAL_B_SPLINE_CURVE((1.,1.,1.))
REPRESENTATION_ITEM('')
);
#1275=(
BOUNDED_CURVE()
B_SPLINE_CURVE(2,(#3690,#3691,#3692),.UNSPECIFIED.,.F.,.F.)
B_SPLINE_CURVE_WITH_KNOTS((3,3),(25.5465648916931,25.8115121465479),
 .UNSPECIFIED.)
CURVE()
GEOMETRIC_REPRESENTATION_ITEM()
RATIONAL_B_SPLINE_CURVE((1.,1.,1.))
REPRESENTATION_ITEM('')
);
#1276=(
BOUNDED_CURVE()
B_SPLINE_CURVE(2,(#3693,#3694,#3695),.UNSPECIFIED.,.F.,.F.)
B_SPLINE_CURVE_WITH_KNOTS((3,3),(14.0431410514741,14.3523145226742),
 .UNSPECIFIED.)
CURVE()
GEOMETRIC_REPRESENTATION_ITEM()
RATIONAL_B_SPLINE_CURVE((1.,1.,1.))
REPRESENTATION_ITEM('')
);
#1277=(
BOUNDED_CURVE()
B_SPLINE_CURVE(2,(#3696,#3697,#3698),.UNSPECIFIED.,.F.,.F.)
B_SPLINE_CURVE_WITH_KNOTS((3,3),(13.4690203254191,14.0431410514741),
 .UNSPECIFIED.)
CURVE()
GEOMETRIC_REPRESENTATION_ITEM()
RATIONAL_B_SPLINE_CURVE((1.,1.,1.))
REPRESENTATION_ITEM('')
);
#1278=(
BOUNDED_CURVE()
B_SPLINE_CURVE(2,(#3705,#3706,#3707),.UNSPECIFIED.,.F.,.F.)
B_SPLINE_CURVE_WITH_KNOTS((3,3),(38.2736195419738,40.7736195420218),
 .UNSPECIFIED.)
CURVE()
GEOMETRIC_REPRESENTATION_ITEM()
RATIONAL_B_SPLINE_CURVE((1.,1.,1.))
REPRESENTATION_ITEM('')
);
#1279=(
BOUNDED_CURVE()
B_SPLINE_CURVE(2,(#3708,#3709,#3710),.UNSPECIFIED.,.F.,.F.)
B_SPLINE_CURVE_WITH_KNOTS((3,3),(40.7736195420218,43.2736195420073),
 .UNSPECIFIED.)
CURVE()
GEOMETRIC_REPRESENTATION_ITEM()
RATIONAL_B_SPLINE_CURVE((1.,1.,1.))
REPRESENTATION_ITEM('')
);
#1280=(
BOUNDED_CURVE()
B_SPLINE_CURVE(2,(#3714,#3715,#3716),.UNSPECIFIED.,.F.,.F.)
B_SPLINE_CURVE_WITH_KNOTS((3,3),(57.4104293130601,59.910429312882),
 .UNSPECIFIED.)
CURVE()
GEOMETRIC_REPRESENTATION_ITEM()
RATIONAL_B_SPLINE_CURVE((1.,1.,1.))
REPRESENTATION_ITEM('')
);
#1281=(
BOUNDED_CURVE()
B_SPLINE_CURVE(2,(#3717,#3718,#3719),.UNSPECIFIED.,.F.,.F.)
B_SPLINE_CURVE_WITH_KNOTS((3,3),(59.910429312882,62.4104293127298),
 .UNSPECIFIED.)
CURVE()
GEOMETRIC_REPRESENTATION_ITEM()
RATIONAL_B_SPLINE_CURVE((1.,1.,1.))
REPRESENTATION_ITEM('')
);
#1282=(
BOUNDED_CURVE()
B_SPLINE_CURVE(2,(#3723,#3724,#3725),.UNSPECIFIED.,.F.,.F.)
B_SPLINE_CURVE_WITH_KNOTS((3,3),(25.2373914204929,25.5465648916931),
 .UNSPECIFIED.)
CURVE()
GEOMETRIC_REPRESENTATION_ITEM()
RATIONAL_B_SPLINE_CURVE((1.,1.,1.))
REPRESENTATION_ITEM('')
);
#1283=(
BOUNDED_CURVE()
B_SPLINE_CURVE(2,(#3729,#3730,#3731),.UNSPECIFIED.,.F.,.F.)
B_SPLINE_CURVE_WITH_KNOTS((3,3),(25.2373914204929,25.5465648916931),
 .UNSPECIFIED.)
CURVE()
GEOMETRIC_REPRESENTATION_ITEM()
RATIONAL_B_SPLINE_CURVE((1.,1.,1.))
REPRESENTATION_ITEM('')
);
#1284=(
BOUNDED_CURVE()
B_SPLINE_CURVE(1,(#3829,#3830),.UNSPECIFIED.,.F.,.F.)
B_SPLINE_CURVE_WITH_KNOTS((2,2),(0.,11.7),.UNSPECIFIED.)
CURVE()
GEOMETRIC_REPRESENTATION_ITEM()
RATIONAL_B_SPLINE_CURVE((1.,1.))
REPRESENTATION_ITEM('')
);
#1285=(
BOUNDED_CURVE()
B_SPLINE_CURVE(1,(#3836,#3837),.UNSPECIFIED.,.F.,.F.)
B_SPLINE_CURVE_WITH_KNOTS((2,2),(0.,11.7),.UNSPECIFIED.)
CURVE()
GEOMETRIC_REPRESENTATION_ITEM()
RATIONAL_B_SPLINE_CURVE((1.,1.))
REPRESENTATION_ITEM('')
);
#1286=(
BOUNDED_CURVE()
B_SPLINE_CURVE(1,(#3852,#3853),.UNSPECIFIED.,.F.,.F.)
B_SPLINE_CURVE_WITH_KNOTS((2,2),(0.,11.7),.UNSPECIFIED.)
CURVE()
GEOMETRIC_REPRESENTATION_ITEM()
RATIONAL_B_SPLINE_CURVE((1.,1.))
REPRESENTATION_ITEM('')
);
#1287=(
BOUNDED_CURVE()
B_SPLINE_CURVE(1,(#3869,#3870),.UNSPECIFIED.,.F.,.F.)
B_SPLINE_CURVE_WITH_KNOTS((2,2),(0.,11.7),.UNSPECIFIED.)
CURVE()
GEOMETRIC_REPRESENTATION_ITEM()
RATIONAL_B_SPLINE_CURVE((1.,1.))
REPRESENTATION_ITEM('')
);
#1288=(
BOUNDED_CURVE()
B_SPLINE_CURVE(1,(#4005,#4006),.UNSPECIFIED.,.F.,.F.)
B_SPLINE_CURVE_WITH_KNOTS((2,2),(0.,15.5),.UNSPECIFIED.)
CURVE()
GEOMETRIC_REPRESENTATION_ITEM()
RATIONAL_B_SPLINE_CURVE((1.,1.))
REPRESENTATION_ITEM('')
);
#1289=(
BOUNDED_CURVE()
B_SPLINE_CURVE(1,(#4018,#4019),.UNSPECIFIED.,.F.,.F.)
B_SPLINE_CURVE_WITH_KNOTS((2,2),(0.,15.5),.UNSPECIFIED.)
CURVE()
GEOMETRIC_REPRESENTATION_ITEM()
RATIONAL_B_SPLINE_CURVE((1.,1.))
REPRESENTATION_ITEM('')
);
#1290=(
BOUNDED_CURVE()
B_SPLINE_CURVE(1,(#4031,#4032),.UNSPECIFIED.,.F.,.F.)
B_SPLINE_CURVE_WITH_KNOTS((2,2),(0.,15.5),.UNSPECIFIED.)
CURVE()
GEOMETRIC_REPRESENTATION_ITEM()
RATIONAL_B_SPLINE_CURVE((1.,1.))
REPRESENTATION_ITEM('')
);
#1291=(
BOUNDED_CURVE()
B_SPLINE_CURVE(1,(#4044,#4045),.UNSPECIFIED.,.F.,.F.)
B_SPLINE_CURVE_WITH_KNOTS((2,2),(0.,15.5),.UNSPECIFIED.)
CURVE()
GEOMETRIC_REPRESENTATION_ITEM()
RATIONAL_B_SPLINE_CURVE((1.,1.))
REPRESENTATION_ITEM('')
);
#1292=(
BOUNDED_CURVE()
B_SPLINE_CURVE(1,(#4057,#4058),.UNSPECIFIED.,.F.,.F.)
B_SPLINE_CURVE_WITH_KNOTS((2,2),(0.,8.5),.UNSPECIFIED.)
CURVE()
GEOMETRIC_REPRESENTATION_ITEM()
RATIONAL_B_SPLINE_CURVE((1.,1.))
REPRESENTATION_ITEM('')
);
#1293=(
BOUNDED_CURVE()
B_SPLINE_CURVE(1,(#4065,#4066),.UNSPECIFIED.,.F.,.F.)
B_SPLINE_CURVE_WITH_KNOTS((2,2),(0.866025403784437,1.73205080756887),
 .UNSPECIFIED.)
CURVE()
GEOMETRIC_REPRESENTATION_ITEM()
RATIONAL_B_SPLINE_CURVE((1.,1.))
REPRESENTATION_ITEM('')
);
#1294=(
BOUNDED_CURVE()
B_SPLINE_CURVE(2,(#4067,#4068,#4069,#4070,#4071,#4072,#4073),
 .UNSPECIFIED.,.F.,.F.)
B_SPLINE_CURVE_WITH_KNOTS((3,2,2,3),(22.5347310344284,30.1670615513905,
37.7993920683526,45.0694620688569),.UNSPECIFIED.)
CURVE()
GEOMETRIC_REPRESENTATION_ITEM()
RATIONAL_B_SPLINE_CURVE((1.,0.707106781186548,1.,0.707106781186548,1.,1.,
1.))
REPRESENTATION_ITEM('')
);
#1295=(
BOUNDED_CURVE()
B_SPLINE_CURVE(2,(#4074,#4075,#4076,#4077,#4078,#4079,#4080),
 .UNSPECIFIED.,.F.,.F.)
B_SPLINE_CURVE_WITH_KNOTS((3,2,2,3),(24.2342417257497,31.8665722427117,
39.4989027596738,46.7689727601781),.UNSPECIFIED.)
CURVE()
GEOMETRIC_REPRESENTATION_ITEM()
RATIONAL_B_SPLINE_CURVE((1.,0.707106781186548,1.,0.707106781186548,1.,1.,
1.))
REPRESENTATION_ITEM('')
);
#1296=(
BOUNDED_CURVE()
B_SPLINE_CURVE(1,(#4081,#4082),.UNSPECIFIED.,.F.,.F.)
B_SPLINE_CURVE_WITH_KNOTS((2,2),(0.5,2.),.UNSPECIFIED.)
CURVE()
GEOMETRIC_REPRESENTATION_ITEM()
RATIONAL_B_SPLINE_CURVE((1.,1.))
REPRESENTATION_ITEM('')
);
#1297=(
BOUNDED_CURVE()
B_SPLINE_CURVE(1,(#4089,#4090),.UNSPECIFIED.,.F.,.F.)
B_SPLINE_CURVE_WITH_KNOTS((2,2),(0.,11.7000192408332),.UNSPECIFIED.)
CURVE()
GEOMETRIC_REPRESENTATION_ITEM()
RATIONAL_B_SPLINE_CURVE((1.,1.))
REPRESENTATION_ITEM('')
);
#1298=(
BOUNDED_CURVE()
B_SPLINE_CURVE(1,(#4105,#4106),.UNSPECIFIED.,.F.,.F.)
B_SPLINE_CURVE_WITH_KNOTS((2,2),(0.,11.7000192408324),.UNSPECIFIED.)
CURVE()
GEOMETRIC_REPRESENTATION_ITEM()
RATIONAL_B_SPLINE_CURVE((1.,1.))
REPRESENTATION_ITEM('')
);
#1299=(
BOUNDED_CURVE()
B_SPLINE_CURVE(1,(#4121,#4122),.UNSPECIFIED.,.F.,.F.)
B_SPLINE_CURVE_WITH_KNOTS((2,2),(0.,11.7000192408329),.UNSPECIFIED.)
CURVE()
GEOMETRIC_REPRESENTATION_ITEM()
RATIONAL_B_SPLINE_CURVE((1.,1.))
REPRESENTATION_ITEM('')
);
#1300=(
BOUNDED_CURVE()
B_SPLINE_CURVE(1,(#4137,#4138),.UNSPECIFIED.,.F.,.F.)
B_SPLINE_CURVE_WITH_KNOTS((2,2),(0.,11.7000192408332),.UNSPECIFIED.)
CURVE()
GEOMETRIC_REPRESENTATION_ITEM()
RATIONAL_B_SPLINE_CURVE((1.,1.))
REPRESENTATION_ITEM('')
);
#1301=TRIMMED_CURVE($,#1401,(#3229),(#3230),.T.,.CARTESIAN.);
#1302=TRIMMED_CURVE($,#1402,(#3234),(#3235),.T.,.CARTESIAN.);
#1303=TRIMMED_CURVE($,#1403,(#3239),(#3240),.T.,.CARTESIAN.);
#1304=TRIMMED_CURVE($,#1404,(#3244),(#3245),.T.,.CARTESIAN.);
#1305=TRIMMED_CURVE($,#1405,(#3249),(#3250),.T.,.CARTESIAN.);
#1306=TRIMMED_CURVE($,#1406,(#3254),(#3255),.T.,.CARTESIAN.);
#1307=TRIMMED_CURVE($,#1407,(#3259),(#3260),.T.,.CARTESIAN.);
#1308=TRIMMED_CURVE($,#1408,(#3264),(#3265),.T.,.CARTESIAN.);
#1309=TRIMMED_CURVE($,#1409,(#3273),(#3274),.T.,.CARTESIAN.);
#1310=TRIMMED_CURVE($,#1410,(#3290),(#3291),.T.,.CARTESIAN.);
#1311=TRIMMED_CURVE($,#1411,(#3375),(#3376),.T.,.CARTESIAN.);
#1312=TRIMMED_CURVE($,#1412,(#3400),(#3401),.T.,.CARTESIAN.);
#1313=TRIMMED_CURVE($,#1413,(#3421),(#3422),.T.,.CARTESIAN.);
#1314=TRIMMED_CURVE($,#1414,(#3428),(#3429),.T.,.CARTESIAN.);
#1315=TRIMMED_CURVE($,#1415,(#3489),(#3490),.T.,.CARTESIAN.);
#1316=TRIMMED_CURVE($,#1416,(#3494),(#3495),.T.,.CARTESIAN.);
#1317=TRIMMED_CURVE($,#1417,(#3497),(#3498),.T.,.CARTESIAN.);
#1318=TRIMMED_CURVE($,#1418,(#3505),(#3506),.T.,.CARTESIAN.);
#1319=TRIMMED_CURVE($,#1419,(#3510),(#3511),.T.,.CARTESIAN.);
#1320=TRIMMED_CURVE($,#1420,(#3513),(#3514),.T.,.CARTESIAN.);
#1321=TRIMMED_CURVE($,#1421,(#3516),(#3517),.T.,.CARTESIAN.);
#1322=TRIMMED_CURVE($,#1422,(#3550),(#3551),.T.,.CARTESIAN.);
#1323=TRIMMED_CURVE($,#1423,(#3553),(#3554),.T.,.CARTESIAN.);
#1324=TRIMMED_CURVE($,#1424,(#3556),(#3557),.T.,.CARTESIAN.);
#1325=TRIMMED_CURVE($,#1425,(#3559),(#3560),.T.,.CARTESIAN.);
#1326=TRIMMED_CURVE($,#1426,(#3566),(#3567),.T.,.CARTESIAN.);
#1327=TRIMMED_CURVE($,#1427,(#3569),(#3570),.T.,.CARTESIAN.);
#1328=TRIMMED_CURVE($,#1428,(#3572),(#3573),.T.,.CARTESIAN.);
#1329=TRIMMED_CURVE($,#1429,(#3579),(#3580),.T.,.CARTESIAN.);
#1330=TRIMMED_CURVE($,#1430,(#3586),(#3587),.T.,.CARTESIAN.);
#1331=TRIMMED_CURVE($,#1431,(#3589),(#3590),.T.,.CARTESIAN.);
#1332=TRIMMED_CURVE($,#1432,(#3592),(#3593),.T.,.CARTESIAN.);
#1333=TRIMMED_CURVE($,#1433,(#3595),(#3596),.T.,.CARTESIAN.);
#1334=TRIMMED_CURVE($,#1434,(#3598),(#3599),.T.,.CARTESIAN.);
#1335=TRIMMED_CURVE($,#1435,(#3601),(#3602),.T.,.CARTESIAN.);
#1336=TRIMMED_CURVE($,#1436,(#3604),(#3605),.T.,.CARTESIAN.);
#1337=TRIMMED_CURVE($,#1437,(#3611),(#3612),.T.,.CARTESIAN.);
#1338=TRIMMED_CURVE($,#1438,(#3618),(#3619),.T.,.CARTESIAN.);
#1339=TRIMMED_CURVE($,#1439,(#3621),(#3622),.T.,.CARTESIAN.);
#1340=TRIMMED_CURVE($,#1440,(#3624),(#3625),.T.,.CARTESIAN.);
#1341=TRIMMED_CURVE($,#1441,(#3627),(#3628),.T.,.CARTESIAN.);
#1342=TRIMMED_CURVE($,#1442,(#3630),(#3631),.T.,.CARTESIAN.);
#1343=TRIMMED_CURVE($,#1443,(#3640),(#3641),.T.,.CARTESIAN.);
#1344=TRIMMED_CURVE($,#1444,(#3643),(#3644),.T.,.CARTESIAN.);
#1345=TRIMMED_CURVE($,#1445,(#3646),(#3647),.T.,.CARTESIAN.);
#1346=TRIMMED_CURVE($,#1446,(#3649),(#3650),.T.,.CARTESIAN.);
#1347=TRIMMED_CURVE($,#1447,(#3652),(#3653),.T.,.CARTESIAN.);
#1348=TRIMMED_CURVE($,#1448,(#3655),(#3656),.T.,.CARTESIAN.);
#1349=TRIMMED_CURVE($,#1449,(#3658),(#3659),.T.,.CARTESIAN.);
#1350=TRIMMED_CURVE($,#1450,(#3661),(#3662),.T.,.CARTESIAN.);
#1351=TRIMMED_CURVE($,#1451,(#3673),(#3674),.T.,.CARTESIAN.);
#1352=TRIMMED_CURVE($,#1452,(#3676),(#3677),.T.,.CARTESIAN.);
#1353=TRIMMED_CURVE($,#1453,(#3679),(#3680),.T.,.CARTESIAN.);
#1354=TRIMMED_CURVE($,#1454,(#3682),(#3683),.T.,.CARTESIAN.);
#1355=TRIMMED_CURVE($,#1455,(#3685),(#3686),.T.,.CARTESIAN.);
#1356=TRIMMED_CURVE($,#1456,(#3688),(#3689),.T.,.CARTESIAN.);
#1357=TRIMMED_CURVE($,#1457,(#3700),(#3701),.T.,.CARTESIAN.);
#1358=TRIMMED_CURVE($,#1458,(#3703),(#3704),.T.,.CARTESIAN.);
#1359=TRIMMED_CURVE($,#1459,(#3712),(#3713),.T.,.CARTESIAN.);
#1360=TRIMMED_CURVE($,#1460,(#3721),(#3722),.T.,.CARTESIAN.);
#1361=TRIMMED_CURVE($,#1461,(#3727),(#3728),.T.,.CARTESIAN.);
#1362=TRIMMED_CURVE($,#1462,(#3733),(#3734),.T.,.CARTESIAN.);
#1363=TRIMMED_CURVE($,#1463,(#3736),(#3737),.T.,.CARTESIAN.);
#1364=TRIMMED_CURVE($,#1464,(#3739),(#3740),.T.,.CARTESIAN.);
#1365=TRIMMED_CURVE($,#1465,(#3742),(#3743),.T.,.CARTESIAN.);
#1366=TRIMMED_CURVE($,#1466,(#3809),(#3810),.T.,.CARTESIAN.);
#1367=TRIMMED_CURVE($,#1467,(#3812),(#3813),.T.,.CARTESIAN.);
#1368=TRIMMED_CURVE($,#1468,(#3815),(#3816),.T.,.CARTESIAN.);
#1369=TRIMMED_CURVE($,#1469,(#3818),(#3819),.T.,.CARTESIAN.);
#1370=TRIMMED_CURVE($,#1470,(#3821),(#3822),.T.,.CARTESIAN.);
#1371=TRIMMED_CURVE($,#1471,(#3824),(#3825),.T.,.CARTESIAN.);
#1372=TRIMMED_CURVE($,#1472,(#3827),(#3828),.T.,.CARTESIAN.);
#1373=TRIMMED_CURVE($,#1473,(#3834),(#3835),.T.,.CARTESIAN.);
#1374=TRIMMED_CURVE($,#1474,(#3850),(#3851),.T.,.CARTESIAN.);
#1375=TRIMMED_CURVE($,#1475,(#3867),(#3868),.T.,.CARTESIAN.);
#1376=TRIMMED_CURVE($,#1476,(#3951),(#3952),.T.,.CARTESIAN.);
#1377=TRIMMED_CURVE($,#1477,(#3956),(#3957),.T.,.CARTESIAN.);
#1378=TRIMMED_CURVE($,#1478,(#3965),(#3966),.T.,.CARTESIAN.);
#1379=TRIMMED_CURVE($,#1479,(#3974),(#3975),.T.,.CARTESIAN.);
#1380=TRIMMED_CURVE($,#1480,(#3977),(#3978),.T.,.CARTESIAN.);
#1381=TRIMMED_CURVE($,#1481,(#4008),(#4009),.T.,.CARTESIAN.);
#1382=TRIMMED_CURVE($,#1482,(#4011),(#4012),.T.,.CARTESIAN.);
#1383=TRIMMED_CURVE($,#1483,(#4016),(#4017),.T.,.CARTESIAN.);
#1384=TRIMMED_CURVE($,#1484,(#4021),(#4022),.T.,.CARTESIAN.);
#1385=TRIMMED_CURVE($,#1485,(#4024),(#4025),.T.,.CARTESIAN.);
#1386=TRIMMED_CURVE($,#1486,(#4029),(#4030),.T.,.CARTESIAN.);
#1387=TRIMMED_CURVE($,#1487,(#4034),(#4035),.T.,.CARTESIAN.);
#1388=TRIMMED_CURVE($,#1488,(#4037),(#4038),.T.,.CARTESIAN.);
#1389=TRIMMED_CURVE($,#1489,(#4042),(#4043),.T.,.CARTESIAN.);
#1390=TRIMMED_CURVE($,#1490,(#4047),(#4048),.T.,.CARTESIAN.);
#1391=TRIMMED_CURVE($,#1491,(#4050),(#4051),.T.,.CARTESIAN.);
#1392=TRIMMED_CURVE($,#1492,(#4055),(#4056),.T.,.CARTESIAN.);
#1393=TRIMMED_CURVE($,#1493,(#4060),(#4061),.T.,.CARTESIAN.);
#1394=TRIMMED_CURVE($,#1494,(#4063),(#4064),.T.,.CARTESIAN.);
#1395=TRIMMED_CURVE($,#1495,(#4084),(#4085),.T.,.CARTESIAN.);
#1396=TRIMMED_CURVE($,#1496,(#4087),(#4088),.T.,.CARTESIAN.);
#1397=TRIMMED_CURVE($,#1497,(#4092),(#4093),.T.,.CARTESIAN.);
#1398=TRIMMED_CURVE($,#1498,(#4108),(#4109),.T.,.CARTESIAN.);
#1399=TRIMMED_CURVE($,#1499,(#4124),(#4125),.T.,.CARTESIAN.);
#1400=TRIMMED_CURVE($,#1500,(#4140),(#4141),.T.,.CARTESIAN.);
#1401=CIRCLE('',#2107,1.4);
#1402=CIRCLE('',#2108,1.4);
#1403=CIRCLE('',#2109,1.4);
#1404=CIRCLE('',#2110,1.4);
#1405=CIRCLE('',#2111,1.4);
#1406=CIRCLE('',#2112,1.4);
#1407=CIRCLE('',#2113,1.4);
#1408=CIRCLE('',#2114,1.4);
#1409=CIRCLE('',#2115,30.2);
#1410=CIRCLE('',#2116,30.2);
#1411=CIRCLE('',#2117,30.2);
#1412=CIRCLE('',#2118,4.000000000036);
#1413=CIRCLE('',#2119,3.99999999999997);
#1414=CIRCLE('',#2120,4.00000000000001);
#1415=CIRCLE('',#2121,5.1);
#1416=CIRCLE('',#2122,5.1);
#1417=CIRCLE('',#2123,3.6);
#1418=CIRCLE('',#2124,4.10000000000001);
#1419=CIRCLE('',#2125,3.59999999999973);
#1420=CIRCLE('',#2126,3.60000000001888);
#1421=CIRCLE('',#2127,3.60000000001836);
#1422=CIRCLE('',#2128,4.10000000000002);
#1423=CIRCLE('',#2129,3.60000000001077);
#1424=CIRCLE('',#2130,4.50000000374935);
#1425=CIRCLE('',#2131,4.00000000003689);
#1426=CIRCLE('',#2132,4.00000000000045);
#1427=CIRCLE('',#2133,2.);
#1428=CIRCLE('',#2134,11.7500000000005);
#1429=CIRCLE('',#2135,12.2499999999999);
#1430=CIRCLE('',#2136,11.7500000000006);
#1431=CIRCLE('',#2137,2.00000000000001);
#1432=CIRCLE('',#2138,11.75);
#1433=CIRCLE('',#2139,2.00000000000001);
#1434=CIRCLE('',#2140,11.75);
#1435=CIRCLE('',#2141,2.);
#1436=CIRCLE('',#2142,11.7500000000005);
#1437=CIRCLE('',#2143,12.25);
#1438=CIRCLE('',#2144,11.7500000000006);
#1439=CIRCLE('',#2145,2.00000000000001);
#1440=CIRCLE('',#2146,11.75);
#1441=CIRCLE('',#2147,2.);
#1442=CIRCLE('',#2148,11.75);
#1443=CIRCLE('',#2149,4.5000000035067);
#1444=CIRCLE('',#2150,2.);
#1445=CIRCLE('',#2151,2.);
#1446=CIRCLE('',#2152,11.75);
#1447=CIRCLE('',#2153,2.);
#1448=CIRCLE('',#2154,11.75);
#1449=CIRCLE('',#2155,2.00000000000001);
#1450=CIRCLE('',#2156,11.7500000000006);
#1451=CIRCLE('',#2157,11.7500000000006);
#1452=CIRCLE('',#2158,11.75);
#1453=CIRCLE('',#2159,2.);
#1454=CIRCLE('',#2160,11.75);
#1455=CIRCLE('',#2161,2.00000000000001);
#1456=CIRCLE('',#2162,11.7500000000006);
#1457=CIRCLE('',#2163,11.7500000000005);
#1458=CIRCLE('',#2164,4.50000000433206);
#1459=CIRCLE('',#2165,4.50000000048614);
#1460=CIRCLE('',#2166,12.2499999999999);
#1461=CIRCLE('',#2167,12.2499999999999);
#1462=CIRCLE('',#2168,1.9);
#1463=CIRCLE('',#2169,1.9);
#1464=CIRCLE('',#2170,1.9);
#1465=CIRCLE('',#2171,1.89999999999999);
#1466=CIRCLE('',#2172,30.2);
#1467=CIRCLE('',#2173,30.2000023354371);
#1468=CIRCLE('',#2174,29.1999763179087);
#1469=CIRCLE('',#2175,29.2000055932836);
#1470=CIRCLE('',#2176,30.2000013199287);
#1471=CIRCLE('',#2177,29.1999946416509);
#1472=CIRCLE('',#2178,1.4);
#1473=CIRCLE('',#2179,1.4);
#1474=CIRCLE('',#2180,1.4);
#1475=CIRCLE('',#2181,1.4);
#1476=CIRCLE('',#2182,4.);
#1477=CIRCLE('',#2183,4.50000000088159);
#1478=CIRCLE('',#2184,4.50000000749798);
#1479=CIRCLE('',#2185,9.99999999999993);
#1480=CIRCLE('',#2186,9.99999999999991);
#1481=CIRCLE('',#2187,1.4);
#1482=CIRCLE('',#2188,1.4);
#1483=CIRCLE('',#2189,1.9);
#1484=CIRCLE('',#2190,1.4);
#1485=CIRCLE('',#2191,1.4);
#1486=CIRCLE('',#2192,1.9);
#1487=CIRCLE('',#2193,1.4);
#1488=CIRCLE('',#2194,1.4);
#1489=CIRCLE('',#2195,1.89999999999998);
#1490=CIRCLE('',#2196,1.4);
#1491=CIRCLE('',#2197,1.4);
#1492=CIRCLE('',#2198,1.9);
#1493=CIRCLE('',#2199,5.1);
#1494=CIRCLE('',#2200,5.1);
#1495=CIRCLE('',#2201,3.6);
#1496=CIRCLE('',#2202,3.60000000001076);
#1497=CIRCLE('',#2203,1.4);
#1498=CIRCLE('',#2204,1.4);
#1499=CIRCLE('',#2205,1.4);
#1500=CIRCLE('',#2206,1.4);
#1501=B_SPLINE_CURVE_WITH_KNOTS('',1,(#3198,#3199),.UNSPECIFIED.,.F.,.F.,
(2,2),(-8.,-6.),.UNSPECIFIED.);
#1502=B_SPLINE_CURVE_WITH_KNOTS('',1,(#3200,#3201),.UNSPECIFIED.,.F.,.F.,
(2,2),(5.65576474687262,12.),.UNSPECIFIED.);
#1503=B_SPLINE_CURVE_WITH_KNOTS('',1,(#3202,#3203),.UNSPECIFIED.,.F.,.F.,
(2,2),(0.,4.),.UNSPECIFIED.);
#1504=B_SPLINE_CURVE_WITH_KNOTS('',1,(#3204,#3205),.UNSPECIFIED.,.F.,.F.,
(2,2),(0.,12.),.UNSPECIFIED.);
#1505=B_SPLINE_CURVE_WITH_KNOTS('',1,(#3206,#3207),.UNSPECIFIED.,.F.,.F.,
(2,2),(3.,4.),.UNSPECIFIED.);
#1506=B_SPLINE_CURVE_WITH_KNOTS('',1,(#3208,#3209),.UNSPECIFIED.,.F.,.F.,
(2,2),(12.,32.),.UNSPECIFIED.);
#1507=B_SPLINE_CURVE_WITH_KNOTS('',1,(#3210,#3211),.UNSPECIFIED.,.F.,.F.,
(2,2),(0.,4.),.UNSPECIFIED.);
#1508=B_SPLINE_CURVE_WITH_KNOTS('',1,(#3212,#3213),.UNSPECIFIED.,.F.,.F.,
(2,2),(32.,38.3442352531274),.UNSPECIFIED.);
#1509=B_SPLINE_CURVE_WITH_KNOTS('',1,(#3214,#3215),.UNSPECIFIED.,.F.,.F.,
(2,2),(3.,4.),.UNSPECIFIED.);
#1510=B_SPLINE_CURVE_WITH_KNOTS('',1,(#3216,#3217),.UNSPECIFIED.,.F.,.F.,
(2,2),(32.,44.),.UNSPECIFIED.);
#1511=B_SPLINE_CURVE_WITH_KNOTS('',1,(#3218,#3219),.UNSPECIFIED.,.F.,.F.,
(2,2),(0.,20.),.UNSPECIFIED.);
#1512=B_SPLINE_CURVE_WITH_KNOTS('',1,(#3220,#3221),.UNSPECIFIED.,.F.,.F.,
(2,2),(44.,53.),.UNSPECIFIED.);
#1513=B_SPLINE_CURVE_WITH_KNOTS('',1,(#3222,#3223),.UNSPECIFIED.,.F.,.F.,
(2,2),(0.,20.),.UNSPECIFIED.);
#1514=B_SPLINE_CURVE_WITH_KNOTS('',1,(#3224,#3225),.UNSPECIFIED.,.F.,.F.,
(2,2),(0.,2.00310321253314),.UNSPECIFIED.);
#1515=B_SPLINE_CURVE_WITH_KNOTS('',1,(#3226,#3227),.UNSPECIFIED.,.F.,.F.,
(2,2),(-2.00310321253314,0.),.UNSPECIFIED.);
#1516=B_SPLINE_CURVE_WITH_KNOTS('',1,(#3236,#3237),.UNSPECIFIED.,.F.,.F.,
(2,2),(0.,1.),.UNSPECIFIED.);
#1517=B_SPLINE_CURVE_WITH_KNOTS('',1,(#3246,#3247),.UNSPECIFIED.,.F.,.F.,
(2,2),(0.,1.),.UNSPECIFIED.);
#1518=B_SPLINE_CURVE_WITH_KNOTS('',1,(#3256,#3257),.UNSPECIFIED.,.F.,.F.,
(2,2),(0.,1.),.UNSPECIFIED.);
#1519=B_SPLINE_CURVE_WITH_KNOTS('',1,(#3266,#3267),.UNSPECIFIED.,.F.,.F.,
(2,2),(0.,1.),.UNSPECIFIED.);
#1520=B_SPLINE_CURVE_WITH_KNOTS('',3,(#3299,#3300,#3301,#3302,#3303,#3304,
#3305,#3306,#3307,#3308,#3309,#3310,#3311,#3312,#3313,#3314,#3315,#3316,
#3317,#3318),.UNSPECIFIED.,.F.,.F.,(4,1,1,1,1,1,1,1,1,1,1,1,1,1,1,1,1,4),
(0.,0.097658629418744,0.195409764809237,0.293254404913483,0.391193564595748,
0.489228275194991,0.587359584887019,0.685588559056866,0.7839162806816,0.882343850723919,
0.98087238853701,1.07950303228085,1.17823693935058,1.27707527779359,1.37601926672972,
1.47507011001957,1.57422904648569,1.67349733647222),.UNSPECIFIED.);
#1521=B_SPLINE_CURVE_WITH_KNOTS('',3,(#3326,#3327,#3328,#3329,#3330,#3331,
#3332,#3333,#3334,#3335,#3336,#3337,#3338,#3339,#3340,#3341,#3342,#3343,
#3344,#3345),.UNSPECIFIED.,.F.,.F.,(4,1,1,1,1,1,1,1,1,1,1,1,1,1,1,1,1,4),
(0.,0.0976586294184346,0.195409764808613,0.293254404912622,0.391193564594681,
0.489228275193787,0.58735958488569,0.685588559055443,0.783916280680134,
0.882343850722445,0.980872388535555,1.07950303227943,1.17823693934923,1.27707527779233,
1.37601926672856,1.47507011001854,1.5742290464848,1.67349733647153),
 .UNSPECIFIED.);
#1522=B_SPLINE_CURVE_WITH_KNOTS('',1,(#3358,#3359),.UNSPECIFIED.,.F.,.F.,
(2,2),(-14.2,0.),.UNSPECIFIED.);
#1523=B_SPLINE_CURVE_WITH_KNOTS('',1,(#3360,#3361),.UNSPECIFIED.,.F.,.F.,
(2,2),(-23.6999999999999,-14.2),.UNSPECIFIED.);
#1524=B_SPLINE_CURVE_WITH_KNOTS('',1,(#3362,#3363,#3364),.UNSPECIFIED.,
 .F.,.F.,(2,1,2),(0.,11.7477271841219,11.953534710491),.UNSPECIFIED.);
#1525=B_SPLINE_CURVE_WITH_KNOTS('',1,(#3365,#3366),.UNSPECIFIED.,.F.,.F.,
(2,2),(-37.8999999999999,-23.6999999999999),.UNSPECIFIED.);
#1526=B_SPLINE_CURVE_WITH_KNOTS('',1,(#3367,#3368,#3369),.UNSPECIFIED.,
 .F.,.F.,(2,1,2),(0.,11.7477271841219,11.953534710491),.UNSPECIFIED.);
#1527=B_SPLINE_CURVE_WITH_KNOTS('',1,(#3370,#3371),.UNSPECIFIED.,.F.,.F.,
(2,2),(37.8999999999999,47.3999999999997),.UNSPECIFIED.);
#1528=B_SPLINE_CURVE_WITH_KNOTS('',1,(#3372,#3373),.UNSPECIFIED.,.F.,.F.,
(2,2),(-23.6999999999999,-15.1999999999999),.UNSPECIFIED.);
#1529=B_SPLINE_CURVE_WITH_KNOTS('',1,(#3377,#3378),.UNSPECIFIED.,.F.,.F.,
(2,2),(-46.3999999999999,-37.8999999999999),.UNSPECIFIED.);
#1530=B_SPLINE_CURVE_WITH_KNOTS('',3,(#3379,#3380,#3381,#3382,#3383,#3384,
#3385,#3386,#3387,#3388,#3389,#3390,#3391,#3392,#3393,#3394,#3395,#3396,
#3397,#3398),.UNSPECIFIED.,.F.,.F.,(4,1,1,1,1,1,1,1,1,1,1,1,1,1,1,1,1,4),
(-1.67349733638571,-1.57422904638087,-1.47507010989805,-1.37601926659345,
-1.27707527764471,-1.17823693919151,-1.07950303211426,-0.980872388365832,
-0.882343850551314,-0.783916280511003,-0.685588558891973,-0.587359584731776,
-0.48922827505363,-0.391193564472702,-0.293254404813473,-0.195409764737252,
-0.0976586293800272,0.),.UNSPECIFIED.);
#1531=B_SPLINE_CURVE_WITH_KNOTS('',1,(#3402,#3403),.UNSPECIFIED.,.F.,.F.,
(2,2),(0.5,18.525641025641),.UNSPECIFIED.);
#1532=B_SPLINE_CURVE_WITH_KNOTS('',1,(#3404,#3405),.UNSPECIFIED.,.F.,.F.,
(2,2),(0.5,18.525641025641),.UNSPECIFIED.);
#1533=B_SPLINE_CURVE_WITH_KNOTS('',1,(#3406,#3407),.UNSPECIFIED.,.F.,.F.,
(2,2),(0.,2.50000000000265),.UNSPECIFIED.);
#1534=B_SPLINE_CURVE_WITH_KNOTS('',1,(#3408,#3409),.UNSPECIFIED.,.F.,.F.,
(2,2),(0.5,18.525641025641),.UNSPECIFIED.);
#1535=B_SPLINE_CURVE_WITH_KNOTS('',1,(#3410,#3411),.UNSPECIFIED.,.F.,.F.,
(2,2),(0.5,18.525641025641),.UNSPECIFIED.);
#1536=B_SPLINE_CURVE_WITH_KNOTS('',1,(#3412,#3413),.UNSPECIFIED.,.F.,.F.,
(2,2),(0.,2.50000000001158),.UNSPECIFIED.);
#1537=B_SPLINE_CURVE_WITH_KNOTS('',1,(#3414,#3415),.UNSPECIFIED.,.F.,.F.,
(2,2),(0.5,18.525641025641),.UNSPECIFIED.);
#1538=B_SPLINE_CURVE_WITH_KNOTS('',1,(#3416,#3417),.UNSPECIFIED.,.F.,.F.,
(2,2),(0.,2.50000000001161),.UNSPECIFIED.);
#1539=B_SPLINE_CURVE_WITH_KNOTS('',1,(#3418,#3419),.UNSPECIFIED.,.F.,.F.,
(2,2),(0.,2.50000000000263),.UNSPECIFIED.);
#1540=B_SPLINE_CURVE_WITH_KNOTS('',1,(#3423,#3424),.UNSPECIFIED.,.F.,.F.,
(2,2),(0.,1.),.UNSPECIFIED.);
#1541=B_SPLINE_CURVE_WITH_KNOTS('',1,(#3425,#3426),.UNSPECIFIED.,.F.,.F.,
(2,2),(-1.,0.),.UNSPECIFIED.);
#1542=B_SPLINE_CURVE_WITH_KNOTS('',1,(#3430,#3431),.UNSPECIFIED.,.F.,.F.,
(2,2),(-1.,0.),.UNSPECIFIED.);
#1543=B_SPLINE_CURVE_WITH_KNOTS('',1,(#3432,#3433),.UNSPECIFIED.,.F.,.F.,
(2,2),(-1.,0.),.UNSPECIFIED.);
#1544=B_SPLINE_CURVE_WITH_KNOTS('',1,(#3434,#3435),.UNSPECIFIED.,.F.,.F.,
(2,2),(-1.,0.),.UNSPECIFIED.);
#1545=B_SPLINE_CURVE_WITH_KNOTS('',1,(#3436,#3437),.UNSPECIFIED.,.F.,.F.,
(2,2),(0.,1.),.UNSPECIFIED.);
#1546=B_SPLINE_CURVE_WITH_KNOTS('',1,(#3438,#3439),.UNSPECIFIED.,.F.,.F.,
(2,2),(0.,1.),.UNSPECIFIED.);
#1547=B_SPLINE_CURVE_WITH_KNOTS('',1,(#3440,#3441),.UNSPECIFIED.,.F.,.F.,
(2,2),(0.,24.1300000000001),.UNSPECIFIED.);
#1548=B_SPLINE_CURVE_WITH_KNOTS('',1,(#3442,#3443),.UNSPECIFIED.,.F.,.F.,
(2,2),(0.,24.1300000000001),.UNSPECIFIED.);
#1549=B_SPLINE_CURVE_WITH_KNOTS('',1,(#3444,#3445),.UNSPECIFIED.,.F.,.F.,
(2,2),(0.,24.1300000000002),.UNSPECIFIED.);
#1550=B_SPLINE_CURVE_WITH_KNOTS('',1,(#3446,#3447),.UNSPECIFIED.,.F.,.F.,
(2,2),(0.,24.1300000000002),.UNSPECIFIED.);
#1551=B_SPLINE_CURVE_WITH_KNOTS('',1,(#3448,#3449),.UNSPECIFIED.,.F.,.F.,
(2,2),(0.,24.1300000000002),.UNSPECIFIED.);
#1552=B_SPLINE_CURVE_WITH_KNOTS('',1,(#3450,#3451),.UNSPECIFIED.,.F.,.F.,
(2,2),(0.,24.1300000000001),.UNSPECIFIED.);
#1553=B_SPLINE_CURVE_WITH_KNOTS('',1,(#3452,#3453),.UNSPECIFIED.,.F.,.F.,
(2,2),(0.,24.1300000000001),.UNSPECIFIED.);
#1554=B_SPLINE_CURVE_WITH_KNOTS('',1,(#3454,#3455),.UNSPECIFIED.,.F.,.F.,
(2,2),(0.,24.1300000000001),.UNSPECIFIED.);
#1555=B_SPLINE_CURVE_WITH_KNOTS('',1,(#3456,#3457),.UNSPECIFIED.,.F.,.F.,
(2,2),(0.,24.13),.UNSPECIFIED.);
#1556=B_SPLINE_CURVE_WITH_KNOTS('',1,(#3458,#3459),.UNSPECIFIED.,.F.,.F.,
(2,2),(0.,24.13),.UNSPECIFIED.);
#1557=B_SPLINE_CURVE_WITH_KNOTS('',1,(#3460,#3461),.UNSPECIFIED.,.F.,.F.,
(2,2),(0.,24.1299999999999),.UNSPECIFIED.);
#1558=B_SPLINE_CURVE_WITH_KNOTS('',1,(#3462,#3463),.UNSPECIFIED.,.F.,.F.,
(2,2),(0.,24.13),.UNSPECIFIED.);
#1559=B_SPLINE_CURVE_WITH_KNOTS('',1,(#3464,#3465),.UNSPECIFIED.,.F.,.F.,
(2,2),(0.,24.1300000000001),.UNSPECIFIED.);
#1560=B_SPLINE_CURVE_WITH_KNOTS('',1,(#3466,#3467),.UNSPECIFIED.,.F.,.F.,
(2,2),(0.,24.1300000000001),.UNSPECIFIED.);
#1561=B_SPLINE_CURVE_WITH_KNOTS('',1,(#3468,#3469),.UNSPECIFIED.,.F.,.F.,
(2,2),(0.,24.1300000000002),.UNSPECIFIED.);
#1562=B_SPLINE_CURVE_WITH_KNOTS('',1,(#3470,#3471),.UNSPECIFIED.,.F.,.F.,
(2,2),(0.,24.1300000000002),.UNSPECIFIED.);
#1563=B_SPLINE_CURVE_WITH_KNOTS('',1,(#3472,#3473),.UNSPECIFIED.,.F.,.F.,
(2,2),(0.,24.1300000000002),.UNSPECIFIED.);
#1564=B_SPLINE_CURVE_WITH_KNOTS('',1,(#3474,#3475),.UNSPECIFIED.,.F.,.F.,
(2,2),(0.,24.1300000000001),.UNSPECIFIED.);
#1565=B_SPLINE_CURVE_WITH_KNOTS('',1,(#3476,#3477),.UNSPECIFIED.,.F.,.F.,
(2,2),(0.,24.1300000000001),.UNSPECIFIED.);
#1566=B_SPLINE_CURVE_WITH_KNOTS('',1,(#3478,#3479),.UNSPECIFIED.,.F.,.F.,
(2,2),(0.,24.1300000000001),.UNSPECIFIED.);
#1567=B_SPLINE_CURVE_WITH_KNOTS('',1,(#3480,#3481),.UNSPECIFIED.,.F.,.F.,
(2,2),(0.,24.13),.UNSPECIFIED.);
#1568=B_SPLINE_CURVE_WITH_KNOTS('',1,(#3482,#3483),.UNSPECIFIED.,.F.,.F.,
(2,2),(0.,24.13),.UNSPECIFIED.);
#1569=B_SPLINE_CURVE_WITH_KNOTS('',1,(#3484,#3485),.UNSPECIFIED.,.F.,.F.,
(2,2),(0.,24.1299999999999),.UNSPECIFIED.);
#1570=B_SPLINE_CURVE_WITH_KNOTS('',1,(#3486,#3487),.UNSPECIFIED.,.F.,.F.,
(2,2),(0.,24.13),.UNSPECIFIED.);
#1571=B_SPLINE_CURVE_WITH_KNOTS('',1,(#3507,#3508),.UNSPECIFIED.,.F.,.F.,
(2,2),(0.,1.),.UNSPECIFIED.);
#1572=B_SPLINE_CURVE_WITH_KNOTS('',3,(#3528,#3529,#3530,#3531,#3532,#3533,
#3534,#3535,#3536,#3537),.UNSPECIFIED.,.F.,.F.,(4,2,2,2,4),(0.,0.701838178085453,
1.4034281838194,2.10414759938447,2.80452492330909),.UNSPECIFIED.);
#1573=B_SPLINE_CURVE_WITH_KNOTS('',1,(#3561,#3562),.UNSPECIFIED.,.F.,.F.,
(2,2),(0.,4.99999999998012),.UNSPECIFIED.);
#1574=B_SPLINE_CURVE_WITH_KNOTS('',1,(#3563,#3564),.UNSPECIFIED.,.F.,.F.,
(2,2),(0.,4.99999999999933),.UNSPECIFIED.);
#1575=B_SPLINE_CURVE_WITH_KNOTS('',1,(#3574,#3575),.UNSPECIFIED.,.F.,.F.,
(2,2),(-0.287060363027596,0.28706036302755),.UNSPECIFIED.);
#1576=B_SPLINE_CURVE_WITH_KNOTS('',1,(#3576,#3577),.UNSPECIFIED.,.F.,.F.,
(2,2),(-0.154586735600236,0.154586735600149),.UNSPECIFIED.);
#1577=B_SPLINE_CURVE_WITH_KNOTS('',1,(#3581,#3582),.UNSPECIFIED.,.F.,.F.,
(2,2),(-0.154586735600081,0.154586735600102),.UNSPECIFIED.);
#1578=B_SPLINE_CURVE_WITH_KNOTS('',1,(#3583,#3584),.UNSPECIFIED.,.F.,.F.,
(2,2),(-0.287060363027578,0.287060363027628),.UNSPECIFIED.);
#1579=B_SPLINE_CURVE_WITH_KNOTS('',1,(#3606,#3607),.UNSPECIFIED.,.F.,.F.,
(2,2),(-0.287060363027596,0.28706036302755),.UNSPECIFIED.);
#1580=B_SPLINE_CURVE_WITH_KNOTS('',1,(#3608,#3609),.UNSPECIFIED.,.F.,.F.,
(2,2),(-0.154586735600237,0.154586735600148),.UNSPECIFIED.);
#1581=B_SPLINE_CURVE_WITH_KNOTS('',1,(#3613,#3614),.UNSPECIFIED.,.F.,.F.,
(2,2),(-0.154586735600081,0.154586735600104),.UNSPECIFIED.);
#1582=B_SPLINE_CURVE_WITH_KNOTS('',1,(#3615,#3616),.UNSPECIFIED.,.F.,.F.,
(2,2),(-0.287060363027578,0.287060363027628),.UNSPECIFIED.);
#1583=B_SPLINE_CURVE_WITH_KNOTS('',1,(#3744,#3745),.UNSPECIFIED.,.F.,.F.,
(2,2),(-5.60000000000001,5.32363699272005),.UNSPECIFIED.);
#1584=B_SPLINE_CURVE_WITH_KNOTS('',1,(#3746,#3747),.UNSPECIFIED.,.F.,.F.,
(2,2),(-5.60000000000001,5.32357402361397),.UNSPECIFIED.);
#1585=B_SPLINE_CURVE_WITH_KNOTS('',3,(#3748,#3749,#3750,#3751,#3752,#3753,
#3754,#3755,#3756,#3757,#3758,#3759,#3760,#3761,#3762,#3763,#3764,#3765,
#3766,#3767),.UNSPECIFIED.,.F.,.F.,(4,1,1,1,1,1,1,1,1,1,1,1,1,1,1,1,1,4),
(-1.67349733647218,-1.57422904648558,-1.47507011001944,-1.37601926672958,
-1.27707527779344,-1.1782369393504,-1.07950303228066,-0.980872388536825,
-0.882343850723729,-0.783916280681408,-0.685588559056665,-0.587359584886835,
-0.489228275194834,-0.391193564595617,-0.293254404913368,-0.19540976480916,
-0.097658629418724,0.),.UNSPECIFIED.);
#1586=B_SPLINE_CURVE_WITH_KNOTS('',3,(#3768,#3769,#3770,#3771,#3772,#3773,
#3774,#3775,#3776,#3777,#3778,#3779,#3780,#3781,#3782,#3783,#3784,#3785,
#3786,#3787),.UNSPECIFIED.,.F.,.F.,(4,1,1,1,1,1,1,1,1,1,1,1,1,1,1,1,1,4),
(-1.43551779054192,-1.35103573356778,-1.26655913491604,-1.18208795942812,
-1.09762217222446,-1.0131617387302,-0.92870662467175,-0.844256796073455,
-0.759812219254249,-0.675372860824559,-0.590938687682929,-0.506509667012958,
-0.422085766280151,-0.337666953228852,-0.253253195879215,-0.168844462524174,
-0.0844407221484494,0.),.UNSPECIFIED.);
#1587=B_SPLINE_CURVE_WITH_KNOTS('',3,(#3788,#3789,#3790,#3791,#3792,#3793,
#3794,#3795,#3796,#3797,#3798,#3799,#3800,#3801,#3802,#3803,#3804,#3805,
#3806,#3807),.UNSPECIFIED.,.F.,.F.,(4,1,1,1,1,1,1,1,1,1,1,1,1,1,1,1,1,4),
(0.,0.0844167406549208,0.1688204587038,0.253229174283775,0.337642918717552,
0.422061723784358,0.506485621537189,0.590914644305792,0.675348824699756,
0.759788195611595,0.844232790219885,0.928682641992417,1.01313778468942,
1.09759825236689,1.18206407937978,1.26653530038543,1.35101195034699,1.43549406455481),
 .UNSPECIFIED.);
#1588=B_SPLINE_CURVE_WITH_KNOTS('',1,(#3831,#3832),.UNSPECIFIED.,.F.,.F.,
(2,2),(0.,1.),.UNSPECIFIED.);
#1589=B_SPLINE_CURVE_WITH_KNOTS('',3,(#3838,#3839,#3840,#3841,#3842,#3843,
#3844,#3845,#3846,#3847,#3848),.UNSPECIFIED.,.F.,.F.,(4,1,1,1,1,1,1,1,4),
(0.,0.740353927204715,1.48070785440943,2.2329834601522,2.98525906589498,
3.73753467141363,4.48981027693228,5.23016420436469,5.97051813179709),
 .UNSPECIFIED.);
#1590=B_SPLINE_CURVE_WITH_KNOTS('',3,(#3854,#3855,#3856,#3857,#3858,#3859,
#3860,#3861,#3862,#3863,#3864,#3865),.UNSPECIFIED.,.F.,.F.,(4,1,1,1,1,1,
1,1,1,4),(0.,0.740353927204715,1.48070785440943,2.2329834601522,2.98525906589498,
3.73753467141363,4.48981027693228,5.23016420436469,5.97051813179709,5.9705234672166),
 .UNSPECIFIED.);
#1591=B_SPLINE_CURVE_WITH_KNOTS('',3,(#3871,#3872,#3873,#3874,#3875,#3876,
#3877,#3878,#3879,#3880,#3881,#3882),.UNSPECIFIED.,.F.,.F.,(4,1,1,1,1,1,
1,1,1,4),(0.,0.740353927183177,1.48070785436635,2.23298346010615,2.98525906584595,
3.73753467136253,4.48981027687911,5.23016420428717,5.97051813169522,5.97052346710202),
 .UNSPECIFIED.);
#1592=B_SPLINE_CURVE_WITH_KNOTS('',1,(#3883,#3884),.UNSPECIFIED.,.F.,.F.,
(2,2),(0.,1.),.UNSPECIFIED.);
#1593=B_SPLINE_CURVE_WITH_KNOTS('',3,(#3885,#3886,#3887,#3888,#3889,#3890,
#3891,#3892,#3893,#3894,#3895),.UNSPECIFIED.,.F.,.F.,(4,1,1,1,1,1,1,1,4),
(0.,0.740353927183177,1.48070785436635,2.23298346010615,2.98525906584595,
3.73753467136253,4.48981027687911,5.23016420428717,5.97051813169522),
 .UNSPECIFIED.);
#1594=B_SPLINE_CURVE_WITH_KNOTS('',3,(#3896,#3897,#3898,#3899,#3900,#3901,
#3902,#3903,#3904,#3905,#3906,#3907),.UNSPECIFIED.,.F.,.F.,(4,1,1,1,1,1,
1,1,1,4),(0.,0.740353927183184,1.48070785436637,2.23298346010573,2.9852590658451,
3.73753467136168,4.48981027687826,5.23016420428608,5.97051813169391,5.97052346711598),
 .UNSPECIFIED.);
#1595=B_SPLINE_CURVE_WITH_KNOTS('',1,(#3908,#3909),.UNSPECIFIED.,.F.,.F.,
(2,2),(0.,1.),.UNSPECIFIED.);
#1596=B_SPLINE_CURVE_WITH_KNOTS('',3,(#3910,#3911,#3912,#3913,#3914,#3915,
#3916,#3917,#3918,#3919,#3920),.UNSPECIFIED.,.F.,.F.,(4,1,1,1,1,1,1,1,4),
(0.,0.740353927183184,1.48070785436637,2.23298346010573,2.9852590658451,
3.73753467136168,4.48981027687826,5.23016420428608,5.97051813169391),
 .UNSPECIFIED.);
#1597=B_SPLINE_CURVE_WITH_KNOTS('',3,(#3921,#3922,#3923,#3924,#3925,#3926,
#3927,#3928,#3929,#3930,#3931,#3932),.UNSPECIFIED.,.F.,.F.,(4,1,1,1,1,1,
1,1,1,4),(0.,0.740353927204585,1.48070785440917,2.23298346015207,2.98525906589497,
3.73753467141357,4.48981027693217,5.23016420436463,5.97051813179709,5.9705234672166),
 .UNSPECIFIED.);
#1598=B_SPLINE_CURVE_WITH_KNOTS('',1,(#3933,#3934),.UNSPECIFIED.,.F.,.F.,
(2,2),(0.,1.),.UNSPECIFIED.);
#1599=B_SPLINE_CURVE_WITH_KNOTS('',3,(#3935,#3936,#3937,#3938,#3939,#3940,
#3941,#3942,#3943,#3944,#3945),.UNSPECIFIED.,.F.,.F.,(4,1,1,1,1,1,1,1,4),
(0.,0.740353927204585,1.48070785440917,2.23298346015207,2.98525906589497,
3.73753467141357,4.48981027693217,5.23016420436463,5.97051813179709),
 .UNSPECIFIED.);
#1600=B_SPLINE_CURVE_WITH_KNOTS('',1,(#3946,#3947),.UNSPECIFIED.,.F.,.F.,
(2,2),(0.,1.),.UNSPECIFIED.);
#1601=B_SPLINE_CURVE_WITH_KNOTS('',1,(#3948,#3949),.UNSPECIFIED.,.F.,.F.,
(2,2),(5.49634411988015E-13,4.99999999996065),.UNSPECIFIED.);
#1602=B_SPLINE_CURVE_WITH_KNOTS('',1,(#3953,#3954),.UNSPECIFIED.,.F.,.F.,
(2,2),(0.,1.),.UNSPECIFIED.);
#1603=B_SPLINE_CURVE_WITH_KNOTS('',1,(#3958,#3959),.UNSPECIFIED.,.F.,.F.,
(2,2),(0.,1.),.UNSPECIFIED.);
#1604=B_SPLINE_CURVE_WITH_KNOTS('',1,(#3960,#3961),.UNSPECIFIED.,.F.,.F.,
(2,2),(1.03130528399718E-12,4.9999999999993),.UNSPECIFIED.);
#1605=B_SPLINE_CURVE_WITH_KNOTS('',1,(#3962,#3963),.UNSPECIFIED.,.F.,.F.,
(2,2),(0.,1.),.UNSPECIFIED.);
#1606=B_SPLINE_CURVE_WITH_KNOTS('',1,(#3967,#3968),.UNSPECIFIED.,.F.,.F.,
(2,2),(-1.,0.),.UNSPECIFIED.);
#1607=B_SPLINE_CURVE_WITH_KNOTS('',1,(#3969,#3970),.UNSPECIFIED.,.F.,.F.,
(2,2),(55.,64.),.UNSPECIFIED.);
#1608=B_SPLINE_CURVE_WITH_KNOTS('',1,(#3971,#3972),.UNSPECIFIED.,.F.,.F.,
(2,2),(0.,20.),.UNSPECIFIED.);
#1609=B_SPLINE_CURVE_WITH_KNOTS('',1,(#3979,#3980),.UNSPECIFIED.,.F.,.F.,
(2,2),(0.,6.),.UNSPECIFIED.);
#1610=B_SPLINE_CURVE_WITH_KNOTS('',1,(#3981,#3982),.UNSPECIFIED.,.F.,.F.,
(2,2),(-8.,-6.),.UNSPECIFIED.);
#1611=B_SPLINE_CURVE_WITH_KNOTS('',1,(#3983,#3984),.UNSPECIFIED.,.F.,.F.,
(2,2),(8.,14.),.UNSPECIFIED.);
#1612=B_SPLINE_CURVE_WITH_KNOTS('',1,(#3985,#3986),.UNSPECIFIED.,.F.,.F.,
(2,2),(14.,16.),.UNSPECIFIED.);
#1613=B_SPLINE_CURVE_WITH_KNOTS('',1,(#3987,#3988),.UNSPECIFIED.,.F.,.F.,
(2,2),(0.,12.),.UNSPECIFIED.);
#1614=B_SPLINE_CURVE_WITH_KNOTS('',1,(#3989,#3990),.UNSPECIFIED.,.F.,.F.,
(2,2),(0.,12.),.UNSPECIFIED.);
#1615=B_SPLINE_CURVE_WITH_KNOTS('',1,(#3991,#3992),.UNSPECIFIED.,.F.,.F.,
(2,2),(14.,16.),.UNSPECIFIED.);
#1616=B_SPLINE_CURVE_WITH_KNOTS('',1,(#3993,#3994),.UNSPECIFIED.,.F.,.F.,
(2,2),(0.,12.),.UNSPECIFIED.);
#1617=B_SPLINE_CURVE_WITH_KNOTS('',1,(#3995,#3996),.UNSPECIFIED.,.F.,.F.,
(2,2),(8.,14.),.UNSPECIFIED.);
#1618=B_SPLINE_CURVE_WITH_KNOTS('',1,(#3997,#3998),.UNSPECIFIED.,.F.,.F.,
(2,2),(0.,12.),.UNSPECIFIED.);
#1619=B_SPLINE_CURVE_WITH_KNOTS('',1,(#3999,#4000),.UNSPECIFIED.,.F.,.F.,
(2,2),(0.,6.),.UNSPECIFIED.);
#1620=B_SPLINE_CURVE_WITH_KNOTS('',1,(#4001,#4002),.UNSPECIFIED.,.F.,.F.,
(2,2),(12.,21.),.UNSPECIFIED.);
#1621=B_SPLINE_CURVE_WITH_KNOTS('',1,(#4003,#4004),.UNSPECIFIED.,.F.,.F.,
(2,2),(65.,74.),.UNSPECIFIED.);
#1622=B_SPLINE_CURVE_WITH_KNOTS('',1,(#4013,#4014),.UNSPECIFIED.,.F.,.F.,
(2,2),(0.,1.),.UNSPECIFIED.);
#1623=B_SPLINE_CURVE_WITH_KNOTS('',1,(#4026,#4027),.UNSPECIFIED.,.F.,.F.,
(2,2),(0.,1.),.UNSPECIFIED.);
#1624=B_SPLINE_CURVE_WITH_KNOTS('',1,(#4039,#4040),.UNSPECIFIED.,.F.,.F.,
(2,2),(0.,1.),.UNSPECIFIED.);
#1625=B_SPLINE_CURVE_WITH_KNOTS('',1,(#4052,#4053),.UNSPECIFIED.,.F.,.F.,
(2,2),(0.,1.),.UNSPECIFIED.);
#1626=B_SPLINE_CURVE_WITH_KNOTS('',3,(#4094,#4095,#4096,#4097,#4098,#4099,
#4100,#4101,#4102,#4103,#4104),.UNSPECIFIED.,.F.,.F.,(4,1,1,1,1,1,1,1,4),
(5.9705234672166,6.71087205920491,7.45122598661273,8.20350159212932,8.9557771976459,
9.7080528033857,10.4603284091255,11.2006823363087,11.9410362634919),
 .UNSPECIFIED.);
#1627=B_SPLINE_CURVE_WITH_KNOTS('',3,(#4110,#4111,#4112,#4113,#4114,#4115,
#4116,#4117,#4118,#4119,#4120),.UNSPECIFIED.,.F.,.F.,(4,1,1,1,1,1,1,1,4),
(5.97052346710202,6.71087205912745,7.45122598655968,8.2035015920783,8.95577719759692,
9.70805280333958,10.4603284090822,11.200682336287,11.9410362634917),
 .UNSPECIFIED.);
#1628=B_SPLINE_CURVE_WITH_KNOTS('',3,(#4126,#4127,#4128,#4129,#4130,#4131,
#4132,#4133,#4134,#4135,#4136),.UNSPECIFIED.,.F.,.F.,(4,1,1,1,1,1,1,1,4),
(5.97052346711598,6.71087205912616,7.45122598655842,8.20350159207722,8.95577719759602,
9.70805280333889,10.4603284090818,11.2006823362863,11.9410362634908),
 .UNSPECIFIED.);
#1629=B_SPLINE_CURVE_WITH_KNOTS('',3,(#4142,#4143,#4144,#4145,#4146,#4147,
#4148,#4149,#4150,#4151,#4152),.UNSPECIFIED.,.F.,.F.,(4,1,1,1,1,1,1,1,4),
(5.9705234672166,6.71087205920491,7.45122598661273,8.20350159212931,8.9557771976459,
9.70805280338569,10.4603284091255,11.2006823363087,11.9410362634918),
 .UNSPECIFIED.);
#1630=B_SPLINE_CURVE_WITH_KNOTS('',1,(#4153,#4154),.UNSPECIFIED.,.F.,.F.,
(2,2),(0.,1.),.UNSPECIFIED.);
#1631=B_SPLINE_CURVE_WITH_KNOTS('',3,(#4155,#4156,#4157,#4158,#4159,#4160,
#4161,#4162,#4163,#4164,#4165),.UNSPECIFIED.,.F.,.F.,(4,1,1,1,1,1,1,1,4),
(5.97051813179709,6.71087205920491,7.45122598661273,8.20350159212932,8.9557771976459,
9.7080528033857,10.4603284091255,11.2006823363087,11.9410362634919),
 .UNSPECIFIED.);
#1632=B_SPLINE_CURVE_WITH_KNOTS('',1,(#4166,#4167),.UNSPECIFIED.,.F.,.F.,
(2,2),(0.,1.),.UNSPECIFIED.);
#1633=B_SPLINE_CURVE_WITH_KNOTS('',3,(#4168,#4169,#4170,#4171,#4172,#4173,
#4174,#4175,#4176,#4177,#4178),.UNSPECIFIED.,.F.,.F.,(4,1,1,1,1,1,1,1,4),
(5.97051813169522,6.71087205912745,7.45122598655968,8.2035015920783,8.95577719759692,
9.70805280333958,10.4603284090822,11.200682336287,11.9410362634917),
 .UNSPECIFIED.);
#1634=B_SPLINE_CURVE_WITH_KNOTS('',1,(#4179,#4180),.UNSPECIFIED.,.F.,.F.,
(2,2),(0.,1.),.UNSPECIFIED.);
#1635=B_SPLINE_CURVE_WITH_KNOTS('',3,(#4181,#4182,#4183,#4184,#4185,#4186,
#4187,#4188,#4189,#4190,#4191),.UNSPECIFIED.,.F.,.F.,(4,1,1,1,1,1,1,1,4),
(5.97051813169391,6.71087205912616,7.45122598655842,8.20350159207722,8.95577719759602,
9.70805280333889,10.4603284090818,11.2006823362863,11.9410362634908),
 .UNSPECIFIED.);
#1636=B_SPLINE_CURVE_WITH_KNOTS('',1,(#4192,#4193),.UNSPECIFIED.,.F.,.F.,
(2,2),(0.,1.),.UNSPECIFIED.);
#1637=B_SPLINE_CURVE_WITH_KNOTS('',3,(#4194,#4195,#4196,#4197,#4198,#4199,
#4200,#4201,#4202,#4203,#4204),.UNSPECIFIED.,.F.,.F.,(4,1,1,1,1,1,1,1,4),
(5.97051813179709,6.71087205920491,7.45122598661273,8.20350159212931,8.9557771976459,
9.70805280338569,10.4603284091255,11.2006823363087,11.9410362634918),
 .UNSPECIFIED.);
#1638=VERTEX_POINT('',#3017);
#1639=VERTEX_POINT('',#3018);
#1640=VERTEX_POINT('',#3019);
#1641=VERTEX_POINT('',#3020);
#1642=VERTEX_POINT('',#3021);
#1643=VERTEX_POINT('',#3022);
#1644=VERTEX_POINT('',#3023);
#1645=VERTEX_POINT('',#3024);
#1646=VERTEX_POINT('',#3025);
#1647=VERTEX_POINT('',#3026);
#1648=VERTEX_POINT('',#3027);
#1649=VERTEX_POINT('',#3028);
#1650=VERTEX_POINT('',#3029);
#1651=VERTEX_POINT('',#3030);
#1652=VERTEX_POINT('',#3031);
#1653=VERTEX_POINT('',#3032);
#1654=VERTEX_POINT('',#3033);
#1655=VERTEX_POINT('',#3034);
#1656=VERTEX_POINT('',#3035);
#1657=VERTEX_POINT('',#3036);
#1658=VERTEX_POINT('',#3037);
#1659=VERTEX_POINT('',#3038);
#1660=VERTEX_POINT('',#3039);
#1661=VERTEX_POINT('',#3040);
#1662=VERTEX_POINT('',#3041);
#1663=VERTEX_POINT('',#3042);
#1664=VERTEX_POINT('',#3043);
#1665=VERTEX_POINT('',#3044);
#1666=VERTEX_POINT('',#3045);
#1667=VERTEX_POINT('',#3046);
#1668=VERTEX_POINT('',#3047);
#1669=VERTEX_POINT('',#3048);
#1670=VERTEX_POINT('',#3049);
#1671=VERTEX_POINT('',#3050);
#1672=VERTEX_POINT('',#3051);
#1673=VERTEX_POINT('',#3052);
#1674=VERTEX_POINT('',#3053);
#1675=VERTEX_POINT('',#3054);
#1676=VERTEX_POINT('',#3055);
#1677=VERTEX_POINT('',#3056);
#1678=VERTEX_POINT('',#3057);
#1679=VERTEX_POINT('',#3058);
#1680=VERTEX_POINT('',#3059);
#1681=VERTEX_POINT('',#3060);
#1682=VERTEX_POINT('',#3061);
#1683=VERTEX_POINT('',#3062);
#1684=VERTEX_POINT('',#3063);
#1685=VERTEX_POINT('',#3064);
#1686=VERTEX_POINT('',#3065);
#1687=VERTEX_POINT('',#3066);
#1688=VERTEX_POINT('',#3067);
#1689=VERTEX_POINT('',#3068);
#1690=VERTEX_POINT('',#3069);
#1691=VERTEX_POINT('',#3070);
#1692=VERTEX_POINT('',#3071);
#1693=VERTEX_POINT('',#3072);
#1694=VERTEX_POINT('',#3073);
#1695=VERTEX_POINT('',#3074);
#1696=VERTEX_POINT('',#3075);
#1697=VERTEX_POINT('',#3076);
#1698=VERTEX_POINT('',#3077);
#1699=VERTEX_POINT('',#3078);
#1700=VERTEX_POINT('',#3079);
#1701=VERTEX_POINT('',#3080);
#1702=VERTEX_POINT('',#3081);
#1703=VERTEX_POINT('',#3082);
#1704=VERTEX_POINT('',#3083);
#1705=VERTEX_POINT('',#3084);
#1706=VERTEX_POINT('',#3085);
#1707=VERTEX_POINT('',#3086);
#1708=VERTEX_POINT('',#3087);
#1709=VERTEX_POINT('',#3088);
#1710=VERTEX_POINT('',#3089);
#1711=VERTEX_POINT('',#3090);
#1712=VERTEX_POINT('',#3091);
#1713=VERTEX_POINT('',#3092);
#1714=VERTEX_POINT('',#3093);
#1715=VERTEX_POINT('',#3094);
#1716=VERTEX_POINT('',#3095);
#1717=VERTEX_POINT('',#3096);
#1718=VERTEX_POINT('',#3097);
#1719=VERTEX_POINT('',#3098);
#1720=VERTEX_POINT('',#3099);
#1721=VERTEX_POINT('',#3100);
#1722=VERTEX_POINT('',#3101);
#1723=VERTEX_POINT('',#3102);
#1724=VERTEX_POINT('',#3103);
#1725=VERTEX_POINT('',#3104);
#1726=VERTEX_POINT('',#3105);
#1727=VERTEX_POINT('',#3106);
#1728=VERTEX_POINT('',#3107);
#1729=VERTEX_POINT('',#3108);
#1730=VERTEX_POINT('',#3109);
#1731=VERTEX_POINT('',#3110);
#1732=VERTEX_POINT('',#3111);
#1733=VERTEX_POINT('',#3112);
#1734=VERTEX_POINT('',#3113);
#1735=VERTEX_POINT('',#3114);
#1736=VERTEX_POINT('',#3115);
#1737=VERTEX_POINT('',#3116);
#1738=VERTEX_POINT('',#3117);
#1739=VERTEX_POINT('',#3118);
#1740=VERTEX_POINT('',#3119);
#1741=VERTEX_POINT('',#3120);
#1742=VERTEX_POINT('',#3121);
#1743=VERTEX_POINT('',#3122);
#1744=VERTEX_POINT('',#3123);
#1745=VERTEX_POINT('',#3124);
#1746=VERTEX_POINT('',#3125);
#1747=VERTEX_POINT('',#3126);
#1748=VERTEX_POINT('',#3127);
#1749=VERTEX_POINT('',#3128);
#1750=VERTEX_POINT('',#3129);
#1751=VERTEX_POINT('',#3130);
#1752=VERTEX_POINT('',#3131);
#1753=VERTEX_POINT('',#3132);
#1754=VERTEX_POINT('',#3133);
#1755=VERTEX_POINT('',#3134);
#1756=VERTEX_POINT('',#3135);
#1757=VERTEX_POINT('',#3136);
#1758=VERTEX_POINT('',#3137);
#1759=VERTEX_POINT('',#3138);
#1760=VERTEX_POINT('',#3139);
#1761=VERTEX_POINT('',#3140);
#1762=VERTEX_POINT('',#3141);
#1763=VERTEX_POINT('',#3142);
#1764=VERTEX_POINT('',#3143);
#1765=VERTEX_POINT('',#3144);
#1766=VERTEX_POINT('',#3145);
#1767=VERTEX_POINT('',#3146);
#1768=VERTEX_POINT('',#3147);
#1769=VERTEX_POINT('',#3148);
#1770=VERTEX_POINT('',#3149);
#1771=VERTEX_POINT('',#3150);
#1772=VERTEX_POINT('',#3151);
#1773=VERTEX_POINT('',#3152);
#1774=VERTEX_POINT('',#3153);
#1775=VERTEX_POINT('',#3154);
#1776=VERTEX_POINT('',#3155);
#1777=VERTEX_POINT('',#3156);
#1778=VERTEX_POINT('',#3157);
#1779=VERTEX_POINT('',#3158);
#1780=VERTEX_POINT('',#3159);
#1781=VERTEX_POINT('',#3160);
#1782=VERTEX_POINT('',#3161);
#1783=VERTEX_POINT('',#3162);
#1784=VERTEX_POINT('',#3163);
#1785=VERTEX_POINT('',#3164);
#1786=VERTEX_POINT('',#3165);
#1787=VERTEX_POINT('',#3166);
#1788=VERTEX_POINT('',#3167);
#1789=VERTEX_POINT('',#3168);
#1790=VERTEX_POINT('',#3169);
#1791=VERTEX_POINT('',#3170);
#1792=VERTEX_POINT('',#3171);
#1793=VERTEX_POINT('',#3172);
#1794=VERTEX_POINT('',#3173);
#1795=VERTEX_POINT('',#3174);
#1796=VERTEX_POINT('',#3175);
#1797=VERTEX_POINT('',#3176);
#1798=VERTEX_POINT('',#3177);
#1799=VERTEX_POINT('',#3178);
#1800=VERTEX_POINT('',#3179);
#1801=VERTEX_POINT('',#3180);
#1802=VERTEX_POINT('',#3181);
#1803=VERTEX_POINT('',#3182);
#1804=VERTEX_POINT('',#3183);
#1805=VERTEX_POINT('',#3184);
#1806=VERTEX_POINT('',#3185);
#1807=VERTEX_POINT('',#3186);
#1808=VERTEX_POINT('',#3187);
#1809=VERTEX_POINT('',#3188);
#1810=VERTEX_POINT('',#3189);
#1811=VERTEX_POINT('',#3190);
#1812=VERTEX_POINT('',#3191);
#1813=VERTEX_POINT('',#3192);
#1814=VERTEX_POINT('',#3193);
#1815=VERTEX_POINT('',#3194);
#1816=VERTEX_POINT('',#3195);
#1817=VERTEX_POINT('',#3196);
#1818=VERTEX_POINT('',#3197);
#1819=B_SPLINE_SURFACE_WITH_KNOTS('',1,3,((#2747,#2748,#2749,#2750,#2751,
#2752,#2753,#2754,#2755,#2756,#2757),(#2758,#2759,#2760,#2761,#2762,#2763,
#2764,#2765,#2766,#2767,#2768)),.UNSPECIFIED.,.F.,.F.,.F.,(2,2),(4,1,1,
1,1,1,1,1,4),(0.,1.),(0.,0.740353927204715,1.48070785440943,2.2329834601522,
2.98525906589498,3.73753467141363,4.48981027693228,5.23016420436469,5.97051813179709),
 .UNSPECIFIED.);
#1820=B_SPLINE_SURFACE_WITH_KNOTS('',1,3,((#2769,#2770,#2771,#2772,#2773,
#2774,#2775,#2776,#2777,#2778,#2779),(#2780,#2781,#2782,#2783,#2784,#2785,
#2786,#2787,#2788,#2789,#2790)),.UNSPECIFIED.,.F.,.F.,.F.,(2,2),(4,1,1,
1,1,1,1,1,4),(0.,1.),(0.,0.740353927183177,1.48070785436635,2.23298346010615,
2.98525906584595,3.73753467136253,4.48981027687911,5.23016420428717,5.97051813169522),
 .UNSPECIFIED.);
#1821=B_SPLINE_SURFACE_WITH_KNOTS('',1,3,((#2791,#2792,#2793,#2794,#2795,
#2796,#2797,#2798,#2799,#2800,#2801),(#2802,#2803,#2804,#2805,#2806,#2807,
#2808,#2809,#2810,#2811,#2812)),.UNSPECIFIED.,.F.,.F.,.F.,(2,2),(4,1,1,
1,1,1,1,1,4),(0.,1.),(0.,0.740353927183184,1.48070785436637,2.23298346010573,
2.9852590658451,3.73753467136168,4.48981027687826,5.23016420428608,5.97051813169391),
 .UNSPECIFIED.);
#1822=B_SPLINE_SURFACE_WITH_KNOTS('',1,3,((#2813,#2814,#2815,#2816,#2817,
#2818,#2819,#2820,#2821,#2822,#2823),(#2824,#2825,#2826,#2827,#2828,#2829,
#2830,#2831,#2832,#2833,#2834)),.UNSPECIFIED.,.F.,.F.,.F.,(2,2),(4,1,1,
1,1,1,1,1,4),(0.,1.),(0.,0.740353927204585,1.48070785440917,2.23298346015207,
2.98525906589497,3.73753467141357,4.48981027693217,5.23016420436463,5.97051813179709),
 .UNSPECIFIED.);
#1823=B_SPLINE_SURFACE_WITH_KNOTS('',1,3,((#2929,#2930,#2931,#2932,#2933,
#2934,#2935,#2936,#2937,#2938,#2939),(#2940,#2941,#2942,#2943,#2944,#2945,
#2946,#2947,#2948,#2949,#2950)),.UNSPECIFIED.,.F.,.F.,.F.,(2,2),(4,1,1,
1,1,1,1,1,4),(0.,1.),(5.97051813179709,6.71087205920491,7.45122598661273,
8.20350159212932,8.9557771976459,9.7080528033857,10.4603284091255,11.2006823363087,
11.9410362634919),.UNSPECIFIED.);
#1824=B_SPLINE_SURFACE_WITH_KNOTS('',1,3,((#2951,#2952,#2953,#2954,#2955,
#2956,#2957,#2958,#2959,#2960,#2961),(#2962,#2963,#2964,#2965,#2966,#2967,
#2968,#2969,#2970,#2971,#2972)),.UNSPECIFIED.,.F.,.F.,.F.,(2,2),(4,1,1,
1,1,1,1,1,4),(0.,1.),(5.97051813169522,6.71087205912745,7.45122598655968,
8.2035015920783,8.95577719759692,9.70805280333958,10.4603284090822,11.200682336287,
11.9410362634917),.UNSPECIFIED.);
#1825=B_SPLINE_SURFACE_WITH_KNOTS('',1,3,((#2973,#2974,#2975,#2976,#2977,
#2978,#2979,#2980,#2981,#2982,#2983),(#2984,#2985,#2986,#2987,#2988,#2989,
#2990,#2991,#2992,#2993,#2994)),.UNSPECIFIED.,.F.,.F.,.F.,(2,2),(4,1,1,
1,1,1,1,1,4),(0.,1.),(5.97051813169391,6.71087205912616,7.45122598655842,
8.20350159207722,8.95577719759602,9.70805280333889,10.4603284090818,11.2006823362863,
11.9410362634908),.UNSPECIFIED.);
#1826=B_SPLINE_SURFACE_WITH_KNOTS('',1,3,((#2995,#2996,#2997,#2998,#2999,
#3000,#3001,#3002,#3003,#3004,#3005),(#3006,#3007,#3008,#3009,#3010,#3011,
#3012,#3013,#3014,#3015,#3016)),.UNSPECIFIED.,.F.,.F.,.F.,(2,2),(4,1,1,
1,1,1,1,1,4),(0.,1.),(5.97051813179709,6.71087205920491,7.45122598661273,
8.20350159212931,8.9557771976459,9.70805280338569,10.4603284091255,11.2006823363087,
11.9410362634918),.UNSPECIFIED.);
#1827=(
BOUNDED_SURFACE()
B_SPLINE_SURFACE(1,2,((#2504,#2505,#2506,#2507,#2508),(#2509,#2510,#2511,
#2512,#2513)),.UNSPECIFIED.,.F.,.F.,.F.)
B_SPLINE_SURFACE_WITH_KNOTS((2,2),(3,2,3),(0.,1.),(0.,2.9844376183755,5.96887523675101),
 .UNSPECIFIED.)
GEOMETRIC_REPRESENTATION_ITEM()
RATIONAL_B_SPLINE_SURFACE(((1.,0.707106781186548,1.,0.707106781186548,1.),
(1.,0.707106781186548,1.,0.707106781186548,1.)))
REPRESENTATION_ITEM('')
SURFACE()
);
#1828=(
BOUNDED_SURFACE()
B_SPLINE_SURFACE(1,2,((#2516,#2517,#2518,#2519,#2520),(#2521,#2522,#2523,
#2524,#2525)),.UNSPECIFIED.,.F.,.F.,.F.)
B_SPLINE_SURFACE_WITH_KNOTS((2,2),(3,2,3),(0.,1.),(0.,2.98443761826709,
5.96887523653418),.UNSPECIFIED.)
GEOMETRIC_REPRESENTATION_ITEM()
RATIONAL_B_SPLINE_SURFACE(((1.,0.707106781186548,1.,0.707106781186548,1.),
(1.,0.707106781186548,1.,0.707106781186548,1.)))
REPRESENTATION_ITEM('')
SURFACE()
);
#1829=(
BOUNDED_SURFACE()
B_SPLINE_SURFACE(1,2,((#2528,#2529,#2530,#2531,#2532),(#2533,#2534,#2535,
#2536,#2537)),.UNSPECIFIED.,.F.,.F.,.F.)
B_SPLINE_SURFACE_WITH_KNOTS((2,2),(3,2,3),(0.,1.),(0.,2.98443761831583,
5.96887523663167),.UNSPECIFIED.)
GEOMETRIC_REPRESENTATION_ITEM()
RATIONAL_B_SPLINE_SURFACE(((1.,0.707106781186548,1.,0.707106781186548,1.),
(1.,0.707106781186548,1.,0.707106781186548,1.)))
REPRESENTATION_ITEM('')
SURFACE()
);
#1830=(
BOUNDED_SURFACE()
B_SPLINE_SURFACE(1,2,((#2540,#2541,#2542,#2543,#2544),(#2545,#2546,#2547,
#2548,#2549)),.UNSPECIFIED.,.F.,.F.,.F.)
B_SPLINE_SURFACE_WITH_KNOTS((2,2),(3,2,3),(0.,1.),(0.,2.98443761833732,
5.96887523667465),.UNSPECIFIED.)
GEOMETRIC_REPRESENTATION_ITEM()
RATIONAL_B_SPLINE_SURFACE(((1.,0.707106781186548,1.,0.707106781186548,1.),
(1.,0.707106781186548,1.,0.707106781186548,1.)))
REPRESENTATION_ITEM('')
SURFACE()
);
#1831=(
BOUNDED_SURFACE()
B_SPLINE_SURFACE(3,2,((#2550,#2551,#2552,#2553,#2554,#2555,#2556),(#2557,
#2558,#2559,#2560,#2561,#2562,#2563),(#2564,#2565,#2566,#2567,#2568,#2569,
#2570),(#2571,#2572,#2573,#2574,#2575,#2576,#2577)),.UNSPECIFIED.,.F.,.F.,
 .F.)
B_SPLINE_SURFACE_WITH_KNOTS((4,4),(3,2,2,3),(0.,20.0000000000001),(-6.69765801080143,
-4.22158934441217,-2.47606866638926,0.),.UNSPECIFIED.)
GEOMETRIC_REPRESENTATION_ITEM()
RATIONAL_B_SPLINE_SURFACE(((1.,1.,1.,0.70710678118654,1.,1.,1.),(1.,1.,
1.,0.70710678118654,1.,1.,1.),(1.,1.,1.,0.70710678118654,1.,1.,1.),(1.,
1.,1.,0.70710678118654,1.,1.,1.)))
REPRESENTATION_ITEM('')
SURFACE()
);
#1832=(
BOUNDED_SURFACE()
B_SPLINE_SURFACE(3,2,((#2579,#2580,#2581,#2582,#2583,#2584,#2585),(#2586,
#2587,#2588,#2589,#2590,#2591,#2592),(#2593,#2594,#2595,#2596,#2597,#2598,
#2599),(#2600,#2601,#2602,#2603,#2604,#2605,#2606)),.UNSPECIFIED.,.F.,.F.,
 .F.)
B_SPLINE_SURFACE_WITH_KNOTS((4,4),(3,2,2,3),(0.,20.0000000000001),(-125.28698346696,
-122.810914800571,-121.065394122548,-118.589325456158),.UNSPECIFIED.)
GEOMETRIC_REPRESENTATION_ITEM()
RATIONAL_B_SPLINE_SURFACE(((1.,1.,1.,0.70710678118654,1.,1.,1.),(1.,1.,
1.,0.70710678118654,1.,1.,1.),(1.,1.,1.,0.70710678118654,1.,1.,1.),(1.,
1.,1.,0.70710678118654,1.,1.,1.)))
REPRESENTATION_ITEM('')
SURFACE()
);
#1833=(
BOUNDED_SURFACE()
B_SPLINE_SURFACE(1,2,((#2617,#2618,#2619),(#2620,#2621,#2622)),
 .UNSPECIFIED.,.F.,.F.,.F.)
B_SPLINE_SURFACE_WITH_KNOTS((2,2),(3,3),(0.,1.),(0.,7.06840488567755),
 .UNSPECIFIED.)
GEOMETRIC_REPRESENTATION_ITEM()
RATIONAL_B_SPLINE_SURFACE(((1.,0.707106781173512,1.),(1.,0.707106781173512,
1.)))
REPRESENTATION_ITEM('')
SURFACE()
);
#1834=(
BOUNDED_SURFACE()
B_SPLINE_SURFACE(1,2,((#2624,#2625,#2626,#2627,#2628),(#2629,#2630,#2631,
#2632,#2633)),.UNSPECIFIED.,.F.,.F.,.F.)
B_SPLINE_SURFACE_WITH_KNOTS((2,2),(3,2,3),(0.,1.),(0.,7.06840488551342,
14.1368097710268),.UNSPECIFIED.)
GEOMETRIC_REPRESENTATION_ITEM()
RATIONAL_B_SPLINE_SURFACE(((1.,0.707106781186737,1.,0.707106781186737,1.),
(1.,0.707106781186737,1.,0.707106781186737,1.)))
REPRESENTATION_ITEM('')
SURFACE()
);
#1835=(
BOUNDED_SURFACE()
B_SPLINE_SURFACE(1,2,((#2635,#2636,#2637),(#2638,#2639,#2640)),
 .UNSPECIFIED.,.F.,.F.,.F.)
B_SPLINE_SURFACE_WITH_KNOTS((2,2),(3,3),(0.,1.),(0.,7.06840488567751),
 .UNSPECIFIED.)
GEOMETRIC_REPRESENTATION_ITEM()
RATIONAL_B_SPLINE_SURFACE(((1.,0.707106781173518,1.),(1.,0.707106781173518,
1.)))
REPRESENTATION_ITEM('')
SURFACE()
);
#1836=(
BOUNDED_SURFACE()
B_SPLINE_SURFACE(2,1,((#2669,#2670),(#2671,#2672),(#2673,#2674),(#2675,
#2676),(#2677,#2678),(#2679,#2680),(#2681,#2682)),.UNSPECIFIED.,.F.,.F.,
 .F.)
B_SPLINE_SURFACE_WITH_KNOTS((3,2,2,3),(2,2),(22.5347310344284,30.1670615513905,
37.7993920683526,45.0694620688569),(0.866025403784437,1.73205080756887),
 .UNSPECIFIED.)
GEOMETRIC_REPRESENTATION_ITEM()
RATIONAL_B_SPLINE_SURFACE(((1.,1.),(0.707106781186548,0.707106781186548),
(1.,1.),(0.707106781186548,0.707106781186548),(1.,1.),(1.,1.),(1.,1.)))
REPRESENTATION_ITEM('')
SURFACE()
);
#1837=(
BOUNDED_SURFACE()
B_SPLINE_SURFACE(2,1,((#2685,#2686),(#2687,#2688),(#2689,#2690),(#2691,
#2692),(#2693,#2694),(#2695,#2696),(#2697,#2698),(#2699,#2700),(#2701,#2702)),
 .UNSPECIFIED.,.F.,.F.,.F.)
B_SPLINE_SURFACE_WITH_KNOTS((3,2,2,2,3),(2,2),(15.2646610339241,22.5347310344284,
30.1670615513905,37.7993920683526,45.0694620688569),(1.73205080756887,2.59807621135331),
 .UNSPECIFIED.)
GEOMETRIC_REPRESENTATION_ITEM()
RATIONAL_B_SPLINE_SURFACE(((1.,1.),(1.,1.),(1.,1.),(0.707106781186548,0.707106781186548),
(1.,1.),(0.707106781186548,0.707106781186548),(1.,1.),(1.,1.),(1.,1.)))
REPRESENTATION_ITEM('')
SURFACE()
);
#1838=(
BOUNDED_SURFACE()
B_SPLINE_SURFACE(2,1,((#2703,#2704),(#2705,#2706),(#2707,#2708)),
 .UNSPECIFIED.,.F.,.F.,.F.)
B_SPLINE_SURFACE_WITH_KNOTS((3,3),(2,2),(16.9641717252454,22.6188956336605),
(0.,1.),.UNSPECIFIED.)
GEOMETRIC_REPRESENTATION_ITEM()
RATIONAL_B_SPLINE_SURFACE(((1.,1.),(0.707106781186549,0.707106781186549),
(1.,1.)))
REPRESENTATION_ITEM('')
SURFACE()
);
#1839=(
BOUNDED_SURFACE()
B_SPLINE_SURFACE(2,1,((#2709,#2710),(#2711,#2712),(#2713,#2714)),
 .UNSPECIFIED.,.F.,.F.,.F.)
B_SPLINE_SURFACE_WITH_KNOTS((3,3),(2,2),(0.,5.65472390841513),(0.,1.),
 .UNSPECIFIED.)
GEOMETRIC_REPRESENTATION_ITEM()
RATIONAL_B_SPLINE_SURFACE(((1.,1.),(0.707106781186547,0.707106781186547),
(1.,1.)))
REPRESENTATION_ITEM('')
SURFACE()
);
#1840=(
BOUNDED_SURFACE()
B_SPLINE_SURFACE(1,2,((#2717,#2718,#2719),(#2720,#2721,#2722)),
 .UNSPECIFIED.,.F.,.F.,.F.)
B_SPLINE_SURFACE_WITH_KNOTS((2,2),(3,3),(0.,1.),(-0.879857758303126,40.703101613104),
 .UNSPECIFIED.)
GEOMETRIC_REPRESENTATION_ITEM()
RATIONAL_B_SPLINE_SURFACE(((1.,0.757030661502107,1.),(1.,0.757030661502107,
1.)))
REPRESENTATION_ITEM('')
SURFACE()
);
#1841=(
BOUNDED_SURFACE()
B_SPLINE_SURFACE(1,2,((#2723,#2724,#2725,#2726,#2727),(#2728,#2729,#2730,
#2731,#2732)),.UNSPECIFIED.,.F.,.F.,.F.)
B_SPLINE_SURFACE_WITH_KNOTS((2,2),(3,2,3),(0.,1.),(-0.879862421199587,43.8105340599676,
88.5009305411347),.UNSPECIFIED.)
GEOMETRIC_REPRESENTATION_ITEM()
RATIONAL_B_SPLINE_SURFACE(((1.,0.72120886318451,1.,0.72120886318451,1.),
(1.,0.72120886318451,1.,0.72120886318451,1.)))
REPRESENTATION_ITEM('')
SURFACE()
);
#1842=(
BOUNDED_SURFACE()
B_SPLINE_SURFACE(1,2,((#2733,#2734,#2735),(#2736,#2737,#2738)),
 .UNSPECIFIED.,.F.,.F.,.F.)
B_SPLINE_SURFACE_WITH_KNOTS((2,2),(3,3),(0.,1.),(-1.09375185948724E-5,33.9384785818665),
 .UNSPECIFIED.)
GEOMETRIC_REPRESENTATION_ITEM()
RATIONAL_B_SPLINE_SURFACE(((1.,0.835837244311431,1.),(1.,0.835837244311431,
1.)))
REPRESENTATION_ITEM('')
SURFACE()
);
#1843=(
BOUNDED_SURFACE()
B_SPLINE_SURFACE(2,1,((#2835,#2836),(#2837,#2838),(#2839,#2840)),
 .UNSPECIFIED.,.F.,.F.,.F.)
B_SPLINE_SURFACE_WITH_KNOTS((3,3),(2,2),(-4.7214452155567E-16,7.06840488568381),
(0.,1.),.UNSPECIFIED.)
GEOMETRIC_REPRESENTATION_ITEM()
RATIONAL_B_SPLINE_SURFACE(((1.,1.),(0.707106781173258,0.707106781173258),
(1.,1.)))
REPRESENTATION_ITEM('')
SURFACE()
);
#1844=(
BOUNDED_SURFACE()
B_SPLINE_SURFACE(2,1,((#2842,#2843),(#2844,#2845),(#2846,#2847),(#2848,
#2849),(#2850,#2851)),.UNSPECIFIED.,.F.,.F.,.F.)
B_SPLINE_SURFACE_WITH_KNOTS((3,2,3),(2,2),(0.,7.06840488551423,14.1368097710285),
(0.,1.),.UNSPECIFIED.)
GEOMETRIC_REPRESENTATION_ITEM()
RATIONAL_B_SPLINE_SURFACE(((1.,1.),(0.707106781186792,0.707106781186792),
(1.,1.),(0.707106781186792,0.707106781186792),(1.,1.)))
REPRESENTATION_ITEM('')
SURFACE()
);
#1845=(
BOUNDED_SURFACE()
B_SPLINE_SURFACE(2,1,((#2853,#2854),(#2855,#2856),(#2857,#2858)),
 .UNSPECIFIED.,.F.,.F.,.F.)
B_SPLINE_SURFACE_WITH_KNOTS((3,3),(2,2),(0.,7.06840488572588),(0.,1.),
 .UNSPECIFIED.)
GEOMETRIC_REPRESENTATION_ITEM()
RATIONAL_B_SPLINE_SURFACE(((1.,1.),(0.70710678116986,0.70710678116986),
(1.,1.)))
REPRESENTATION_ITEM('')
SURFACE()
);
#1846=(
BOUNDED_SURFACE()
B_SPLINE_SURFACE(1,2,((#2866,#2867,#2868,#2869,#2870),(#2871,#2872,#2873,
#2874,#2875)),.UNSPECIFIED.,.F.,.F.,.F.)
B_SPLINE_SURFACE_WITH_KNOTS((2,2),(3,2,3),(0.,1.),(5.96887523675101,8.95331285512651,
11.937750473502),.UNSPECIFIED.)
GEOMETRIC_REPRESENTATION_ITEM()
RATIONAL_B_SPLINE_SURFACE(((1.,0.707106781186548,1.,0.707106781186548,1.),
(1.,0.707106781186548,1.,0.707106781186548,1.)))
REPRESENTATION_ITEM('')
SURFACE()
);
#1847=(
BOUNDED_SURFACE()
B_SPLINE_SURFACE(1,2,((#2877,#2878,#2879,#2880,#2881),(#2882,#2883,#2884,
#2885,#2886)),.UNSPECIFIED.,.F.,.F.,.F.)
B_SPLINE_SURFACE_WITH_KNOTS((2,2),(3,2,3),(0.,1.),(5.96887523653418,8.95331285480127,
11.9377504730684),.UNSPECIFIED.)
GEOMETRIC_REPRESENTATION_ITEM()
RATIONAL_B_SPLINE_SURFACE(((1.,0.707106781186548,1.,0.707106781186548,1.),
(1.,0.707106781186548,1.,0.707106781186548,1.)))
REPRESENTATION_ITEM('')
SURFACE()
);
#1848=(
BOUNDED_SURFACE()
B_SPLINE_SURFACE(1,2,((#2888,#2889,#2890,#2891,#2892),(#2893,#2894,#2895,
#2896,#2897)),.UNSPECIFIED.,.F.,.F.,.F.)
B_SPLINE_SURFACE_WITH_KNOTS((2,2),(3,2,3),(0.,1.),(5.96887523663167,8.9533128549475,
11.9377504732633),.UNSPECIFIED.)
GEOMETRIC_REPRESENTATION_ITEM()
RATIONAL_B_SPLINE_SURFACE(((1.,0.707106781186548,1.,0.707106781186548,1.),
(1.,0.707106781186548,1.,0.707106781186548,1.)))
REPRESENTATION_ITEM('')
SURFACE()
);
#1849=(
BOUNDED_SURFACE()
B_SPLINE_SURFACE(1,2,((#2899,#2900,#2901,#2902,#2903),(#2904,#2905,#2906,
#2907,#2908)),.UNSPECIFIED.,.F.,.F.,.F.)
B_SPLINE_SURFACE_WITH_KNOTS((2,2),(3,2,3),(0.,1.),(5.96887523667465,8.95331285501197,
11.9377504733493),.UNSPECIFIED.)
GEOMETRIC_REPRESENTATION_ITEM()
RATIONAL_B_SPLINE_SURFACE(((1.,0.707106781186548,1.,0.707106781186548,1.),
(1.,0.707106781186548,1.,0.707106781186548,1.)))
REPRESENTATION_ITEM('')
SURFACE()
);
#1850=(
BOUNDED_SURFACE()
B_SPLINE_SURFACE(2,1,((#2910,#2911),(#2912,#2913),(#2914,#2915),(#2916,
#2917),(#2918,#2919),(#2920,#2921),(#2922,#2923)),.UNSPECIFIED.,.F.,.F.,
 .F.)
B_SPLINE_SURFACE_WITH_KNOTS((3,2,2,3),(2,2),(0.,7.63233051696207,15.2646610339241,
22.5347310344284),(0.866025403784437,1.73205080756887),.UNSPECIFIED.)
GEOMETRIC_REPRESENTATION_ITEM()
RATIONAL_B_SPLINE_SURFACE(((1.,1.),(0.707106781186548,0.707106781186548),
(1.,1.),(0.707106781186548,0.707106781186548),(1.,1.),(1.,1.),(1.,1.)))
REPRESENTATION_ITEM('')
SURFACE()
);
#1851=CYLINDRICAL_SURFACE('',#2028,1.4);
#1852=CYLINDRICAL_SURFACE('',#2030,1.4);
#1853=CYLINDRICAL_SURFACE('',#2032,1.4);
#1854=CYLINDRICAL_SURFACE('',#2034,1.4);
#1855=CYLINDRICAL_SURFACE('',#2036,30.2);
#1856=CYLINDRICAL_SURFACE('',#2037,30.2);
#1857=CYLINDRICAL_SURFACE('',#2042,4.00000000000001);
#1858=CYLINDRICAL_SURFACE('',#2044,4.);
#1859=CYLINDRICAL_SURFACE('',#2046,3.99999999998919);
#1860=CYLINDRICAL_SURFACE('',#2051,2.);
#1861=CYLINDRICAL_SURFACE('',#2052,11.7500000000005);
#1862=CYLINDRICAL_SURFACE('',#2055,12.2499999999999);
#1863=CYLINDRICAL_SURFACE('',#2058,11.7500000000006);
#1864=CYLINDRICAL_SURFACE('',#2059,2.00000000000001);
#1865=CYLINDRICAL_SURFACE('',#2060,11.75);
#1866=CYLINDRICAL_SURFACE('',#2061,2.);
#1867=CYLINDRICAL_SURFACE('',#2062,11.75);
#1868=CYLINDRICAL_SURFACE('',#2063,2.);
#1869=CYLINDRICAL_SURFACE('',#2064,11.7500000000005);
#1870=CYLINDRICAL_SURFACE('',#2067,12.2499999999999);
#1871=CYLINDRICAL_SURFACE('',#2070,11.7500000000006);
#1872=CYLINDRICAL_SURFACE('',#2071,2.);
#1873=CYLINDRICAL_SURFACE('',#2072,11.75);
#1874=CYLINDRICAL_SURFACE('',#2073,2.);
#1875=CYLINDRICAL_SURFACE('',#2074,11.75);
#1876=CYLINDRICAL_SURFACE('',#2075,5.1);
#1877=CYLINDRICAL_SURFACE('',#2077,3.6);
#1878=CYLINDRICAL_SURFACE('',#2081,1.4);
#1879=CYLINDRICAL_SURFACE('',#2083,1.4);
#1880=CYLINDRICAL_SURFACE('',#2085,1.4);
#1881=CYLINDRICAL_SURFACE('',#2087,1.4);
#1882=CYLINDRICAL_SURFACE('',#2091,10.0000000000001);
#1883=CYLINDRICAL_SURFACE('',#2097,1.4);
#1884=CYLINDRICAL_SURFACE('',#2098,1.4);
#1885=CYLINDRICAL_SURFACE('',#2099,1.4);
#1886=CYLINDRICAL_SURFACE('',#2100,1.4);
#1887=CYLINDRICAL_SURFACE('',#2101,5.1);
#1888=CYLINDRICAL_SURFACE('',#2102,3.6);
#1889=CYLINDRICAL_SURFACE('',#2103,1.4);
#1890=CYLINDRICAL_SURFACE('',#2104,1.4);
#1891=CYLINDRICAL_SURFACE('',#2105,1.4);
#1892=CYLINDRICAL_SURFACE('',#2106,1.4);
#1893=PLANE('',#2023);
#1894=PLANE('',#2024);
#1895=PLANE('',#2025);
#1896=PLANE('',#2026);
#1897=PLANE('',#2027);
#1898=PLANE('',#2029);
#1899=PLANE('',#2031);
#1900=PLANE('',#2033);
#1901=PLANE('',#2035);
#1902=PLANE('',#2038);
#1903=PLANE('',#2039);
#1904=PLANE('',#2040);
#1905=PLANE('',#2041);
#1906=PLANE('',#2043);
#1907=PLANE('',#2045);
#1908=PLANE('',#2047);
#1909=PLANE('',#2048);
#1910=PLANE('',#2049);
#1911=PLANE('',#2050);
#1912=PLANE('',#2053);
#1913=PLANE('',#2054);
#1914=PLANE('',#2056);
#1915=PLANE('',#2057);
#1916=PLANE('',#2065);
#1917=PLANE('',#2066);
#1918=PLANE('',#2068);
#1919=PLANE('',#2069);
#1920=PLANE('',#2076);
#1921=PLANE('',#2078);
#1922=PLANE('',#2079);
#1923=PLANE('',#2080);
#1924=PLANE('',#2082);
#1925=PLANE('',#2084);
#1926=PLANE('',#2086);
#1927=PLANE('',#2088);
#1928=PLANE('',#2089);
#1929=PLANE('',#2090);
#1930=PLANE('',#2092);
#1931=PLANE('',#2093);
#1932=PLANE('',#2094);
#1933=PLANE('',#2095);
#1934=PLANE('',#2096);
#1935=SHAPE_DEFINITION_REPRESENTATION(#1936,#2021);
#1936=PRODUCT_DEFINITION_SHAPE($,$,#1938);
#1937=PRODUCT_DEFINITION_CONTEXT('3D Mechanical Parts',#2010,'design');
#1938=PRODUCT_DEFINITION('A','First version',#1980,#1937);
#1939=DATE_TIME_ROLE('classification_date');
#1940=DATE_TIME_ROLE('creation_date');
#1941=APPLIED_DATE_AND_TIME_ASSIGNMENT(#1965,#1939,(#1944));
#1942=APPLIED_DATE_AND_TIME_ASSIGNMENT(#1967,#1940,(#1938));
#1943=SECURITY_CLASSIFICATION_LEVEL('unclassified');
#1944=SECURITY_CLASSIFICATION('A','Security for version',#1943);
#1945=APPLIED_SECURITY_CLASSIFICATION_ASSIGNMENT(#1944,(#1980));
#1946=APPROVAL_ROLE('Version approval');
#1947=APPROVAL_ROLE('Version Security approval');
#1948=APPROVAL_ROLE('Definition approval');
#1949=APPROVAL_PERSON_ORGANIZATION(#1998,#1974,#1946);
#1950=APPROVAL_PERSON_ORGANIZATION(#1999,#1975,#1947);
#1951=APPROVAL_PERSON_ORGANIZATION(#2002,#1976,#1948);
#1952=COORDINATED_UNIVERSAL_TIME_OFFSET(5,0,.BEHIND.);
#1953=LOCAL_TIME(0,0,0.,#1952);
#1954=LOCAL_TIME(0,0,0.,#1952);
#1955=LOCAL_TIME(0,0,0.,#1952);
#1956=LOCAL_TIME(0,0,0.,#1952);
#1957=LOCAL_TIME(0,0,0.,#1952);
#1958=CALENDAR_DATE(1999,1,1);
#1959=CALENDAR_DATE(1999,1,1);
#1960=CALENDAR_DATE(1999,1,1);
#1961=CALENDAR_DATE(1999,1,1);
#1962=CALENDAR_DATE(1999,1,1);
#1963=DATE_AND_TIME(#1958,#1953);
#1964=DATE_AND_TIME(#1959,#1954);
#1965=DATE_AND_TIME(#1960,#1955);
#1966=DATE_AND_TIME(#1961,#1956);
#1967=DATE_AND_TIME(#1962,#1957);
#1968=APPROVAL_DATE_TIME(#1963,#1974);
#1969=APPROVAL_DATE_TIME(#1964,#1975);
#1970=APPROVAL_DATE_TIME(#1966,#1976);
#1971=APPROVAL_STATUS('not_yet_approved');
#1972=APPROVAL_STATUS('not_yet_approved');
#1973=APPROVAL_STATUS('approved');
#1974=APPROVAL(#1971,'Version approval');
#1975=APPROVAL(#1972,'Version Security approval');
#1976=APPROVAL(#1973,'Definition approval');
#1977=APPLIED_APPROVAL_ASSIGNMENT(#1974,(#1980));
#1978=APPLIED_APPROVAL_ASSIGNMENT(#1975,(#1944));
#1979=APPLIED_APPROVAL_ASSIGNMENT(#1976,(#1938));
#1980=PRODUCT_DEFINITION_FORMATION_WITH_SPECIFIED_SOURCE('A',
'First version',#2012,.MADE.);
#1981=PERSON_AND_ORGANIZATION_ROLE('design_owner');
#1982=PERSON_AND_ORGANIZATION_ROLE('creator');
#1983=PERSON_AND_ORGANIZATION_ROLE('design_supplier');
#1984=PERSON_AND_ORGANIZATION_ROLE('classification_officer');
#1985=PERSON_AND_ORGANIZATION_ROLE('creator');
#1986=ORGANIZATION('STI','lab','lab');
#1987=ORGANIZATION('STI','unknown','unknown');
#1988=ORGANIZATION('STI','unknown','unknown');
#1989=ORGANIZATION('STI','unknown','unknown');
#1990=ORGANIZATION('STI','unknown','unknown');
#1991=ORGANIZATION('STI','unknown','unknown');
#1992=ORGANIZATION('STI','unknown','unknown');
#1993=PERSON('1','Box','vc60',$,$,$);
#1994=PERSON('2','last','first',$,$,$);
#1995=PERSON('3','President','Mr.',$,$,$);
#1996=PERSON_AND_ORGANIZATION(#1993,#1986);
#1997=PERSON_AND_ORGANIZATION(#1994,#1987);
#1998=PERSON_AND_ORGANIZATION(#1995,#1988);
#1999=PERSON_AND_ORGANIZATION(#1995,#1989);
#2000=PERSON_AND_ORGANIZATION(#1995,#1990);
#2001=PERSON_AND_ORGANIZATION(#1994,#1991);
#2002=PERSON_AND_ORGANIZATION(#1995,#1992);
#2003=APPLIED_PERSON_AND_ORGANIZATION_ASSIGNMENT(#1996,#1981,(#2012));
#2004=APPLIED_PERSON_AND_ORGANIZATION_ASSIGNMENT(#1997,#1982,(#1980));
#2005=APPLIED_PERSON_AND_ORGANIZATION_ASSIGNMENT(#1997,#1983,(#1980));
#2006=APPLIED_PERSON_AND_ORGANIZATION_ASSIGNMENT(#2000,#1984,(#1944));
#2007=APPLIED_PERSON_AND_ORGANIZATION_ASSIGNMENT(#2001,#1985,(#1938));
#2008=PRODUCT_RELATED_PRODUCT_CATEGORY('detail','detail',(#2012));
#2009=APPLICATION_PROTOCOL_DEFINITION('International Standard',
'config_control_design',1994,#2010);
#2010=APPLICATION_CONTEXT(
'configuration controlled 3d designs of mechanical parts and assemblie
s');
#2011=PRODUCT_CONTEXT('3D Mechanical Parts',#2010,'mechanical');
#2012=PRODUCT('Document','Document','',(#2011));
#2013=(
LENGTH_UNIT()
NAMED_UNIT(*)
SI_UNIT(.MILLI.,.METRE.)
);
#2014=(
NAMED_UNIT(*)
PLANE_ANGLE_UNIT()
SI_UNIT($,.RADIAN.)
);
#2015=DIMENSIONAL_EXPONENTS(0.,0.,0.,0.,0.,0.,0.);
#2016=PLANE_ANGLE_MEASURE_WITH_UNIT(PLANE_ANGLE_MEASURE(0.01745329252),
#2014);
#2017=(
CONVERSION_BASED_UNIT('DEGREES',#2016)
NAMED_UNIT(#2015)
PLANE_ANGLE_UNIT()
);
#2018=(
NAMED_UNIT(*)
SI_UNIT($,.STERADIAN.)
SOLID_ANGLE_UNIT()
);
#2019=UNCERTAINTY_MEASURE_WITH_UNIT(LENGTH_MEASURE(0.001),#2013,
'DISTANCE_ACCURACY_VALUE',
'Maximum model space distance between geometric entities at asserted c
onnectivities');
#2020=(
GEOMETRIC_REPRESENTATION_CONTEXT(3)
GLOBAL_UNCERTAINTY_ASSIGNED_CONTEXT((#2019))
GLOBAL_UNIT_ASSIGNED_CONTEXT((#2018,#2017,#2013))
REPRESENTATION_CONTEXT('ID1','3D')
);
#2021=SHAPE_REPRESENTATION('Document',(#2022,#2207),#2020);
#2022=AXIS2_PLACEMENT_3D($,#2496,#2208,#2209);
#2023=AXIS2_PLACEMENT_3D('',#2497,#2210,$);
#2024=AXIS2_PLACEMENT_3D('',#2498,#2211,$);
#2025=AXIS2_PLACEMENT_3D('',#2499,#2212,$);
#2026=AXIS2_PLACEMENT_3D('',#2500,#2213,$);
#2027=AXIS2_PLACEMENT_3D('',#2501,#2214,$);
#2028=AXIS2_PLACEMENT_3D('',#2502,#2215,$);
#2029=AXIS2_PLACEMENT_3D('',#2503,#2216,$);
#2030=AXIS2_PLACEMENT_3D('',#2514,#2217,$);
#2031=AXIS2_PLACEMENT_3D('',#2515,#2218,$);
#2032=AXIS2_PLACEMENT_3D('',#2526,#2219,$);
#2033=AXIS2_PLACEMENT_3D('',#2527,#2220,$);
#2034=AXIS2_PLACEMENT_3D('',#2538,#2221,$);
#2035=AXIS2_PLACEMENT_3D('',#2539,#2222,$);
#2036=AXIS2_PLACEMENT_3D('',#2578,#2223,$);
#2037=AXIS2_PLACEMENT_3D('',#2607,#2224,$);
#2038=AXIS2_PLACEMENT_3D('',#2608,#2225,$);
#2039=AXIS2_PLACEMENT_3D('',#2609,#2226,$);
#2040=AXIS2_PLACEMENT_3D('',#2610,#2227,$);
#2041=AXIS2_PLACEMENT_3D('',#2611,#2228,$);
#2042=AXIS2_PLACEMENT_3D('',#2612,#2229,$);
#2043=AXIS2_PLACEMENT_3D('',#2613,#2230,$);
#2044=AXIS2_PLACEMENT_3D('',#2614,#2231,$);
#2045=AXIS2_PLACEMENT_3D('',#2615,#2232,$);
#2046=AXIS2_PLACEMENT_3D('',#2616,#2233,$);
#2047=AXIS2_PLACEMENT_3D('',#2623,#2234,$);
#2048=AXIS2_PLACEMENT_3D('',#2634,#2235,$);
#2049=AXIS2_PLACEMENT_3D('',#2641,#2236,$);
#2050=AXIS2_PLACEMENT_3D('',#2642,#2237,$);
#2051=AXIS2_PLACEMENT_3D('',#2643,#2238,$);
#2052=AXIS2_PLACEMENT_3D('',#2644,#2239,$);
#2053=AXIS2_PLACEMENT_3D('',#2645,#2240,$);
#2054=AXIS2_PLACEMENT_3D('',#2646,#2241,$);
#2055=AXIS2_PLACEMENT_3D('',#2647,#2242,$);
#2056=AXIS2_PLACEMENT_3D('',#2648,#2243,$);
#2057=AXIS2_PLACEMENT_3D('',#2649,#2244,$);
#2058=AXIS2_PLACEMENT_3D('',#2650,#2245,$);
#2059=AXIS2_PLACEMENT_3D('',#2651,#2246,$);
#2060=AXIS2_PLACEMENT_3D('',#2652,#2247,$);
#2061=AXIS2_PLACEMENT_3D('',#2653,#2248,$);
#2062=AXIS2_PLACEMENT_3D('',#2654,#2249,$);
#2063=AXIS2_PLACEMENT_3D('',#2655,#2250,$);
#2064=AXIS2_PLACEMENT_3D('',#2656,#2251,$);
#2065=AXIS2_PLACEMENT_3D('',#2657,#2252,$);
#2066=AXIS2_PLACEMENT_3D('',#2658,#2253,$);
#2067=AXIS2_PLACEMENT_3D('',#2659,#2254,$);
#2068=AXIS2_PLACEMENT_3D('',#2660,#2255,$);
#2069=AXIS2_PLACEMENT_3D('',#2661,#2256,$);
#2070=AXIS2_PLACEMENT_3D('',#2662,#2257,$);
#2071=AXIS2_PLACEMENT_3D('',#2663,#2258,$);
#2072=AXIS2_PLACEMENT_3D('',#2664,#2259,$);
#2073=AXIS2_PLACEMENT_3D('',#2665,#2260,$);
#2074=AXIS2_PLACEMENT_3D('',#2666,#2261,$);
#2075=AXIS2_PLACEMENT_3D('',#2667,#2262,$);
#2076=AXIS2_PLACEMENT_3D('',#2668,#2263,$);
#2077=AXIS2_PLACEMENT_3D('',#2683,#2264,$);
#2078=AXIS2_PLACEMENT_3D('',#2684,#2265,$);
#2079=AXIS2_PLACEMENT_3D('',#2715,#2266,$);
#2080=AXIS2_PLACEMENT_3D('',#2716,#2267,$);
#2081=AXIS2_PLACEMENT_3D('',#2739,#2268,$);
#2082=AXIS2_PLACEMENT_3D('',#2740,#2269,$);
#2083=AXIS2_PLACEMENT_3D('',#2741,#2270,$);
#2084=AXIS2_PLACEMENT_3D('',#2742,#2271,$);
#2085=AXIS2_PLACEMENT_3D('',#2743,#2272,$);
#2086=AXIS2_PLACEMENT_3D('',#2744,#2273,$);
#2087=AXIS2_PLACEMENT_3D('',#2745,#2274,$);
#2088=AXIS2_PLACEMENT_3D('',#2746,#2275,$);
#2089=AXIS2_PLACEMENT_3D('',#2841,#2276,$);
#2090=AXIS2_PLACEMENT_3D('',#2852,#2277,$);
#2091=AXIS2_PLACEMENT_3D('',#2859,#2278,$);
#2092=AXIS2_PLACEMENT_3D('',#2860,#2279,$);
#2093=AXIS2_PLACEMENT_3D('',#2861,#2280,$);
#2094=AXIS2_PLACEMENT_3D('',#2862,#2281,$);
#2095=AXIS2_PLACEMENT_3D('',#2863,#2282,$);
#2096=AXIS2_PLACEMENT_3D('',#2864,#2283,$);
#2097=AXIS2_PLACEMENT_3D('',#2865,#2284,$);
#2098=AXIS2_PLACEMENT_3D('',#2876,#2285,$);
#2099=AXIS2_PLACEMENT_3D('',#2887,#2286,$);
#2100=AXIS2_PLACEMENT_3D('',#2898,#2287,$);
#2101=AXIS2_PLACEMENT_3D('',#2909,#2288,$);
#2102=AXIS2_PLACEMENT_3D('',#2924,#2289,$);
#2103=AXIS2_PLACEMENT_3D('',#2925,#2290,$);
#2104=AXIS2_PLACEMENT_3D('',#2926,#2291,$);
#2105=AXIS2_PLACEMENT_3D('',#2927,#2292,$);
#2106=AXIS2_PLACEMENT_3D('',#2928,#2293,$);
#2107=AXIS2_PLACEMENT_3D($,#3228,#2294,#2295);
#2108=AXIS2_PLACEMENT_3D($,#3233,#2296,#2297);
#2109=AXIS2_PLACEMENT_3D($,#3238,#2298,#2299);
#2110=AXIS2_PLACEMENT_3D($,#3243,#2300,#2301);
#2111=AXIS2_PLACEMENT_3D($,#3248,#2302,#2303);
#2112=AXIS2_PLACEMENT_3D($,#3253,#2304,#2305);
#2113=AXIS2_PLACEMENT_3D($,#3258,#2306,#2307);
#2114=AXIS2_PLACEMENT_3D($,#3263,#2308,#2309);
#2115=AXIS2_PLACEMENT_3D($,#3272,#2310,#2311);
#2116=AXIS2_PLACEMENT_3D($,#3289,#2312,#2313);
#2117=AXIS2_PLACEMENT_3D($,#3374,#2314,#2315);
#2118=AXIS2_PLACEMENT_3D($,#3399,#2316,#2317);
#2119=AXIS2_PLACEMENT_3D($,#3420,#2318,#2319);
#2120=AXIS2_PLACEMENT_3D($,#3427,#2320,#2321);
#2121=AXIS2_PLACEMENT_3D($,#3488,#2322,#2323);
#2122=AXIS2_PLACEMENT_3D($,#3493,#2324,#2325);
#2123=AXIS2_PLACEMENT_3D($,#3496,#2326,#2327);
#2124=AXIS2_PLACEMENT_3D($,#3504,#2328,#2329);
#2125=AXIS2_PLACEMENT_3D($,#3509,#2330,#2331);
#2126=AXIS2_PLACEMENT_3D($,#3512,#2332,#2333);
#2127=AXIS2_PLACEMENT_3D($,#3515,#2334,#2335);
#2128=AXIS2_PLACEMENT_3D($,#3549,#2336,#2337);
#2129=AXIS2_PLACEMENT_3D($,#3552,#2338,#2339);
#2130=AXIS2_PLACEMENT_3D($,#3555,#2340,#2341);
#2131=AXIS2_PLACEMENT_3D($,#3558,#2342,#2343);
#2132=AXIS2_PLACEMENT_3D($,#3565,#2344,#2345);
#2133=AXIS2_PLACEMENT_3D($,#3568,#2346,#2347);
#2134=AXIS2_PLACEMENT_3D($,#3571,#2348,#2349);
#2135=AXIS2_PLACEMENT_3D($,#3578,#2350,#2351);
#2136=AXIS2_PLACEMENT_3D($,#3585,#2352,#2353);
#2137=AXIS2_PLACEMENT_3D($,#3588,#2354,#2355);
#2138=AXIS2_PLACEMENT_3D($,#3591,#2356,#2357);
#2139=AXIS2_PLACEMENT_3D($,#3594,#2358,#2359);
#2140=AXIS2_PLACEMENT_3D($,#3597,#2360,#2361);
#2141=AXIS2_PLACEMENT_3D($,#3600,#2362,#2363);
#2142=AXIS2_PLACEMENT_3D($,#3603,#2364,#2365);
#2143=AXIS2_PLACEMENT_3D($,#3610,#2366,#2367);
#2144=AXIS2_PLACEMENT_3D($,#3617,#2368,#2369);
#2145=AXIS2_PLACEMENT_3D($,#3620,#2370,#2371);
#2146=AXIS2_PLACEMENT_3D($,#3623,#2372,#2373);
#2147=AXIS2_PLACEMENT_3D($,#3626,#2374,#2375);
#2148=AXIS2_PLACEMENT_3D($,#3629,#2376,#2377);
#2149=AXIS2_PLACEMENT_3D($,#3639,#2378,#2379);
#2150=AXIS2_PLACEMENT_3D($,#3642,#2380,#2381);
#2151=AXIS2_PLACEMENT_3D($,#3645,#2382,#2383);
#2152=AXIS2_PLACEMENT_3D($,#3648,#2384,#2385);
#2153=AXIS2_PLACEMENT_3D($,#3651,#2386,#2387);
#2154=AXIS2_PLACEMENT_3D($,#3654,#2388,#2389);
#2155=AXIS2_PLACEMENT_3D($,#3657,#2390,#2391);
#2156=AXIS2_PLACEMENT_3D($,#3660,#2392,#2393);
#2157=AXIS2_PLACEMENT_3D($,#3672,#2394,#2395);
#2158=AXIS2_PLACEMENT_3D($,#3675,#2396,#2397);
#2159=AXIS2_PLACEMENT_3D($,#3678,#2398,#2399);
#2160=AXIS2_PLACEMENT_3D($,#3681,#2400,#2401);
#2161=AXIS2_PLACEMENT_3D($,#3684,#2402,#2403);
#2162=AXIS2_PLACEMENT_3D($,#3687,#2404,#2405);
#2163=AXIS2_PLACEMENT_3D($,#3699,#2406,#2407);
#2164=AXIS2_PLACEMENT_3D($,#3702,#2408,#2409);
#2165=AXIS2_PLACEMENT_3D($,#3711,#2410,#2411);
#2166=AXIS2_PLACEMENT_3D($,#3720,#2412,#2413);
#2167=AXIS2_PLACEMENT_3D($,#3726,#2414,#2415);
#2168=AXIS2_PLACEMENT_3D($,#3732,#2416,#2417);
#2169=AXIS2_PLACEMENT_3D($,#3735,#2418,#2419);
#2170=AXIS2_PLACEMENT_3D($,#3738,#2420,#2421);
#2171=AXIS2_PLACEMENT_3D($,#3741,#2422,#2423);
#2172=AXIS2_PLACEMENT_3D($,#3808,#2424,#2425);
#2173=AXIS2_PLACEMENT_3D($,#3811,#2426,#2427);
#2174=AXIS2_PLACEMENT_3D($,#3814,#2428,#2429);
#2175=AXIS2_PLACEMENT_3D($,#3817,#2430,#2431);
#2176=AXIS2_PLACEMENT_3D($,#3820,#2432,#2433);
#2177=AXIS2_PLACEMENT_3D($,#3823,#2434,#2435);
#2178=AXIS2_PLACEMENT_3D($,#3826,#2436,#2437);
#2179=AXIS2_PLACEMENT_3D($,#3833,#2438,#2439);
#2180=AXIS2_PLACEMENT_3D($,#3849,#2440,#2441);
#2181=AXIS2_PLACEMENT_3D($,#3866,#2442,#2443);
#2182=AXIS2_PLACEMENT_3D($,#3950,#2444,#2445);
#2183=AXIS2_PLACEMENT_3D($,#3955,#2446,#2447);
#2184=AXIS2_PLACEMENT_3D($,#3964,#2448,#2449);
#2185=AXIS2_PLACEMENT_3D($,#3973,#2450,#2451);
#2186=AXIS2_PLACEMENT_3D($,#3976,#2452,#2453);
#2187=AXIS2_PLACEMENT_3D($,#4007,#2454,#2455);
#2188=AXIS2_PLACEMENT_3D($,#4010,#2456,#2457);
#2189=AXIS2_PLACEMENT_3D($,#4015,#2458,#2459);
#2190=AXIS2_PLACEMENT_3D($,#4020,#2460,#2461);
#2191=AXIS2_PLACEMENT_3D($,#4023,#2462,#2463);
#2192=AXIS2_PLACEMENT_3D($,#4028,#2464,#2465);
#2193=AXIS2_PLACEMENT_3D($,#4033,#2466,#2467);
#2194=AXIS2_PLACEMENT_3D($,#4036,#2468,#2469);
#2195=AXIS2_PLACEMENT_3D($,#4041,#2470,#2471);
#2196=AXIS2_PLACEMENT_3D($,#4046,#2472,#2473);
#2197=AXIS2_PLACEMENT_3D($,#4049,#2474,#2475);
#2198=AXIS2_PLACEMENT_3D($,#4054,#2476,#2477);
#2199=AXIS2_PLACEMENT_3D($,#4059,#2478,#2479);
#2200=AXIS2_PLACEMENT_3D($,#4062,#2480,#2481);
#2201=AXIS2_PLACEMENT_3D($,#4083,#2482,#2483);
#2202=AXIS2_PLACEMENT_3D($,#4086,#2484,#2485);
#2203=AXIS2_PLACEMENT_3D($,#4091,#2486,#2487);
#2204=AXIS2_PLACEMENT_3D($,#4107,#2488,#2489);
#2205=AXIS2_PLACEMENT_3D($,#4123,#2490,#2491);
#2206=AXIS2_PLACEMENT_3D($,#4139,#2492,#2493);
#2207=AXIS2_PLACEMENT_3D($,#4205,#2494,#2495);
#2208=DIRECTION('',(0.,0.,1.));
#2209=DIRECTION('',(1.,0.,0.));
#2210=DIRECTION('',(0.,1.,0.));
#2211=DIRECTION('',(0.,-1.,0.));
#2212=DIRECTION('',(1.,0.,0.));
#2213=DIRECTION('',(0.,0.,-1.));
#2214=DIRECTION('',(0.447213595499958,-8.25442605954715E-18,-0.894427190999916));
#2215=DIRECTION('',(-1.,0.,0.));
#2216=DIRECTION('',(-1.,0.,0.));
#2217=DIRECTION('',(-1.,0.,0.));
#2218=DIRECTION('',(-1.,0.,0.));
#2219=DIRECTION('',(-1.,0.,0.));
#2220=DIRECTION('',(-1.,0.,0.));
#2221=DIRECTION('',(-1.,0.,0.));
#2222=DIRECTION('',(-1.,0.,0.));
#2223=DIRECTION('',(1.,5.60176397732776E-16,6.01085361230531E-16));
#2224=DIRECTION('',(1.,0.,0.));
#2225=DIRECTION('',(-8.27216225131151E-17,-0.991444861373811,0.130526192220051));
#2226=DIRECTION('',(1.,0.,0.));
#2227=DIRECTION('',(-7.13838537941097E-17,0.991444861373811,-0.130526192220051));
#2228=DIRECTION('',(-1.06655286986511E-15,0.130526192220051,0.99144486137381));
#2229=DIRECTION('',(1.,2.83041315035964E-13,2.83041315038728E-13));
#2230=DIRECTION('',(0.,0.,-1.));
#2231=DIRECTION('',(1.,-4.44089209850096E-16,3.09134867233507E-29));
#2232=DIRECTION('',(0.,0.,1.));
#2233=DIRECTION('',(1.,6.24620720227965E-12,-6.24620720228503E-12));
#2234=DIRECTION('',(-0.707106780848799,-2.14634410835541E-12,-0.707106781524296));
#2235=DIRECTION('',(-0.707106781240817,-6.05283733486687E-13,0.707106781132278));
#2236=DIRECTION('',(-0.707106780848801,2.14564964823647E-12,-0.707106781524295));
#2237=DIRECTION('',(-0.707106781240811,6.05213000695432E-13,0.707106781132284));
#2238=DIRECTION('',(1.,-2.29111288407327E-29,-3.72045977651524E-15));
#2239=DIRECTION('',(1.,-6.32216950582456E-15,-6.98819595617658E-15));
#2240=DIRECTION('',(0.,1.,0.));
#2241=DIRECTION('',(6.89742601418548E-15,0.446808510638259,0.894629618792727));
#2242=DIRECTION('',(1.,-9.73629987776351E-16,-5.50472418993913E-15));
#2243=DIRECTION('',(4.99347596683001E-15,-0.446808510638242,0.894629618792736));
#2244=DIRECTION('',(0.,-1.,0.));
#2245=DIRECTION('',(1.,1.75907529917541E-15,-5.49430786519703E-15));
#2246=DIRECTION('',(1.,-5.03751102075086E-29,-2.79034483238642E-15));
#2247=DIRECTION('',(1.,-4.60485902330149E-15,-6.80606147620657E-15));
#2248=DIRECTION('',(1.,-9.30114944128844E-16,-6.31604562187007E-15));
#2249=DIRECTION('',(1.,-4.89564377978931E-16,-3.91284052783134E-15));
#2250=DIRECTION('',(1.,-2.52641824874805E-15,-3.72045977651523E-15));
#2251=DIRECTION('',(1.,-3.81420554091059E-15,-5.23028584329162E-15));
#2252=DIRECTION('',(0.,1.,0.));
#2253=DIRECTION('',(6.89778318464499E-15,0.446808510638263,0.894629618792726));
#2254=DIRECTION('',(1.,-9.73629987776342E-16,-4.12854314245435E-15));
#2255=DIRECTION('',(4.99630218067933E-15,-0.446808510638247,0.894629618792734));
#2256=DIRECTION('',(0.,-1.,0.));
#2257=DIRECTION('',(1.,1.7590752991754E-15,-5.49430786519703E-15));
#2258=DIRECTION('',(1.,-2.52641824874808E-15,-2.7903448323864E-15));
#2259=DIRECTION('',(1.,-2.89322094837528E-15,-5.09442340128037E-15));
#2260=DIRECTION('',(1.,-9.30114944128839E-16,-6.31604562187008E-15));
#2261=DIRECTION('',(1.,-4.89564377978927E-16,-3.91284052783134E-15));
#2262=DIRECTION('',(-1.,0.,0.));
#2263=DIRECTION('',(1.,0.,0.));
#2264=DIRECTION('',(1.,0.,0.));
#2265=DIRECTION('',(-1.,0.,0.));
#2266=DIRECTION('',(1.,0.,0.));
#2267=DIRECTION('',(-1.,0.,0.));
#2268=DIRECTION('',(0.,-0.573576436351047,-0.819152044288991));
#2269=DIRECTION('',(-3.45003404517914E-16,-0.573576436351047,-0.819152044288991));
#2270=DIRECTION('',(0.,0.573576436351046,-0.819152044288992));
#2271=DIRECTION('',(2.51921343112469E-16,0.573576436351047,-0.819152044288992));
#2272=DIRECTION('',(0.,-0.573576436351048,0.81915204428899));
#2273=DIRECTION('',(3.45003404517914E-16,-0.573576436351047,0.819152044288991));
#2274=DIRECTION('',(0.,0.573576436351045,0.819152044288993));
#2275=DIRECTION('',(-2.51921343112469E-16,0.573576436351047,0.819152044288992));
#2276=DIRECTION('',(0.707106781186547,1.39284864629717E-15,-0.707106781186547));
#2277=DIRECTION('',(0.707106781186552,1.41875517181819E-15,0.707106781186543));
#2278=DIRECTION('',(2.54251433012408E-14,-1.,-6.90030803407242E-14));
#2279=DIRECTION('',(0.6,0.,0.8));
#2280=DIRECTION('',(0.,0.,1.));
#2281=DIRECTION('',(0.,-1.,0.));
#2282=DIRECTION('',(0.,1.,0.));
#2283=DIRECTION('',(0.,0.,1.));
#2284=DIRECTION('',(-1.,0.,0.));
#2285=DIRECTION('',(-1.,0.,0.));
#2286=DIRECTION('',(-1.,0.,0.));
#2287=DIRECTION('',(-1.,0.,0.));
#2288=DIRECTION('',(-1.,0.,0.));
#2289=DIRECTION('',(1.,0.,0.));
#2290=DIRECTION('',(0.,-0.573576436351047,-0.819152044288991));
#2291=DIRECTION('',(0.,0.573576436351047,-0.819152044288991));
#2292=DIRECTION('',(0.,-0.573576436351047,0.819152044288991));
#2293=DIRECTION('',(0.,0.573576436351047,0.819152044288991));
#2294=DIRECTION('',(-1.,0.,0.));
#2295=DIRECTION('',(0.,-1.,0.));
#2296=DIRECTION('',(-1.,0.,0.));
#2297=DIRECTION('',(0.,-1.,0.));
#2298=DIRECTION('',(-1.,0.,0.));
#2299=DIRECTION('',(0.,-1.,1.26882631385732E-15));
#2300=DIRECTION('',(-1.,0.,0.));
#2301=DIRECTION('',(0.,-1.,0.));
#2302=DIRECTION('',(-1.,0.,0.));
#2303=DIRECTION('',(0.,-1.,-2.53765262771465E-15));
#2304=DIRECTION('',(-1.,0.,0.));
#2305=DIRECTION('',(0.,-1.,-6.34413156928663E-15));
#2306=DIRECTION('',(-1.,0.,0.));
#2307=DIRECTION('',(0.,-1.,-2.53765262771465E-15));
#2308=DIRECTION('',(-1.,0.,0.));
#2309=DIRECTION('',(0.,-1.,-3.80647894157197E-15));
#2310=DIRECTION('',(1.,8.25523112448301E-16,3.79632859724548E-16));
#2311=DIRECTION('',(-8.5019096287693E-16,0.997521048289539,0.0703687304087456));
#2312=DIRECTION('',(1.,2.76127178279133E-32,5.06177146299392E-16));
#2313=DIRECTION('',(3.56190431470101E-17,-0.997521048289539,-0.0703687304087441));
#2314=DIRECTION('',(-1.,-1.81395324761156E-15,-6.11118884253147E-15));
#2315=DIRECTION('',(-5.8819762894048E-15,-0.106220311317701,0.994342619756174));
#2316=DIRECTION('',(-1.,-1.34015774166154E-16,-1.34015774164741E-16));
#2317=DIRECTION('',(-1.38777878076896E-16,8.99968988213545E-12,1.));
#2318=DIRECTION('',(-1.,6.03070983738156E-16,-6.03070983750861E-16));
#2319=DIRECTION('',(6.10622663543841E-16,1.,-1.05293551655451E-11));
#2320=DIRECTION('',(-1.,0.,0.));
#2321=DIRECTION('',(0.,-1.33226762955019E-15,-1.));
#2322=DIRECTION('',(-1.,0.,0.));
#2323=DIRECTION('',(0.,-0.99144486137381,0.130526192220052));
#2324=DIRECTION('',(-1.,0.,0.));
#2325=DIRECTION('',(0.,-0.99144486137381,0.130526192220052));
#2326=DIRECTION('',(1.,0.,0.));
#2327=DIRECTION('',(0.,-0.99144486137381,0.130526192220051));
#2328=DIRECTION('',(-1.,-5.69402419704919E-33,2.03553352417312E-48));
#2329=DIRECTION('',(5.6940241970492E-33,-1.,8.66515531414755E-16));
#2330=DIRECTION('',(-1.,-2.87458153943183E-14,1.88410028239125E-15));
#2331=DIRECTION('',(2.87578602906399E-14,-1.,-4.93432455388996E-15));
#2332=DIRECTION('',(-1.,1.35198791596531E-15,-1.54164675223123E-15));
#2333=DIRECTION('',(-1.54197642308241E-15,-0.991444861373997,0.130526192218634));
#2334=DIRECTION('',(-1.,5.2117245508941E-16,5.21172455086297E-16));
#2335=DIRECTION('',(-5.24271983848094E-16,-5.10369524417581E-12,-1.));
#2336=DIRECTION('',(-1.,-5.69402419708164E-33,-6.57831633802232E-33));
#2337=DIRECTION('',(8.70035386636904E-33,-0.654458920239065,-0.756097560979744));
#2338=DIRECTION('',(-1.,0.,0.));
#2339=DIRECTION('',(0.,-7.03141248927162E-15,1.));
#2340=DIRECTION('',(-1.,-1.2783759725077E-14,-1.19942678078923E-14));
#2341=DIRECTION('',(-1.18423789194681E-14,-8.51840177932207E-10,1.));
#2342=DIRECTION('',(-1.,-2.7875281026276E-14,-2.78752810265193E-14));
#2343=DIRECTION('',(-2.84217094301419E-14,-7.71160912897521E-13,1.));
#2344=DIRECTION('',(-1.,-6.28893986259639E-13,6.29782164687226E-13));
#2345=DIRECTION('',(-6.28830321147619E-13,1.,-1.37490019369564E-12));
#2346=DIRECTION('',(-1.,0.,0.));
#2347=DIRECTION('',(0.,-0.296887267070482,-0.954912535602827));
#2348=DIRECTION('',(-1.,1.00318558596558E-14,7.0316404515398E-15));
#2349=DIRECTION('',(-1.11872686055841E-14,-0.489361702127657,-0.872080916251882));
#2350=DIRECTION('',(-1.,2.85843442440666E-29,5.50472418993915E-15));
#2351=DIRECTION('',(-4.93029653384562E-15,0.446808510638253,-0.89462961879273));
#2352=DIRECTION('',(-1.,2.50796396491398E-15,-1.75791011288499E-15));
#2353=DIRECTION('',(2.72122749865557E-15,0.986702234595005,-0.162538303932405));
#2354=DIRECTION('',(-1.,-2.52641824874804E-15,3.75977498924845E-29));
#2355=DIRECTION('',(-1.77635683940025E-15,0.296887267070494,0.954912535602823));
#2356=DIRECTION('',(-1.,4.56436819980325E-15,4.56436819980322E-15));
#2357=DIRECTION('',(5.14009638634965E-15,0.1625383039324,0.986702234595006));
#2358=DIRECTION('',(-1.,3.05481717876437E-29,5.05283649749607E-15));
#2359=DIRECTION('',(0.,-0.954912535602826,0.296887267070484));
#2360=DIRECTION('',(-1.,-2.2821840999016E-15,2.28218409990162E-15));
#2361=DIRECTION('',(2.41886888769396E-15,-0.986702234595006,0.162538303932401));
#2362=DIRECTION('',(-1.,5.05283649749604E-15,-2.46735233669429E-29));
#2363=DIRECTION('',(-1.77635683940025E-15,-0.296887267070477,-0.954912535602829));
#2364=DIRECTION('',(-1.,5.01592792982792E-15,3.5158202257699E-15));
#2365=DIRECTION('',(-5.44245499731116E-15,-0.489361702127657,-0.872080916251882));
#2366=DIRECTION('',(-1.,4.64495593966083E-29,1.10094483798783E-14));
#2367=DIRECTION('',(-9.86059306769119E-15,0.446808510638252,-0.894629618792731));
#2368=DIRECTION('',(-1.,-5.01592792982795E-15,3.51582022576999E-15));
#2369=DIRECTION('',(-5.44245499731112E-15,0.986702234595005,-0.162538303932406));
#2370=DIRECTION('',(-1.,0.,0.));
#2371=DIRECTION('',(0.,0.296887267070492,0.954912535602824));
#2372=DIRECTION('',(-1.,3.42327614985244E-15,3.42327614985241E-15));
#2373=DIRECTION('',(4.23302055346442E-15,0.162538303932402,0.986702234595006));
#2374=DIRECTION('',(-1.,2.11487343145227E-29,5.05283649749609E-15));
#2375=DIRECTION('',(0.,-0.954912535602826,0.296887267070484));
#2376=DIRECTION('',(-1.,-3.42327614985241E-15,3.42327614985244E-15));
#2377=DIRECTION('',(3.93066194250267E-15,-0.986702234595006,0.162538303932401));
#2378=DIRECTION('',(-1.,-2.0087969828489E-16,-2.00879698466098E-16));
#2379=DIRECTION('',(-2.0087969828489E-16,-9.02071897957067E-10,1.));
#2380=DIRECTION('',(1.,2.52641824874793E-15,-9.30114944128811E-15));
#2381=DIRECTION('',(9.63184560634901E-15,-0.296887267070474,0.954912535602829));
#2382=DIRECTION('',(1.,2.52641824874793E-15,-9.30114944128811E-15));
#2383=DIRECTION('',(9.63184560634901E-15,-0.296887267070472,0.95491253560283));
#2384=DIRECTION('',(1.,-1.08303473071542E-15,-6.98804092993673E-15));
#2385=DIRECTION('',(6.71908097277959E-15,-0.162538303932392,0.986702234595008));
#2386=DIRECTION('',(1.,-1.86022988825765E-15,-7.57925474624407E-15));
#2387=DIRECTION('',(4.02654106744357E-15,0.954912535602831,0.29688726707047));
#2388=DIRECTION('',(1.,-4.22574321161775E-15,-7.89441396645958E-15));
#2389=DIRECTION('',(5.45269492637644E-15,0.986702234595008,0.162538303932391));
#2390=DIRECTION('',(1.,-5.05283649749608E-15,-7.44091955303041E-15));
#2391=DIRECTION('',(-5.60530453890542E-15,0.296887267070469,-0.954912535602831));
#2392=DIRECTION('',(1.,6.09808421546171E-16,-8.09780461754552E-15));
#2393=DIRECTION('',(-7.36035775763744E-15,0.489361702127655,-0.872080916251883));
#2394=DIRECTION('',(1.,-1.77314205334165E-15,-6.35643112363088E-15));
#2395=DIRECTION('',(-2.78272676018464E-15,-0.986702234595007,-0.162538303932396));
#2396=DIRECTION('',(1.,-2.34207646849388E-15,-5.72899919215826E-15));
#2397=DIRECTION('',(5.27213916802658E-15,-0.162538303932392,0.986702234595008));
#2398=DIRECTION('',(1.,-1.86022988825765E-15,-7.57925474624406E-15));
#2399=DIRECTION('',(4.02654106744357E-15,0.954912535602831,0.296887267070469));
#2400=DIRECTION('',(1.,-2.96670147383929E-15,-6.63537222868113E-15));
#2401=DIRECTION('',(4.00575312162346E-15,0.986702234595007,0.162538303932393));
#2402=DIRECTION('',(1.,-5.05283649749607E-15,-7.44091955303041E-15));
#2403=DIRECTION('',(-5.60530453890546E-15,0.296887267070464,-0.954912535602833));
#2404=DIRECTION('',(1.,6.09808421546172E-16,-8.09780461754552E-15));
#2405=DIRECTION('',(-7.36035775763744E-15,0.489361702127655,-0.872080916251883));
#2406=DIRECTION('',(1.,-1.77314205334164E-15,-6.35643112363088E-15));
#2407=DIRECTION('',(-2.78272676018462E-15,-0.986702234595007,-0.162538303932393));
#2408=DIRECTION('',(-1.,1.44147426709118E-15,-1.44147426828808E-15));
#2409=DIRECTION('',(1.44147426726522E-15,1.,-1.20739369003766E-10));
#2410=DIRECTION('',(-1.,9.86864910557309E-17,-4.73043850317163E-28));
#2411=DIRECTION('',(9.1712469076939E-27,8.81401618262595E-11,-1.));
#2412=DIRECTION('',(1.,-1.94725997555268E-15,-6.64968177330706E-15));
#2413=DIRECTION('',(-6.81905459944882E-15,-0.446808510638262,-0.894629618792726));
#2414=DIRECTION('',(1.,-1.94725997555268E-15,-6.64968177330706E-15));
#2415=DIRECTION('',(-6.81905459944882E-15,-0.446808510638262,-0.894629618792726));
#2416=DIRECTION('',(-1.,0.,0.));
#2417=DIRECTION('',(0.,-1.,-1.86984930463184E-15));
#2418=DIRECTION('',(-1.,0.,0.));
#2419=DIRECTION('',(0.,-1.,-1.86984930463184E-15));
#2420=DIRECTION('',(-1.,0.,0.));
#2421=DIRECTION('',(0.,-1.,-2.80477395694776E-15));
#2422=DIRECTION('',(-1.,0.,0.));
#2423=DIRECTION('',(0.,-1.,-8.41432187084334E-15));
#2424=DIRECTION('',(-1.,-6.48625302637872E-16,4.42905003012192E-16));
#2425=DIRECTION('',(-5.8819762894048E-16,0.997521048289511,-0.0703687304091396));
#2426=DIRECTION('',(-1.,-1.10780662458143E-15,3.04718149660741E-16));
#2427=DIRECTION('',(1.0587556502168E-15,-0.997521043734038,0.0703687949858088));
#2428=DIRECTION('',(-1.,-7.42286112605375E-16,6.89005956430803E-16));
#2429=DIRECTION('',(7.30010252088098E-16,-0.999188204939614,0.0402856191407215));
#2430=DIRECTION('',(-1.,-6.08835487738618E-16,6.33876637703579E-16));
#2431=DIRECTION('',(-6.08341266827988E-16,0.99918825213032,-0.040284448671378));
#2432=DIRECTION('',(-1.,-1.49641135358985E-15,1.21372310345028E-16));
#2433=DIRECTION('',(-4.70558082586056E-16,0.359955809787949,0.932969353730283));
#2434=DIRECTION('',(-1.,-1.00013604362613E-15,1.10619659972738E-16));
#2435=DIRECTION('',(-2.43336597996008E-16,0.3676790873195,0.929952734684887));
#2436=DIRECTION('',(0.,-0.573576436351046,-0.819152044288991));
#2437=DIRECTION('',(1.,0.,-1.26882631385732E-15));
#2438=DIRECTION('',(0.,0.573576436351046,-0.819152044288992));
#2439=DIRECTION('',(1.,1.26882631385732E-15,0.));
#2440=DIRECTION('',(0.,-0.573576436351046,0.819152044288991));
#2441=DIRECTION('',(1.,0.,0.));
#2442=DIRECTION('',(0.,0.573576436351046,0.819152044288992));
#2443=DIRECTION('',(1.,-1.26882631385732E-15,2.53765262771464E-15));
#2444=DIRECTION('',(-1.,-8.88178419700739E-16,-3.55628356835193E-28));
#2445=DIRECTION('',(0.,-2.90656387846866E-13,-1.));
#2446=DIRECTION('',(-1.,0.,0.));
#2447=DIRECTION('',(0.,-8.09623972643591E-13,-1.));
#2448=DIRECTION('',(-1.,-3.15279841432404E-13,3.13700857580918E-13));
#2449=DIRECTION('',(-3.1500727899544E-13,1.,9.44074446673552E-12));
#2450=DIRECTION('',(-1.82662719926892E-14,1.,6.39164550666169E-14));
#2451=DIRECTION('',(0.447213595499963,6.53699316899297E-14,-0.894427190999913));
#2452=DIRECTION('',(9.88561282874412E-15,-1.,-3.17805918493682E-14));
#2453=DIRECTION('',(0.,3.19744231092048E-14,-1.));
#2454=DIRECTION('',(-1.,0.,0.));
#2455=DIRECTION('',(0.,1.,-1.26882631385732E-15));
#2456=DIRECTION('',(-1.,0.,0.));
#2457=DIRECTION('',(0.,1.,-1.26882631385732E-15));
#2458=DIRECTION('',(-1.,0.,0.));
#2459=DIRECTION('',(0.,1.,2.80477395694776E-15));
#2460=DIRECTION('',(-1.,0.,0.));
#2461=DIRECTION('',(0.,1.,-1.26882631385732E-15));
#2462=DIRECTION('',(-1.,0.,0.));
#2463=DIRECTION('',(0.,1.,1.26882631385732E-15));
#2464=DIRECTION('',(-1.,0.,0.));
#2465=DIRECTION('',(0.,1.,2.80477395694776E-15));
#2466=DIRECTION('',(-1.,0.,0.));
#2467=DIRECTION('',(0.,1.,-2.53765262771464E-15));
#2468=DIRECTION('',(-1.,0.,0.));
#2469=DIRECTION('',(0.,1.,-1.26882631385733E-15));
#2470=DIRECTION('',(-1.,0.,0.));
#2471=DIRECTION('',(0.,1.,7.47939721852743E-15));
#2472=DIRECTION('',(-1.,0.,0.));
#2473=DIRECTION('',(0.,1.,2.53765262771465E-15));
#2474=DIRECTION('',(-1.,0.,0.));
#2475=DIRECTION('',(0.,1.,-2.53765262771465E-15));
#2476=DIRECTION('',(-1.,0.,0.));
#2477=DIRECTION('',(0.,1.,1.86984930463184E-15));
#2478=DIRECTION('',(-1.,0.,0.));
#2479=DIRECTION('',(0.,0.99144486137381,-0.130526192220052));
#2480=DIRECTION('',(-1.,0.,0.));
#2481=DIRECTION('',(0.,0.99144486137381,-0.130526192220052));
#2482=DIRECTION('',(1.,0.,0.));
#2483=DIRECTION('',(0.,0.99144486137381,-0.130526192220051));
#2484=DIRECTION('',(-1.,-4.09693307866364E-17,4.67165682496743E-17));
#2485=DIRECTION('',(-3.08395284617177E-17,0.991444861373424,-0.130526192222985));
#2486=DIRECTION('',(0.,-0.573576436351046,-0.819152044288991));
#2487=DIRECTION('',(-1.,0.,0.));
#2488=DIRECTION('',(0.,0.573576436351046,-0.819152044288992));
#2489=DIRECTION('',(-1.,-1.26882631385732E-15,-2.53765262771464E-15));
#2490=DIRECTION('',(0.,-0.573576436351046,0.819152044288991));
#2491=DIRECTION('',(-1.,0.,0.));
#2492=DIRECTION('',(0.,0.573576436351046,0.819152044288992));
#2493=DIRECTION('',(-1.,0.,1.26882631385732E-15));
#2494=DIRECTION('',(0.,0.,1.));
#2495=DIRECTION('',(1.,0.,0.));
#2496=CARTESIAN_POINT('',(0.,0.,0.));
#2497=CARTESIAN_POINT('',(31.9999999999999,10.,-16.65));
#2498=CARTESIAN_POINT('',(19.9999999999999,-10.,-16.65));
#2499=CARTESIAN_POINT('',(31.9999999999999,-10.,-14.65));
#2500=CARTESIAN_POINT('',(19.9999999999999,-10.,-16.65));
#2501=CARTESIAN_POINT('',(31.9999999999999,-10.,-14.65));
#2502=CARTESIAN_POINT('',(8.25,3.74999999999993,-12.));
#2503=CARTESIAN_POINT('',(16.,5.17799999999993,-13.428));
#2504=CARTESIAN_POINT('',(0.5,2.34999999999993,-12.));
#2505=CARTESIAN_POINT('',(0.5,2.34999999999993,-10.6));
#2506=CARTESIAN_POINT('',(0.5,3.74999999999993,-10.6));
#2507=CARTESIAN_POINT('',(0.5,5.14999999999993,-10.6));
#2508=CARTESIAN_POINT('',(0.5,5.14999999999993,-12.));
#2509=CARTESIAN_POINT('',(0.,1.84999999999993,-12.));
#2510=CARTESIAN_POINT('',(0.,1.84999999999992,-10.1));
#2511=CARTESIAN_POINT('',(0.,3.74999999999993,-10.1));
#2512=CARTESIAN_POINT('',(0.,5.64999999999993,-10.1));
#2513=CARTESIAN_POINT('',(0.,5.64999999999994,-12.));
#2514=CARTESIAN_POINT('',(8.25,-3.74999999999995,11.9999999999999));
#2515=CARTESIAN_POINT('',(16.,-2.32199999999995,10.5719999999999));
#2516=CARTESIAN_POINT('',(0.5,-5.14999999999995,11.9999999999999));
#2517=CARTESIAN_POINT('',(0.5,-5.14999999999995,13.3999999999999));
#2518=CARTESIAN_POINT('',(0.5,-3.74999999999995,13.3999999999999));
#2519=CARTESIAN_POINT('',(0.5,-2.34999999999995,13.3999999999999));
#2520=CARTESIAN_POINT('',(0.5,-2.34999999999995,11.9999999999999));
#2521=CARTESIAN_POINT('',(0.,-5.64999999999995,11.9999999999999));
#2522=CARTESIAN_POINT('',(0.,-5.64999999999995,13.8999999999999));
#2523=CARTESIAN_POINT('',(0.,-3.74999999999995,13.8999999999999));
#2524=CARTESIAN_POINT('',(0.,-1.84999999999995,13.8999999999999));
#2525=CARTESIAN_POINT('',(0.,-1.84999999999995,11.9999999999999));
#2526=CARTESIAN_POINT('',(8.25,-22.7500000000001,-12.));
#2527=CARTESIAN_POINT('',(16.,-21.3220000000001,-13.428));
#2528=CARTESIAN_POINT('',(0.5,-24.1500000000001,-12.));
#2529=CARTESIAN_POINT('',(0.5,-24.1500000000001,-10.6));
#2530=CARTESIAN_POINT('',(0.5,-22.7500000000001,-10.6));
#2531=CARTESIAN_POINT('',(0.5,-21.3500000000001,-10.6));
#2532=CARTESIAN_POINT('',(0.5,-21.3500000000001,-12.));
#2533=CARTESIAN_POINT('',(0.,-24.6500000000001,-12.));
#2534=CARTESIAN_POINT('',(0.,-24.6500000000001,-10.1000000000001));
#2535=CARTESIAN_POINT('',(0.,-22.7500000000001,-10.1));
#2536=CARTESIAN_POINT('',(0.,-20.8500000000001,-10.1));
#2537=CARTESIAN_POINT('',(0.,-20.8500000000001,-12.));
#2538=CARTESIAN_POINT('',(8.25,22.7500000000001,11.9999999999999));
#2539=CARTESIAN_POINT('',(16.,24.1780000000001,10.5719999999999));
#2540=CARTESIAN_POINT('',(0.5,21.3500000000001,11.9999999999999));
#2541=CARTESIAN_POINT('',(0.5,21.3500000000001,13.3999999999999));
#2542=CARTESIAN_POINT('',(0.5,22.75,13.3999999999999));
#2543=CARTESIAN_POINT('',(0.5,24.15,13.3999999999999));
#2544=CARTESIAN_POINT('',(0.5,24.1500000000001,11.9999999999999));
#2545=CARTESIAN_POINT('',(0.,20.8500000000001,11.9999999999999));
#2546=CARTESIAN_POINT('',(0.,20.85,13.8999999999999));
#2547=CARTESIAN_POINT('',(0.,22.75,13.8999999999999));
#2548=CARTESIAN_POINT('',(0.,24.6500000000001,13.8999999999999));
#2549=CARTESIAN_POINT('',(0.,24.6500000000001,11.9999999999999));
#2550=CARTESIAN_POINT('',(19.9999999999998,30.1251356583441,-2.12513565834407));
#2551=CARTESIAN_POINT('',(19.9999999999998,29.4161212197653,-1.41612121976531));
#2552=CARTESIAN_POINT('',(19.9999999999999,28.7071067811865,-0.707106781186548));
#2553=CARTESIAN_POINT('',(19.9999999999999,28.,2.16409964675652E-15));
#2554=CARTESIAN_POINT('',(19.9999999999999,28.7071067811865,0.707106781186552));
#2555=CARTESIAN_POINT('',(19.9999999999998,29.4161212197653,1.41612121976533));
#2556=CARTESIAN_POINT('',(19.9999999999998,30.1251356583441,2.12513565834411));
#2557=CARTESIAN_POINT('',(13.3333333333331,30.1251356583441,-2.12513565834407));
#2558=CARTESIAN_POINT('',(13.3333333333331,29.4161212197653,-1.41612121976531));
#2559=CARTESIAN_POINT('',(13.3333333333332,28.7071067811865,-0.707106781186548));
#2560=CARTESIAN_POINT('',(13.3333333333332,28.,2.16409964675652E-15));
#2561=CARTESIAN_POINT('',(13.3333333333332,28.7071067811865,0.707106781186552));
#2562=CARTESIAN_POINT('',(13.3333333333331,29.4161212197653,1.41612121976533));
#2563=CARTESIAN_POINT('',(13.3333333333331,30.1251356583441,2.12513565834411));
#2564=CARTESIAN_POINT('',(6.6666666666664,30.1251356583441,-2.12513565834407));
#2565=CARTESIAN_POINT('',(6.66666666666644,29.4161212197653,-1.41612121976531));
#2566=CARTESIAN_POINT('',(6.66666666666648,28.7071067811865,-0.707106781186548));
#2567=CARTESIAN_POINT('',(6.66666666666648,28.,2.16409964675652E-15));
#2568=CARTESIAN_POINT('',(6.66666666666648,28.7071067811865,0.707106781186552));
#2569=CARTESIAN_POINT('',(6.66666666666644,29.4161212197653,1.41612121976533));
#2570=CARTESIAN_POINT('',(6.6666666666664,30.1251356583441,2.12513565834411));
#2571=CARTESIAN_POINT('',(-2.98427949019242E-13,30.1251356583441,-2.12513565834407));
#2572=CARTESIAN_POINT('',(-2.62900812231237E-13,29.4161212197653,-1.41612121976531));
#2573=CARTESIAN_POINT('',(-2.27373675443232E-13,28.7071067811865,-0.707106781186548));
#2574=CARTESIAN_POINT('',(-2.22953129133098E-13,28.,2.16409964675652E-15));
#2575=CARTESIAN_POINT('',(-2.27373675443232E-13,28.7071067811865,0.707106781186552));
#2576=CARTESIAN_POINT('',(-2.62900812231237E-13,29.4161212197653,1.41612121976533));
#2577=CARTESIAN_POINT('',(-2.98427949019242E-13,30.1251356583441,2.12513565834411));
#2578=CARTESIAN_POINT('',(9.49999999999983,-6.73378065950489E-15,-3.76155728183639E-15));
#2579=CARTESIAN_POINT('',(19.9999999999998,-30.1251356583441,2.1251356583441));
#2580=CARTESIAN_POINT('',(19.9999999999999,-29.4161212197653,1.41612121976533));
#2581=CARTESIAN_POINT('',(19.9999999999999,-28.7071067811865,0.707106781186552));
#2582=CARTESIAN_POINT('',(19.9999999999999,-28.,2.16409964675652E-15));
#2583=CARTESIAN_POINT('',(19.9999999999999,-28.7071067811865,-0.707106781186548));
#2584=CARTESIAN_POINT('',(19.9999999999998,-29.4161212197653,-1.41612121976531));
#2585=CARTESIAN_POINT('',(19.9999999999998,-30.1251356583441,-2.12513565834407));
#2586=CARTESIAN_POINT('',(13.3333333333331,-30.1251356583441,2.1251356583441));
#2587=CARTESIAN_POINT('',(13.3333333333332,-29.4161212197653,1.41612121976533));
#2588=CARTESIAN_POINT('',(13.3333333333332,-28.7071067811865,0.707106781186552));
#2589=CARTESIAN_POINT('',(13.3333333333332,-28.,2.16409964675652E-15));
#2590=CARTESIAN_POINT('',(13.3333333333332,-28.7071067811865,-0.707106781186548));
#2591=CARTESIAN_POINT('',(13.3333333333331,-29.4161212197653,-1.41612121976531));
#2592=CARTESIAN_POINT('',(13.3333333333331,-30.1251356583441,-2.12513565834407));
#2593=CARTESIAN_POINT('',(6.66666666666644,-30.1251356583441,2.1251356583441));
#2594=CARTESIAN_POINT('',(6.66666666666648,-29.4161212197653,1.41612121976533));
#2595=CARTESIAN_POINT('',(6.66666666666648,-28.7071067811865,0.707106781186552));
#2596=CARTESIAN_POINT('',(6.66666666666648,-28.,2.16409964675652E-15));
#2597=CARTESIAN_POINT('',(6.66666666666648,-28.7071067811865,-0.707106781186548));
#2598=CARTESIAN_POINT('',(6.66666666666644,-29.4161212197653,-1.41612121976531));
#2599=CARTESIAN_POINT('',(6.6666666666664,-30.1251356583441,-2.12513565834407));
#2600=CARTESIAN_POINT('',(-2.62900812231237E-13,-30.1251356583441,2.1251356583441));
#2601=CARTESIAN_POINT('',(-2.27373675443232E-13,-29.4161212197653,1.41612121976533));
#2602=CARTESIAN_POINT('',(-2.27373675443232E-13,-28.7071067811865,0.707106781186552));
#2603=CARTESIAN_POINT('',(-2.22953129133098E-13,-28.,2.16409964675652E-15));
#2604=CARTESIAN_POINT('',(-2.27373675443232E-13,-28.7071067811865,-0.707106781186548));
#2605=CARTESIAN_POINT('',(-2.62900812231237E-13,-29.4161212197653,-1.41612121976531));
#2606=CARTESIAN_POINT('',(-2.98427949019242E-13,-30.1251356583441,-2.12513565834407));
#2607=CARTESIAN_POINT('',(9.4999999999998,1.32510449294207E-15,1.71821636957169E-15));
#2608=CARTESIAN_POINT('',(19.9999999999999,9.31041426038295,16.3244046231419));
#2609=CARTESIAN_POINT('',(10.5,9.31041426038295,16.3244046231419));
#2610=CARTESIAN_POINT('',(10.5,-4.76810277112516,18.1778765526667));
#2611=CARTESIAN_POINT('',(19.9999999999999,-4.76810277112516,18.1778765526667));
#2612=CARTESIAN_POINT('',(10.0000000000011,2.49999999999999,-23.9550000000001));
#2613=CARTESIAN_POINT('',(0.499999999999998,2.5,-19.955));
#2614=CARTESIAN_POINT('',(9.99999999999994,-2.50000000000001,-23.955));
#2615=CARTESIAN_POINT('',(0.499999999999998,-2.50000000000116,-27.955));
#2616=CARTESIAN_POINT('',(10.0000000000249,2.50000000001081,-23.9550000000109));
#2617=CARTESIAN_POINT('',(0.5,2.5,-19.9550000000001));
#2618=CARTESIAN_POINT('',(0.5,6.5000000001475,-19.9550000000001));
#2619=CARTESIAN_POINT('',(0.5,6.5,-23.9550000001476));
#2620=CARTESIAN_POINT('',(0.,2.499999999917,-19.4549999925014));
#2621=CARTESIAN_POINT('',(0.,7.0000000075816,-19.4549999924184));
#2622=CARTESIAN_POINT('',(0.,7.00000000749866,-23.955000000083));
#2623=CARTESIAN_POINT('',(0.5,2.52568151575916E-10,-19.955));
#2624=CARTESIAN_POINT('',(0.5,-2.50000000000001,-27.9550000000001));
#2625=CARTESIAN_POINT('',(0.5,-6.49999999999787,-27.9550000000001));
#2626=CARTESIAN_POINT('',(0.5,-6.50000000000001,-23.9550000000022));
#2627=CARTESIAN_POINT('',(0.5,-6.50000000000215,-19.9550000000043));
#2628=CARTESIAN_POINT('',(0.5,-2.50000000000428,-19.955));
#2629=CARTESIAN_POINT('',(0.,-2.50000000000482,-28.4550000011755));
#2630=CARTESIAN_POINT('',(0.,-7.00000000117786,-28.4550000011707));
#2631=CARTESIAN_POINT('',(0.,-7.00000000117545,-23.9549999999976));
#2632=CARTESIAN_POINT('',(0.,-7.00000000117305,-19.4549999988246));
#2633=CARTESIAN_POINT('',(0.,-2.50000000000001,-19.4549999988246));
#2634=CARTESIAN_POINT('',(0.5,-5.86731034127701E-11,-27.955));
#2635=CARTESIAN_POINT('',(0.5,6.5,-23.955));
#2636=CARTESIAN_POINT('',(0.5,6.5,-27.9550000001475));
#2637=CARTESIAN_POINT('',(0.5,2.49999999985258,-27.955));
#2638=CARTESIAN_POINT('',(0.,7.00000000749861,-23.9549999999171));
#2639=CARTESIAN_POINT('',(0.,7.00000000758155,-28.4550000075816));
#2640=CARTESIAN_POINT('',(0.,2.4999999999171,-28.4550000074987));
#2641=CARTESIAN_POINT('',(0.5,-2.5,-19.9550000000001));
#2642=CARTESIAN_POINT('',(0.5,2.5,-27.955));
#2643=CARTESIAN_POINT('',(9.99999999999988,-24.2499767223503,-1.01749237261104E-13));
#2644=CARTESIAN_POINT('',(9.99999999999996,-13.2499999999994,-4.71899909795934E-14));
#2645=CARTESIAN_POINT('',(-1.75859327100625E-13,-18.9999999999994,-10.24695076596));
#2646=CARTESIAN_POINT('',(-1.82964754458226E-13,-18.9999999999994,-10.8210714920151));
#2647=CARTESIAN_POINT('',(9.99999999999992,-13.2499999999999,-2.50840730474597E-13));
#2648=CARTESIAN_POINT('',(-1.56319401867222E-13,-7.77659574468137,-10.9592128302111));
#2649=CARTESIAN_POINT('',(-1.58095758706622E-13,-7.50000000000053,-10.8210714920153));
#2650=CARTESIAN_POINT('',(9.99999999999993,-13.2500000000005,-2.9663208630885E-15));
#2651=CARTESIAN_POINT('',(9.9999999999999,-2.25002327764955,-2.00776302192636E-13));
#2652=CARTESIAN_POINT('',(9.99999999999985,-13.2499999999999,-1.52874443090908E-13));
#2653=CARTESIAN_POINT('',(9.99999999999993,-13.2499999999999,10.9999767223502));
#2654=CARTESIAN_POINT('',(9.99999999999988,-13.2499999999999,-1.69835192902178E-13));
#2655=CARTESIAN_POINT('',(9.99999999999988,2.25002327764969,-1.0240931267335E-13));
#2656=CARTESIAN_POINT('',(9.99999999999992,13.2500000000006,-4.44531181515157E-14));
#2657=CARTESIAN_POINT('',(-1.75859327100625E-13,7.50000000000057,-10.24695076596));
#2658=CARTESIAN_POINT('',(-1.75859327100625E-13,7.50000000000061,-10.8210714920151));
#2659=CARTESIAN_POINT('',(9.9999999999999,13.2500000000001,-2.27381827954135E-13));
#2660=CARTESIAN_POINT('',(-1.56319401867222E-13,18.7234042553186,-10.9592128302111));
#2661=CARTESIAN_POINT('',(-1.58095758706622E-13,18.9999999999995,-10.8210714920153));
#2662=CARTESIAN_POINT('',(9.99999999999993,13.2499999999995,3.58486034408296E-15));
#2663=CARTESIAN_POINT('',(9.9999999999999,24.2499767223504,-2.03591884610829E-13));
#2664=CARTESIAN_POINT('',(9.99999999999987,13.2500000000001,-1.35269186253997E-13));
#2665=CARTESIAN_POINT('',(9.99999999999993,13.2500000000001,10.9999767223502));
#2666=CARTESIAN_POINT('',(9.99999999999988,13.2500000000001,-1.76780542394334E-13));
#2667=CARTESIAN_POINT('',(6.25,3.0673655171712,23.2989542422845));
#2668=CARTESIAN_POINT('',(2.,7.54586443410905,17.4624608214893));
#2669=CARTESIAN_POINT('',(0.,-3.0673655171712,19.198954242263));
#2670=CARTESIAN_POINT('',(0.5,-3.0673655171712,19.698954242263));
#2671=CARTESIAN_POINT('',(-6.2803698347351E-16,-7.16736551719271,19.198954242263));
#2672=CARTESIAN_POINT('',(0.499999999999996,-6.66736551719271,19.698954242263));
#2673=CARTESIAN_POINT('',(0.,-7.16736551719271,23.2989542422845));
#2674=CARTESIAN_POINT('',(0.5,-6.66736551719271,23.2989542422845));
#2675=CARTESIAN_POINT('',(-6.2803698347351E-16,-7.16736551719271,27.398954242306));
#2676=CARTESIAN_POINT('',(0.499999999999996,-6.66736551719271,26.8989542423061));
#2677=CARTESIAN_POINT('',(0.,-3.0673655171712,27.3989542423061));
#2678=CARTESIAN_POINT('',(0.5,-3.0673655171712,26.8989542423061));
#2679=CARTESIAN_POINT('',(0.,-2.22044604925031E-16,27.3989542423061));
#2680=CARTESIAN_POINT('',(0.5,0.,26.8989542423061));
#2681=CARTESIAN_POINT('',(0.,3.0673655171712,27.3989542423061));
#2682=CARTESIAN_POINT('',(0.5,3.0673655171712,26.8989542423061));
#2683=CARTESIAN_POINT('',(1.25,3.0673655171712,23.2989542422845));
#2684=CARTESIAN_POINT('',(0.,-7.00988760564675,25.7261123760995));
#2685=CARTESIAN_POINT('',(0.5,3.0673655171712,19.698954242263));
#2686=CARTESIAN_POINT('',(0.,3.0673655171712,20.198954242263));
#2687=CARTESIAN_POINT('',(0.5,-4.59047359495912E-16,19.698954242263));
#2688=CARTESIAN_POINT('',(0.,-6.81091964420943E-16,20.198954242263));
#2689=CARTESIAN_POINT('',(0.5,-3.0673655171712,19.698954242263));
#2690=CARTESIAN_POINT('',(0.,-3.0673655171712,20.198954242263));
#2691=CARTESIAN_POINT('',(0.499999999999996,-6.66736551719271,19.698954242263));
#2692=CARTESIAN_POINT('',(1.57009245868377E-15,-6.16736551719271,20.198954242263));
#2693=CARTESIAN_POINT('',(0.5,-6.66736551719271,23.2989542422845));
#2694=CARTESIAN_POINT('',(0.,-6.16736551719271,23.2989542422845));
#2695=CARTESIAN_POINT('',(0.499999999999996,-6.66736551719271,26.8989542423061));
#2696=CARTESIAN_POINT('',(1.57009245868377E-15,-6.16736551719271,26.398954242306));
#2697=CARTESIAN_POINT('',(0.5,-3.0673655171712,26.8989542423061));
#2698=CARTESIAN_POINT('',(0.,-3.0673655171712,26.3989542423061));
#2699=CARTESIAN_POINT('',(0.5,0.,26.8989542423061));
#2700=CARTESIAN_POINT('',(0.,-2.22044604925031E-16,26.3989542423061));
#2701=CARTESIAN_POINT('',(0.5,3.0673655171712,26.8989542423061));
#2702=CARTESIAN_POINT('',(0.,3.0673655171712,26.3989542423061));
#2703=CARTESIAN_POINT('',(0.,3.06736551717123,19.1989542422845));
#2704=CARTESIAN_POINT('',(0.5,3.06736551717123,19.6989542422845));
#2705=CARTESIAN_POINT('',(0.,-1.03263448282876,19.1989542422845));
#2706=CARTESIAN_POINT('',(0.5,-0.532634482828773,19.6989542422845));
#2707=CARTESIAN_POINT('',(0.,-1.03263448282878,23.2989542422845));
#2708=CARTESIAN_POINT('',(0.5,-0.532634482828791,23.2989542422845));
#2709=CARTESIAN_POINT('',(0.,-1.03263448282878,23.2989542422845));
#2710=CARTESIAN_POINT('',(0.5,-0.532634482828788,23.2989542422845));
#2711=CARTESIAN_POINT('',(0.,-1.03263448282878,27.3989542422845));
#2712=CARTESIAN_POINT('',(0.5,-0.532634482828792,26.8989542422845));
#2713=CARTESIAN_POINT('',(0.,3.06736551717123,27.3989542422845));
#2714=CARTESIAN_POINT('',(0.5,3.06736551717122,26.8989542422845));
#2715=CARTESIAN_POINT('',(20.,-25.2532144469788,31.892699931886));
#2716=CARTESIAN_POINT('',(4.2382294469318E-14,3.33955085807247E-13,-43.5634345753408));
#2717=CARTESIAN_POINT('',(18.9999999999999,-30.1754852143309,1.21659034999423));
#2718=CARTESIAN_POINT('',(18.9999999999999,-29.1254682799014,27.2605010877569));
#2719=CARTESIAN_POINT('',(18.9999999999999,-3.20785988176901,30.0291464244147));
#2720=CARTESIAN_POINT('',(20.,-29.176296962239,1.17630590126151));
#2721=CARTESIAN_POINT('',(20.,-28.1610488005223,26.3578354888002));
#2722=CARTESIAN_POINT('',(19.9999999999999,-3.10163935594501,29.0348038276092));
#2723=CARTESIAN_POINT('',(18.9999999999998,30.175485214334,-1.21659034991793));
#2724=CARTESIAN_POINT('',(18.9999999999998,29.0069559848091,-30.2000000000288));
#2725=CARTESIAN_POINT('',(18.9999999999999,-2.99709278308385E-11,-30.2));
#2726=CARTESIAN_POINT('',(18.9999999999999,-29.0069559848691,-30.1999999999712));
#2727=CARTESIAN_POINT('',(18.9999999999999,-30.1754852143364,-1.21659034985803));
#2728=CARTESIAN_POINT('',(19.9999999999999,29.176296962242,-1.17630590118773));
#2729=CARTESIAN_POINT('',(19.9999999999998,28.0464607536175,-29.2000000000072));
#2730=CARTESIAN_POINT('',(19.9999999999999,2.99390170589571E-11,-29.2000000000359));
#2731=CARTESIAN_POINT('',(19.9999999999999,-28.0464607535576,-29.2000000000647));
#2732=CARTESIAN_POINT('',(19.9999999999999,-29.1762969622395,-1.17630590124756));
#2733=CARTESIAN_POINT('',(18.9999999999999,10.870666238121,28.1756741807428));
#2734=CARTESIAN_POINT('',(18.9999999999999,29.3764295155766,21.0358281284205));
#2735=CARTESIAN_POINT('',(18.9999999999999,30.1754852143355,1.21659034987902));
#2736=CARTESIAN_POINT('',(19.9999999999999,10.5107104024081,27.2427048370273));
#2737=CARTESIAN_POINT('',(19.9999999999999,28.4037000614165,20.3392775281682));
#2738=CARTESIAN_POINT('',(19.9999999999999,29.1762969622161,1.17630590122691));
#2739=CARTESIAN_POINT('',(10.,-13.7133566072798,-19.5847029044305));
#2740=CARTESIAN_POINT('',(11.428,-11.4941249735635,-13.9256696460926));
#2741=CARTESIAN_POINT('',(10.,13.7133566072796,-19.5847029044302));
#2742=CARTESIAN_POINT('',(11.428,9.15462673507415,-15.5638039483111));
#2743=CARTESIAN_POINT('',(10.,-13.7133566072797,19.5847029044303));
#2744=CARTESIAN_POINT('',(8.572,-11.4941249735635,13.9256696460926));
#2745=CARTESIAN_POINT('',(10.,13.7133566072798,19.5847029044305));
#2746=CARTESIAN_POINT('',(8.572,9.15462673507415,15.5638039483111));
#2747=CARTESIAN_POINT('',(11.4,-17.0352201596261,-24.328815715383));
#2748=CARTESIAN_POINT('',(11.4001042546098,-17.1841875400317,-24.2245634313363));
#2749=CARTESIAN_POINT('',(11.3282286456081,-17.4783154059489,-24.0106601959366));
#2750=CARTESIAN_POINT('',(11.0200474014324,-17.8464736880561,-23.7240304768987));
#2751=CARTESIAN_POINT('',(10.5542414137197,-18.0902819645638,-23.5239495038433));
#2752=CARTESIAN_POINT('',(10.0000073021886,-18.17561050376,-23.4519182382657));
#2753=CARTESIAN_POINT('',(9.4457542460929,-18.0902859652477,-23.5239485257239));
#2754=CARTESIAN_POINT('',(8.97997698091682,-17.8464692202729,-23.7240228280197));
#2755=CARTESIAN_POINT('',(8.6717357100453,-17.4783360938698,-24.0106622177548));
#2756=CARTESIAN_POINT('',(8.5999531911057,-17.184173187008,-24.2245407239028));
#2757=CARTESIAN_POINT('',(8.5999527653156,-17.0352344157128,-24.3288292218749));
#2758=CARTESIAN_POINT('',(11.9,-17.3220083778016,-24.7383917375275));
#2759=CARTESIAN_POINT('',(11.9001414946431,-17.52757240228,-24.5945109958864));
#2760=CARTESIAN_POINT('',(11.8025960191379,-17.934822980217,-24.3012645011618));
#2761=CARTESIAN_POINT('',(11.384350045791,-18.4477991827543,-23.9127466183281));
#2762=CARTESIAN_POINT('',(10.7521847718761,-18.7892626599066,-23.6437923843118));
#2763=CARTESIAN_POINT('',(10.0000099105238,-18.90911113427,-23.5473832058133));
#2764=CARTESIAN_POINT('',(9.24780933828322,-18.7892678689861,-23.6437905907132));
#2765=CARTESIAN_POINT('',(8.61568304417148,-18.4477948569824,-23.9127386885975));
#2766=CARTESIAN_POINT('',(8.1973556041867,-17.934848709411,-24.3012632708136));
#2767=CARTESIAN_POINT('',(8.09993647112991,-17.5275581897152,-24.59448763872));
#2768=CARTESIAN_POINT('',(8.09993589311123,-17.322024042854,-24.7384046528345));
#2769=CARTESIAN_POINT('',(11.4,17.0352201596261,-24.3288157153831));
#2770=CARTESIAN_POINT('',(11.4001042546119,16.8863052128297,-24.4331428823336));
#2771=CARTESIAN_POINT('',(11.3282286456202,16.5847042660871,-24.6363734522773));
#2772=CARTESIAN_POINT('',(11.0200474014394,16.1894428857968,-24.8842959356773));
#2773=CARTESIAN_POINT('',(10.5542414137138,15.9180409301861,-25.044969050941));
#2774=CARTESIAN_POINT('',(10.0000073021998,15.8211696022317,-25.1005155057543));
#2775=CARTESIAN_POINT('',(9.44575424608631,15.9180386427435,-25.0449724758195));
#2776=CARTESIAN_POINT('',(8.97997698090919,16.189437226268,-24.884289121259));
#2777=CARTESIAN_POINT('',(8.67173571003424,16.5846990903068,-24.6363935840665));
#2778=CARTESIAN_POINT('',(8.59995319110392,16.8862887838359,-24.4331216285142));
#2779=CARTESIAN_POINT('',(8.59995276531575,17.0352279757152,-24.3288337312088));
#2780=CARTESIAN_POINT('',(11.9,17.3220083778016,-24.7383917375276));
#2781=CARTESIAN_POINT('',(11.9001414945622,17.1164976694757,-24.8823486225634));
#2782=CARTESIAN_POINT('',(11.8025960191327,16.7016482013073,-25.1647427772843));
#2783=CARTESIAN_POINT('',(11.3843500457729,16.1611126194643,-25.5139017874678));
#2784=CARTESIAN_POINT('',(10.7521847718654,15.7915909231538,-25.742784731477));
#2785=CARTESIAN_POINT('',(10.0000099105058,15.6600053370446,-25.8224315774742));
#2786=CARTESIAN_POINT('',(9.24780933830646,15.7915874561206,-25.7427890129587));
#2787=CARTESIAN_POINT('',(8.61568304417165,16.1611066474545,-25.5138950104447));
#2788=CARTESIAN_POINT('',(8.19735560423486,16.7016382452662,-25.1647665340084));
#2789=CARTESIAN_POINT('',(8.09993647115402,17.116480581918,-24.8823272784885));
#2790=CARTESIAN_POINT('',(8.09993589311424,17.3220151564455,-24.7384108751645));
#2791=CARTESIAN_POINT('',(11.4,-17.0352201596261,24.3288157153831));
#2792=CARTESIAN_POINT('',(11.4001042546119,-16.8863052128297,24.4331428823336));
#2793=CARTESIAN_POINT('',(11.3282286456166,-16.584704266092,24.6363734522845));
#2794=CARTESIAN_POINT('',(11.0200474014396,-16.1894428857968,24.8842959356771));
#2795=CARTESIAN_POINT('',(10.554241413718,-15.9180409301809,25.0449690509332));
#2796=CARTESIAN_POINT('',(10.0000073021886,-15.8211696022475,25.1005155057772));
#2797=CARTESIAN_POINT('',(9.44575424609136,-15.9180386427344,25.0449724758099));
#2798=CARTESIAN_POINT('',(8.97997698090659,-16.1894372262699,24.8842891212661));
#2799=CARTESIAN_POINT('',(8.6717357100358,-16.5846990903114,24.6363935840586));
#2800=CARTESIAN_POINT('',(8.59995319110391,-16.8862887838266,24.4331216285207));
#2801=CARTESIAN_POINT('',(8.59995276531553,-17.0352279757062,24.3288337312156));
#2802=CARTESIAN_POINT('',(11.9,-17.3220083778016,24.7383917375276));
#2803=CARTESIAN_POINT('',(11.9001414945622,-17.1164976694757,24.8823486225634));
#2804=CARTESIAN_POINT('',(11.8025960191375,-16.7016482013095,25.1647427772829));
#2805=CARTESIAN_POINT('',(11.3843500457728,-16.1611126194644,25.5139017874678));
#2806=CARTESIAN_POINT('',(10.7521847718607,-15.7915909231516,25.7427847314782));
#2807=CARTESIAN_POINT('',(10.0000099105215,-15.6600053370516,25.82243157747));
#2808=CARTESIAN_POINT('',(9.24780933830011,-15.7915874561196,25.742789012959));
#2809=CARTESIAN_POINT('',(8.61568304417506,-16.1611066474591,25.5138950104417));
#2810=CARTESIAN_POINT('',(8.19735560423306,-16.7016382452554,25.1647665340158));
#2811=CARTESIAN_POINT('',(8.09993647115453,-17.1164805819303,24.8823272784799));
#2812=CARTESIAN_POINT('',(8.09993589311484,-17.3220151564578,24.7384108751559));
#2813=CARTESIAN_POINT('',(11.4,17.0352201596261,24.328815715383));
#2814=CARTESIAN_POINT('',(11.4001042546098,17.1841875400317,24.2245634313363));
#2815=CARTESIAN_POINT('',(11.3282286456081,17.4783154059488,24.0106601959367));
#2816=CARTESIAN_POINT('',(11.0200474014326,17.846473688056,23.7240304768988));
#2817=CARTESIAN_POINT('',(10.5542414137198,18.0902819645638,23.5239495038433));
#2818=CARTESIAN_POINT('',(10.0000073021887,18.17561050376,23.4519182382657));
#2819=CARTESIAN_POINT('',(9.44575424609294,18.0902859652477,23.5239485257239));
#2820=CARTESIAN_POINT('',(8.97997698091686,17.8464692202729,23.7240228280197));
#2821=CARTESIAN_POINT('',(8.67173571004533,17.4783360938699,24.0106622177548));
#2822=CARTESIAN_POINT('',(8.59995319110569,17.184173187008,24.2245407239027));
#2823=CARTESIAN_POINT('',(8.59995276531559,17.0352344157128,24.3288292218749));
#2824=CARTESIAN_POINT('',(11.9,17.3220083778016,24.7383917375276));
#2825=CARTESIAN_POINT('',(11.9001414946431,17.5275724022799,24.5945109958864));
#2826=CARTESIAN_POINT('',(11.802596019138,17.9348229802169,24.3012645011619));
#2827=CARTESIAN_POINT('',(11.3843500457912,18.4477991827542,23.9127466183282));
#2828=CARTESIAN_POINT('',(10.7521847718762,18.7892626599066,23.6437923843118));
#2829=CARTESIAN_POINT('',(10.0000099105239,18.9091111342699,23.5473832058132));
#2830=CARTESIAN_POINT('',(9.24780933828328,18.7892678689861,23.6437905907132));
#2831=CARTESIAN_POINT('',(8.61568304417152,18.4477948569824,23.9127386885974));
#2832=CARTESIAN_POINT('',(8.19735560418673,17.9348487094111,24.3012632708136));
#2833=CARTESIAN_POINT('',(8.0999364711299,17.5275581897151,24.5944876387199));
#2834=CARTESIAN_POINT('',(8.09993589311122,17.3220240428539,24.7384046528345));
#2835=CARTESIAN_POINT('',(19.4999999999999,2.49999999996002,-19.955));
#2836=CARTESIAN_POINT('',(19.9999999999999,2.49999999987207,-19.4549999925014));
#2837=CARTESIAN_POINT('',(19.4999999999998,6.50000000011038,-19.9549999999601));
#2838=CARTESIAN_POINT('',(19.9999999999998,7.0000000075399,-19.4549999923734));
#2839=CARTESIAN_POINT('',(19.4999999999999,6.49999999999999,-23.9550000001104));
#2840=CARTESIAN_POINT('',(19.9999999999999,7.00000000749868,-23.9550000000413));
#2841=CARTESIAN_POINT('',(19.4999999999999,-2.50000000000009,-19.955));
#2842=CARTESIAN_POINT('',(19.4999999999999,-2.50000000000117,-27.955));
#2843=CARTESIAN_POINT('',(19.9999999999999,-2.50000000000613,-28.4550000011755));
#2844=CARTESIAN_POINT('',(19.4999999999999,-6.4999999999984,-27.9549999999989));
#2845=CARTESIAN_POINT('',(19.9999999999999,-7.00000000117847,-28.4550000011694));
#2846=CARTESIAN_POINT('',(19.4999999999999,-6.50000000000001,-23.9550000000017));
#2847=CARTESIAN_POINT('',(19.9999999999999,-7.00000000117546,-23.954999999997));
#2848=CARTESIAN_POINT('',(19.4999999999999,-6.50000000000161,-19.9550000000044));
#2849=CARTESIAN_POINT('',(19.9999999999999,-7.00000000117244,-19.4549999988247));
#2850=CARTESIAN_POINT('',(19.4999999999999,-2.50000000000437,-19.955));
#2851=CARTESIAN_POINT('',(19.9999999999999,-2.5000000000001,-19.4549999988246));
#2852=CARTESIAN_POINT('',(19.4999999999999,2.4999999999971,-27.955));
#2853=CARTESIAN_POINT('',(19.4999999999999,6.49999999999999,-23.954999999963));
#2854=CARTESIAN_POINT('',(19.9999999999999,7.00000000749868,-23.9549999998753));
#2855=CARTESIAN_POINT('',(19.4999999999986,6.50000000003762,-27.9550000001512));
#2856=CARTESIAN_POINT('',(19.9999999999985,7.00000000762417,-28.4550000075856));
#2857=CARTESIAN_POINT('',(19.4999999999999,2.49999999984937,-27.9550000000001));
#2858=CARTESIAN_POINT('',(19.9999999999999,2.4999999999138,-28.4550000074987));
#2859=CARTESIAN_POINT('',(25.6393202250019,-7.30331899201144E-13,-6.64999999999996));
#2860=CARTESIAN_POINT('',(21.9999999999987,1.,-7.65000000000005));
#2861=CARTESIAN_POINT('',(21.9999999999987,-1.,-7.65000000000005));
#2862=CARTESIAN_POINT('',(19.9999999999987,-1.,-13.65));
#2863=CARTESIAN_POINT('',(19.9999999999987,1.,-7.65000000000005));
#2864=CARTESIAN_POINT('',(19.8799999999987,-10.2,-13.65));
#2865=CARTESIAN_POINT('',(8.25,3.74999999999993,-12.));
#2866=CARTESIAN_POINT('',(0.5,5.14999999999993,-12.));
#2867=CARTESIAN_POINT('',(0.5,5.14999999999993,-13.4));
#2868=CARTESIAN_POINT('',(0.5,3.74999999999993,-13.4));
#2869=CARTESIAN_POINT('',(0.5,2.34999999999993,-13.4));
#2870=CARTESIAN_POINT('',(0.5,2.34999999999993,-12.));
#2871=CARTESIAN_POINT('',(0.,5.64999999999994,-12.));
#2872=CARTESIAN_POINT('',(0.,5.64999999999994,-13.9));
#2873=CARTESIAN_POINT('',(0.,3.74999999999994,-13.9));
#2874=CARTESIAN_POINT('',(0.,1.84999999999993,-13.9));
#2875=CARTESIAN_POINT('',(0.,1.84999999999993,-12.));
#2876=CARTESIAN_POINT('',(8.25,-3.74999999999995,11.9999999999999));
#2877=CARTESIAN_POINT('',(0.5,-2.34999999999995,11.9999999999999));
#2878=CARTESIAN_POINT('',(0.5,-2.34999999999995,10.5999999999999));
#2879=CARTESIAN_POINT('',(0.5,-3.74999999999995,10.5999999999999));
#2880=CARTESIAN_POINT('',(0.5,-5.14999999999995,10.5999999999999));
#2881=CARTESIAN_POINT('',(0.5,-5.14999999999995,11.9999999999999));
#2882=CARTESIAN_POINT('',(0.,-1.84999999999995,11.9999999999999));
#2883=CARTESIAN_POINT('',(0.,-1.84999999999994,10.0999999999999));
#2884=CARTESIAN_POINT('',(0.,-3.74999999999994,10.0999999999999));
#2885=CARTESIAN_POINT('',(0.,-5.64999999999995,10.0999999999999));
#2886=CARTESIAN_POINT('',(0.,-5.64999999999995,11.9999999999999));
#2887=CARTESIAN_POINT('',(8.25,-22.7500000000001,-12.));
#2888=CARTESIAN_POINT('',(0.5,-21.3500000000001,-12.));
#2889=CARTESIAN_POINT('',(0.5,-21.3500000000001,-13.4));
#2890=CARTESIAN_POINT('',(0.5,-22.7500000000001,-13.4));
#2891=CARTESIAN_POINT('',(0.5,-24.1500000000001,-13.4));
#2892=CARTESIAN_POINT('',(0.5,-24.1500000000001,-12.));
#2893=CARTESIAN_POINT('',(0.,-20.8500000000001,-12.));
#2894=CARTESIAN_POINT('',(0.,-20.8500000000001,-13.9));
#2895=CARTESIAN_POINT('',(0.,-22.7500000000001,-13.9));
#2896=CARTESIAN_POINT('',(0.,-24.65,-13.9));
#2897=CARTESIAN_POINT('',(0.,-24.6500000000001,-12.));
#2898=CARTESIAN_POINT('',(8.25,22.7500000000001,11.9999999999999));
#2899=CARTESIAN_POINT('',(0.5,24.1500000000001,11.9999999999999));
#2900=CARTESIAN_POINT('',(0.5,24.1500000000001,10.5999999999999));
#2901=CARTESIAN_POINT('',(0.5,22.7500000000001,10.5999999999999));
#2902=CARTESIAN_POINT('',(0.5,21.3500000000001,10.5999999999999));
#2903=CARTESIAN_POINT('',(0.5,21.3500000000001,11.9999999999999));
#2904=CARTESIAN_POINT('',(0.,24.6500000000001,11.9999999999999));
#2905=CARTESIAN_POINT('',(0.,24.6500000000001,10.0999999999999));
#2906=CARTESIAN_POINT('',(0.,22.7500000000001,10.0999999999999));
#2907=CARTESIAN_POINT('',(0.,20.8500000000001,10.0999999999999));
#2908=CARTESIAN_POINT('',(0.,20.8500000000001,11.9999999999999));
#2909=CARTESIAN_POINT('',(6.25,3.0673655171712,23.2989542422845));
#2910=CARTESIAN_POINT('',(0.,3.0673655171712,27.3989542423061));
#2911=CARTESIAN_POINT('',(0.5,3.0673655171712,26.8989542423061));
#2912=CARTESIAN_POINT('',(-6.2803698347351E-16,7.16736551719271,27.3989542423061));
#2913=CARTESIAN_POINT('',(0.499999999999996,6.66736551719271,26.8989542423061));
#2914=CARTESIAN_POINT('',(0.,7.16736551719271,23.2989542422845));
#2915=CARTESIAN_POINT('',(0.5,6.66736551719271,23.2989542422845));
#2916=CARTESIAN_POINT('',(-6.2803698347351E-16,7.16736551719271,19.198954242263));
#2917=CARTESIAN_POINT('',(0.499999999999996,6.66736551719271,19.698954242263));
#2918=CARTESIAN_POINT('',(0.,3.0673655171712,19.198954242263));
#2919=CARTESIAN_POINT('',(0.5,3.0673655171712,19.698954242263));
#2920=CARTESIAN_POINT('',(0.,-6.66133814775094E-16,19.198954242263));
#2921=CARTESIAN_POINT('',(0.5,2.22044604925031E-16,19.698954242263));
#2922=CARTESIAN_POINT('',(0.,-3.0673655171712,19.198954242263));
#2923=CARTESIAN_POINT('',(0.5,-3.0673655171712,19.698954242263));
#2924=CARTESIAN_POINT('',(1.25,3.0673655171712,23.2989542422845));
#2925=CARTESIAN_POINT('',(10.,-13.7133566072798,-19.5847029044305));
#2926=CARTESIAN_POINT('',(10.,13.7133566072796,-19.5847029044302));
#2927=CARTESIAN_POINT('',(10.,-13.7133566072797,19.5847029044303));
#2928=CARTESIAN_POINT('',(10.,13.7133566072798,19.5847029044305));
#2929=CARTESIAN_POINT('',(8.5999527653156,-17.0352344157128,-24.3288292218749));
#2930=CARTESIAN_POINT('',(8.59995233952551,-16.8862956444225,-24.4331177198436));
#2931=CARTESIAN_POINT('',(8.67173315529997,-16.5847034661137,-24.6363932055775));
#2932=CARTESIAN_POINT('',(8.9799718509316,-16.1894444079388,-24.8842855725744));
#2933=CARTESIAN_POINT('',(9.44574801324748,-15.9180399408249,-25.0449747984285));
#2934=CARTESIAN_POINT('',(9.99999862353463,-15.8211701762629,-25.1005122772812));
#2935=CARTESIAN_POINT('',(10.5542432276854,-15.9180390308015,-25.0449742497394));
#2936=CARTESIAN_POINT('',(11.0200419067556,-16.1894395873094,-24.8842943221511));
#2937=CARTESIAN_POINT('',(11.3282298317992,-16.584701431206,-24.6363761242809));
#2938=CARTESIAN_POINT('',(11.4001084182968,-16.8862926482977,-24.4331449882513));
#2939=CARTESIAN_POINT('',(11.4,-17.0352201596261,-24.328815715383));
#2940=CARTESIAN_POINT('',(8.09993589311123,-17.322024042854,-24.7384046528345));
#2941=CARTESIAN_POINT('',(8.09993531509255,-17.1164898959996,-24.8823216669443));
#2942=CARTESIAN_POINT('',(8.19735213606816,-16.7016438282646,-25.1647653554868));
#2943=CARTESIAN_POINT('',(8.61567608419766,-16.1611163032893,-25.5138897542258));
#2944=CARTESIAN_POINT('',(9.24780087671491,-15.7915886976824,-25.7427914295449));
#2945=CARTESIAN_POINT('',(9.9999981346906,-15.6600066104974,-25.8224278116721));
#2946=CARTESIAN_POINT('',(10.7521872313891,-15.7915876425129,-25.7427909625796));
#2947=CARTESIAN_POINT('',(11.3843425910741,-16.1611087367169,-25.5139005170088));
#2948=CARTESIAN_POINT('',(11.8025976267248,-16.7016441718195,-25.1647462972759));
#2949=CARTESIAN_POINT('',(11.9001471461936,-17.1164814722708,-24.8823531594687));
#2950=CARTESIAN_POINT('',(11.9,-17.3220083778016,-24.7383917375275));
#2951=CARTESIAN_POINT('',(8.59995276531575,17.0352279757152,-24.3288337312088));
#2952=CARTESIAN_POINT('',(8.59995233952758,17.1841671675994,-24.2245458338999));
#2953=CARTESIAN_POINT('',(8.67173315530993,17.4783342415969,-24.0106662002232));
#2954=CARTESIAN_POINT('',(8.97997185094091,17.8464634293178,-23.7240283628541));
#2955=CARTESIAN_POINT('',(9.44574801325014,18.0902877038266,-23.5239505399108));
#2956=CARTESIAN_POINT('',(9.99999862353364,18.1756072736394,-23.4519176734535));
#2957=CARTESIAN_POINT('',(10.5542432276889,18.0902874994708,-23.5239494971068));
#2958=CARTESIAN_POINT('',(11.020041906747,17.8464732999856,-23.7240268254765));
#2959=CARTESIAN_POINT('',(11.3282298317922,17.478318886393,-24.0106584458908));
#2960=CARTESIAN_POINT('',(11.4001084182941,17.1841938162693,-24.2245523448051));
#2961=CARTESIAN_POINT('',(11.4,17.0352201596261,-24.3288157153831));
#2962=CARTESIAN_POINT('',(8.09993589311424,17.3220151564455,-24.7384108751645));
#2963=CARTESIAN_POINT('',(8.09993531507447,17.5275497309798,-24.5944944718357));
#2964=CARTESIAN_POINT('',(8.19735213600257,17.9348456924515,-24.3012681140498));
#2965=CARTESIAN_POINT('',(8.61567608421093,18.4477866152718,-23.9127459643734));
#2966=CARTESIAN_POINT('',(9.24780087668827,18.7892697151893,-23.6437925839258));
#2967=CARTESIAN_POINT('',(9.99999813469493,18.9091071600299,-23.5473831144848));
#2968=CARTESIAN_POINT('',(10.7521872314065,18.7892696372695,-23.6437914326834));
#2969=CARTESIAN_POINT('',(11.3843425910892,18.4477993168888,-23.9127425352183));
#2970=CARTESIAN_POINT('',(11.8025976267298,17.9348276661087,-24.3012619185774));
#2971=CARTESIAN_POINT('',(11.9001471462712,17.5275822053403,-24.5944973272107));
#2972=CARTESIAN_POINT('',(11.9,17.3220083778016,-24.7383917375276));
#2973=CARTESIAN_POINT('',(8.59995276531553,-17.0352279757062,24.3288337312156));
#2974=CARTESIAN_POINT('',(8.59995233952715,-17.1841671675908,24.2245458339071));
#2975=CARTESIAN_POINT('',(8.67173315531026,-17.4783342416036,24.0106662002173));
#2976=CARTESIAN_POINT('',(8.97997185094047,-17.8464634293141,23.7240283628574));
#2977=CARTESIAN_POINT('',(9.44574801325012,-18.0902877038286,23.523950539909));
#2978=CARTESIAN_POINT('',(9.99999862353359,-18.1756072736384,23.4519176734545));
#2979=CARTESIAN_POINT('',(10.554243227689,-18.0902874994714,23.5239494971063));
#2980=CARTESIAN_POINT('',(11.0200419067472,-17.8464732999851,23.7240268254769));
#2981=CARTESIAN_POINT('',(11.3282298317923,-17.4783188863932,24.0106584458906));
#2982=CARTESIAN_POINT('',(11.4001084182941,-17.1841938162692,24.2245523448053));
#2983=CARTESIAN_POINT('',(11.4,-17.0352201596261,24.3288157153831));
#2984=CARTESIAN_POINT('',(8.09993589311484,-17.3220151564578,24.7384108751559));
#2985=CARTESIAN_POINT('',(8.09993531507514,-17.5275497309921,24.5944944718272));
#2986=CARTESIAN_POINT('',(8.19735213600132,-17.9348456924406,24.3012681140574));
#2987=CARTESIAN_POINT('',(8.61567608421132,-18.4477866152772,23.9127459643696));
#2988=CARTESIAN_POINT('',(9.24780087668769,-18.7892697151861,23.643792583928));
#2989=CARTESIAN_POINT('',(9.99999813469517,-18.9091071600317,23.5473831144836));
#2990=CARTESIAN_POINT('',(10.7521872314066,-18.7892696372685,23.6437914326841));
#2991=CARTESIAN_POINT('',(11.3843425910894,-18.4477993168893,23.912742535218));
#2992=CARTESIAN_POINT('',(11.8025976267298,-17.9348276661081,24.3012619185778));
#2993=CARTESIAN_POINT('',(11.9001471462713,-17.5275822053404,24.5944973272106));
#2994=CARTESIAN_POINT('',(11.9,-17.3220083778016,24.7383917375276));
#2995=CARTESIAN_POINT('',(8.59995276531559,17.0352344157128,24.3288292218749));
#2996=CARTESIAN_POINT('',(8.5999523395255,16.8862956444225,24.4331177198435));
#2997=CARTESIAN_POINT('',(8.67173315529998,16.5847034661137,24.6363932055776));
#2998=CARTESIAN_POINT('',(8.9799718509316,16.1894444079388,24.8842855725744));
#2999=CARTESIAN_POINT('',(9.44574801324748,15.9180399408249,25.0449747984286));
#3000=CARTESIAN_POINT('',(9.99999862353465,15.8211701762629,25.1005122772812));
#3001=CARTESIAN_POINT('',(10.5542432276854,15.9180390308015,25.0449742497394));
#3002=CARTESIAN_POINT('',(11.0200419067557,16.1894395873094,24.884294322151));
#3003=CARTESIAN_POINT('',(11.3282298317992,16.584701431206,24.6363761242809));
#3004=CARTESIAN_POINT('',(11.4001084182968,16.8862926482977,24.4331449882513));
#3005=CARTESIAN_POINT('',(11.4,17.0352201596261,24.328815715383));
#3006=CARTESIAN_POINT('',(8.09993589311122,17.3220240428539,24.7384046528345));
#3007=CARTESIAN_POINT('',(8.09993531509254,17.1164898959996,24.8823216669442));
#3008=CARTESIAN_POINT('',(8.19735213606817,16.7016438282646,25.1647653554869));
#3009=CARTESIAN_POINT('',(8.61567608419766,16.1611163032893,25.5138897542258));
#3010=CARTESIAN_POINT('',(9.24780087671491,15.7915886976824,25.7427914295449));
#3011=CARTESIAN_POINT('',(9.99999813469061,15.6600066104974,25.8224278116722));
#3012=CARTESIAN_POINT('',(10.7521872313891,15.7915876425129,25.7427909625796));
#3013=CARTESIAN_POINT('',(11.3843425910741,16.1611087367169,25.5139005170088));
#3014=CARTESIAN_POINT('',(11.8025976267248,16.7016441718195,25.1647462972759));
#3015=CARTESIAN_POINT('',(11.9001471461936,17.1164814722708,24.8823531594687));
#3016=CARTESIAN_POINT('',(11.9,17.3220083778016,24.7383917375276));
#3017=CARTESIAN_POINT('',(31.9999999999987,1.,-13.65));
#3018=CARTESIAN_POINT('',(19.9999999999987,1.,-13.65));
#3019=CARTESIAN_POINT('',(19.9999999999987,1.,-7.65000000000005));
#3020=CARTESIAN_POINT('',(31.9999999999987,-1.,-13.65));
#3021=CARTESIAN_POINT('',(19.9999999999987,-1.,-13.65));
#3022=CARTESIAN_POINT('',(19.9999999999987,-1.,-7.65000000000005));
#3023=CARTESIAN_POINT('',(19.9999999999999,10.,-16.65));
#3024=CARTESIAN_POINT('',(19.9999999999999,10.,-13.65));
#3025=CARTESIAN_POINT('',(31.9999999999999,10.,-13.65));
#3026=CARTESIAN_POINT('',(19.9999999999999,-10.,-16.65));
#3027=CARTESIAN_POINT('',(19.9999999999999,-10.,-13.65));
#3028=CARTESIAN_POINT('',(31.9999999999999,-10.,-13.65));
#3029=CARTESIAN_POINT('',(31.9999999999999,10.,-14.65));
#3030=CARTESIAN_POINT('',(31.9999999999999,-10.,-14.65));
#3031=CARTESIAN_POINT('',(16.,2.34999999999993,-12.));
#3032=CARTESIAN_POINT('',(0.,1.84999999999993,-12.));
#3033=CARTESIAN_POINT('',(0.5,2.34999999999993,-12.));
#3034=CARTESIAN_POINT('',(16.,-5.14999999999995,11.9999999999999));
#3035=CARTESIAN_POINT('',(0.,-5.64999999999995,11.9999999999999));
#3036=CARTESIAN_POINT('',(0.5,-5.14999999999995,11.9999999999999));
#3037=CARTESIAN_POINT('',(16.,-24.1500000000001,-12.));
#3038=CARTESIAN_POINT('',(0.,-24.6500000000001,-12.));
#3039=CARTESIAN_POINT('',(0.5,-24.1500000000001,-12.));
#3040=CARTESIAN_POINT('',(16.,21.3500000000001,11.9999999999999));
#3041=CARTESIAN_POINT('',(0.,20.8500000000001,11.9999999999999));
#3042=CARTESIAN_POINT('',(0.5,21.3500000000001,11.9999999999999));
#3043=CARTESIAN_POINT('',(-3.12638803734444E-13,30.1251356583441,2.12513565834411));
#3044=CARTESIAN_POINT('',(-3.12638803734444E-13,30.1251356583441,-2.12513565834407));
#3045=CARTESIAN_POINT('',(-3.12638803734444E-13,-30.1251356583441,-2.12513565834407));
#3046=CARTESIAN_POINT('',(-2.62900812231237E-13,-30.1251356583441,2.1251356583441));
#3047=CARTESIAN_POINT('',(19.9999999999999,-4.76810277112516,18.1778765526667));
#3048=CARTESIAN_POINT('',(19.9999999999999,9.31041426038295,16.3244046231419));
#3049=CARTESIAN_POINT('',(10.5,9.31041426038295,16.3244046231419));
#3050=CARTESIAN_POINT('',(10.5,-4.76810277112516,18.1778765526667));
#3051=CARTESIAN_POINT('',(10.5,10.8706636297136,28.1756751871117));
#3052=CARTESIAN_POINT('',(10.5,-3.20785340179456,30.0291471166364));
#3053=CARTESIAN_POINT('',(10.5,-1.98900327583523,23.9646378226068));
#3054=CARTESIAN_POINT('',(0.,5.46128764568848E-15,-19.4550000002687));
#3055=CARTESIAN_POINT('',(0.,2.49999999993261,-19.4549999964933));
#3056=CARTESIAN_POINT('',(0.,7.00000000749863,-23.9550000000001));
#3057=CARTESIAN_POINT('',(0.,2.49999999997338,-28.4550000037888));
#3058=CARTESIAN_POINT('',(0.,-2.49999999997411,-19.4549999996549));
#3059=CARTESIAN_POINT('',(0.,-2.50000000001725,-28.4550000006272));
#3060=CARTESIAN_POINT('',(0.,4.47405093923268E-15,-28.4550000000427));
#3061=CARTESIAN_POINT('',(0.5,2.5,-19.955));
#3062=CARTESIAN_POINT('',(0.5,6.5,-23.9550000000422));
#3063=CARTESIAN_POINT('',(0.5,8.41926275903817E-11,-19.955));
#3064=CARTESIAN_POINT('',(0.5,-2.50000000000123,-19.955));
#3065=CARTESIAN_POINT('',(0.5,-2.50000000000001,-27.955));
#3066=CARTESIAN_POINT('',(0.5,-1.95476330595497E-11,-27.955));
#3067=CARTESIAN_POINT('',(0.5,2.49999999995788,-27.955));
#3068=CARTESIAN_POINT('',(-1.06581410364015E-13,-24.8437512564912,1.90982507120564));
#3069=CARTESIAN_POINT('',(-1.4210854715202E-13,-24.8437512564912,-1.90982507120567));
#3070=CARTESIAN_POINT('',(-1.84741111297626E-13,-18.9999999999996,-10.24695076596));
#3071=CARTESIAN_POINT('',(-1.84741111297626E-13,-18.9999999999992,-10.8210714920152));
#3072=CARTESIAN_POINT('',(-1.77635683940025E-13,-18.7234042553186,-10.959212830211));
#3073=CARTESIAN_POINT('',(-1.56319401867222E-13,-7.77659574468133,-10.959212830211));
#3074=CARTESIAN_POINT('',(-1.56319401867222E-13,-7.50000000000073,-10.8210714920152));
#3075=CARTESIAN_POINT('',(-1.49213974509621E-13,-7.50000000000026,-10.2469507659601));
#3076=CARTESIAN_POINT('',(-8.5265128291212E-14,-1.65624874350858,-1.90982507120579));
#3077=CARTESIAN_POINT('',(-5.6843418860808E-14,-1.65624874350854,1.90982507120553));
#3078=CARTESIAN_POINT('',(-2.1316282072803E-14,-11.3401749287942,11.5937512564913));
#3079=CARTESIAN_POINT('',(-2.8421709430404E-14,-15.1598250712055,11.5937512564913));
#3080=CARTESIAN_POINT('',(-1.06581410364015E-13,1.65624874350878,1.90982507120564));
#3081=CARTESIAN_POINT('',(-1.4210854715202E-13,1.65624874350877,-1.90982507120567));
#3082=CARTESIAN_POINT('',(-1.84741111297626E-13,7.50000000000038,-10.24695076596));
#3083=CARTESIAN_POINT('',(-1.84741111297626E-13,7.50000000000082,-10.8210714920152));
#3084=CARTESIAN_POINT('',(-1.77635683940025E-13,7.77659574468142,-10.959212830211));
#3085=CARTESIAN_POINT('',(-1.56319401867222E-13,18.7234042553187,-10.959212830211));
#3086=CARTESIAN_POINT('',(-1.56319401867222E-13,18.9999999999993,-10.8210714920152));
#3087=CARTESIAN_POINT('',(-1.49213974509621E-13,18.9999999999997,-10.2469507659601));
#3088=CARTESIAN_POINT('',(-8.5265128291212E-14,24.8437512564914,-1.90982507120579));
#3089=CARTESIAN_POINT('',(-5.6843418860808E-14,24.8437512564915,1.90982507120553));
#3090=CARTESIAN_POINT('',(-2.1316282072803E-14,15.1598250712058,11.5937512564913));
#3091=CARTESIAN_POINT('',(-2.8421709430404E-14,11.3401749287945,11.5937512564913));
#3092=CARTESIAN_POINT('',(2.,-1.98900327583523,23.9646378226068));
#3093=CARTESIAN_POINT('',(2.,-0.501835983774519,23.7688485342767));
#3094=CARTESIAN_POINT('',(0.,3.0673655171712,27.3989542423061));
#3095=CARTESIAN_POINT('',(0.5,3.0673655171712,26.8989542423061));
#3096=CARTESIAN_POINT('',(0.5,3.0673655171712,19.698954242263));
#3097=CARTESIAN_POINT('',(0.5,-0.532634482828788,23.2989542422845));
#3098=CARTESIAN_POINT('',(0.5,-0.501835983774504,23.7688485342767));
#3099=CARTESIAN_POINT('',(0.,-1.03263448282878,23.2989542422845));
#3100=CARTESIAN_POINT('',(0.,0.384083934192988,26.3989542336474));
#3101=CARTESIAN_POINT('',(0.,0.384083944191063,20.1989542422676));
#3102=CARTESIAN_POINT('',(19.9999999999999,-24.8437512564913,-1.90982507120584));
#3103=CARTESIAN_POINT('',(19.9999999999999,-24.8437512564913,1.90982507120547));
#3104=CARTESIAN_POINT('',(19.9999999999999,-18.9999999999997,-10.2469507659602));
#3105=CARTESIAN_POINT('',(19.9999999999999,-18.9999999999992,-10.8210714920153));
#3106=CARTESIAN_POINT('',(19.9999999999999,-18.7234042553186,-10.9592128302111));
#3107=CARTESIAN_POINT('',(19.9999999999999,-7.77659574468138,-10.9592128302112));
#3108=CARTESIAN_POINT('',(19.9999999999999,-7.50000000000079,-10.8210714920154));
#3109=CARTESIAN_POINT('',(19.9999999999999,-7.50000000000032,-10.2469507659602));
#3110=CARTESIAN_POINT('',(19.9999999999999,-1.65624874350865,-1.90982507120595));
#3111=CARTESIAN_POINT('',(19.9999999999999,-1.65624874350859,1.90982507120537));
#3112=CARTESIAN_POINT('',(19.9999999999999,-11.3401749287942,11.5937512564911));
#3113=CARTESIAN_POINT('',(19.9999999999999,-15.1598250712056,11.5937512564911));
#3114=CARTESIAN_POINT('',(19.9999999999999,1.65624874350871,-1.90982507120584));
#3115=CARTESIAN_POINT('',(19.9999999999999,1.65624874350873,1.90982507120547));
#3116=CARTESIAN_POINT('',(19.9999999999999,7.50000000000034,-10.2469507659602));
#3117=CARTESIAN_POINT('',(19.9999999999999,7.50000000000077,-10.8210714920153));
#3118=CARTESIAN_POINT('',(19.9999999999999,7.77659574468137,-10.9592128302111));
#3119=CARTESIAN_POINT('',(19.9999999999999,18.7234042553186,-10.9592128302112));
#3120=CARTESIAN_POINT('',(19.9999999999999,18.9999999999992,-10.8210714920154));
#3121=CARTESIAN_POINT('',(19.9999999999999,18.9999999999997,-10.2469507659602));
#3122=CARTESIAN_POINT('',(19.9999999999999,24.8437512564914,-1.90982507120595));
#3123=CARTESIAN_POINT('',(19.9999999999999,24.8437512564914,1.90982507120537));
#3124=CARTESIAN_POINT('',(19.9999999999999,15.1598250712058,11.5937512564911));
#3125=CARTESIAN_POINT('',(19.9999999999999,11.3401749287945,11.5937512564911));
#3126=CARTESIAN_POINT('',(18.9999999999999,30.1251356583444,2.12513565834026));
#3127=CARTESIAN_POINT('',(19.9999999999999,29.1763025509483,-1.17630612652658));
#3128=CARTESIAN_POINT('',(19.9999999999999,29.1763025509383,1.17630612654262));
#3129=CARTESIAN_POINT('',(19.9999999999999,-29.1763025509933,1.17630612660229));
#3130=CARTESIAN_POINT('',(19.9999999999999,-29.1763025509473,-1.17630612655047));
#3131=CARTESIAN_POINT('',(18.9999999999999,-30.1251356583433,2.12513565835605));
#3132=CARTESIAN_POINT('',(18.9999999999999,-30.1251356583449,-2.12513565833213));
#3133=CARTESIAN_POINT('',(18.9999999999999,30.1251356583433,-2.12513565835602));
#3134=CARTESIAN_POINT('',(18.9999999999999,10.8706646730765,28.1756747845642));
#3135=CARTESIAN_POINT('',(18.9999999999999,-3.20785599378434,30.0291468397477));
#3136=CARTESIAN_POINT('',(19.9999999999999,10.7362390001348,27.1545984987682));
#3137=CARTESIAN_POINT('',(19.9999999999999,-3.34229428950066,29.0080329592343));
#3138=CARTESIAN_POINT('',(11.4,-10.3243758543188,-14.7447367972018));
#3139=CARTESIAN_POINT('',(11.4,10.3243758543188,-14.7447367972019));
#3140=CARTESIAN_POINT('',(11.4,-10.3243758543188,14.7447367972018));
#3141=CARTESIAN_POINT('',(11.4,10.3243758543188,14.7447367972019));
#3142=CARTESIAN_POINT('',(11.9,17.3220083778016,24.7383917375276));
#3143=CARTESIAN_POINT('',(11.9,-17.3220083778016,24.7383917375276));
#3144=CARTESIAN_POINT('',(11.9,17.3220083778016,-24.7383917375276));
#3145=CARTESIAN_POINT('',(11.9,-17.3220083778016,-24.7383917375275));
#3146=CARTESIAN_POINT('',(11.4,-17.0352201596261,-24.328815715383));
#3147=CARTESIAN_POINT('',(11.4,17.0352201596261,-24.3288157153831));
#3148=CARTESIAN_POINT('',(11.4,-17.0352201596261,24.3288157153831));
#3149=CARTESIAN_POINT('',(11.4,17.0352201596261,24.328815715383));
#3150=CARTESIAN_POINT('',(19.4999999999999,2.49999999996001,-19.955));
#3151=CARTESIAN_POINT('',(19.4999999999999,6.49999999999999,-23.9550000000051));
#3152=CARTESIAN_POINT('',(19.4999999999999,-2.50000000000131,-19.955));
#3153=CARTESIAN_POINT('',(19.4999999999999,-2.50000000000117,-27.955));
#3154=CARTESIAN_POINT('',(19.4999999999999,2.49999999995489,-27.9550000000001));
#3155=CARTESIAN_POINT('',(19.9999999999999,-2.50000000000365,-28.4550000005878));
#3156=CARTESIAN_POINT('',(19.9999999999999,-2.5000000000001,-19.4549999994123));
#3157=CARTESIAN_POINT('',(19.9999999999999,7.00000000749868,-23.9549999999583));
#3158=CARTESIAN_POINT('',(19.9999999999999,2.49999999995545,-28.4550000037494));
#3159=CARTESIAN_POINT('',(19.9999999999999,2.49999999991604,-19.4549999962507));
#3160=CARTESIAN_POINT('',(25.639320225002,10.,-16.65));
#3161=CARTESIAN_POINT('',(25.639320225002,-10.,-16.65));
#3162=CARTESIAN_POINT('',(30.1114561800016,10.,-15.5942719099992));
#3163=CARTESIAN_POINT('',(30.1114561800016,-9.99999999999999,-15.5942719099992));
#3164=CARTESIAN_POINT('',(21.9999999999987,1.,-7.65000000000005));
#3165=CARTESIAN_POINT('',(29.9999999999987,1.,-13.65));
#3166=CARTESIAN_POINT('',(29.9999999999987,-1.,-13.65));
#3167=CARTESIAN_POINT('',(21.9999999999987,-1.,-7.65000000000005));
#3168=CARTESIAN_POINT('',(16.,5.14999999999993,-12.));
#3169=CARTESIAN_POINT('',(0.5,5.14999999999993,-12.));
#3170=CARTESIAN_POINT('',(0.,5.64999999999994,-12.));
#3171=CARTESIAN_POINT('',(16.,-2.34999999999995,11.9999999999999));
#3172=CARTESIAN_POINT('',(0.5,-2.34999999999995,11.9999999999999));
#3173=CARTESIAN_POINT('',(0.,-1.84999999999995,11.9999999999999));
#3174=CARTESIAN_POINT('',(16.,-21.3500000000001,-12.));
#3175=CARTESIAN_POINT('',(0.5,-21.3500000000001,-12.));
#3176=CARTESIAN_POINT('',(0.,-20.8500000000001,-12.));
#3177=CARTESIAN_POINT('',(16.,24.1500000000001,11.9999999999999));
#3178=CARTESIAN_POINT('',(0.5,24.1500000000001,11.9999999999999));
#3179=CARTESIAN_POINT('',(0.,24.6500000000001,11.9999999999999));
#3180=CARTESIAN_POINT('',(10.5,8.12373431017763,22.6332706619623));
#3181=CARTESIAN_POINT('',(2.,8.12373431017763,22.6332706619623));
#3182=CARTESIAN_POINT('',(0.,-3.0673655171712,19.198954242263));
#3183=CARTESIAN_POINT('',(0.5,-3.0673655171712,19.698954242263));
#3184=CARTESIAN_POINT('',(0.5,6.63656701812623,22.8290599502911));
#3185=CARTESIAN_POINT('',(2.,6.63656701811692,22.8290599502923));
#3186=CARTESIAN_POINT('',(8.6,-10.3243758543188,-14.7447367972018));
#3187=CARTESIAN_POINT('',(8.59995276531199,-17.0352311956952,-24.3288314765646));
#3188=CARTESIAN_POINT('',(8.6,10.3243758543188,-14.7447367972019));
#3189=CARTESIAN_POINT('',(8.59995276531214,17.0352311957336,-24.3288314765367));
#3190=CARTESIAN_POINT('',(8.6,-10.3243758543188,14.7447367972018));
#3191=CARTESIAN_POINT('',(8.59995276531192,-17.0352311957339,24.328831476537));
#3192=CARTESIAN_POINT('',(8.6,10.3243758543188,14.7447367972019));
#3193=CARTESIAN_POINT('',(8.59995276531198,17.0352311956951,24.3288314765645));
#3194=CARTESIAN_POINT('',(8.09993589311123,-17.322024042854,-24.7384046528345));
#3195=CARTESIAN_POINT('',(8.09993589311424,17.3220151564455,-24.7384108751645));
#3196=CARTESIAN_POINT('',(8.09993589311484,-17.3220151564578,24.7384108751559));
#3197=CARTESIAN_POINT('',(8.09993589311122,17.3220240428539,24.7384046528345));
#3198=CARTESIAN_POINT('',(31.9999999999987,-1.,-13.65));
#3199=CARTESIAN_POINT('',(31.9999999999987,1.,-13.65));
#3200=CARTESIAN_POINT('',(25.639320225002,10.,-16.65));
#3201=CARTESIAN_POINT('',(19.9999999999999,10.,-16.65));
#3202=CARTESIAN_POINT('',(19.9999999999999,10.,-16.65));
#3203=CARTESIAN_POINT('',(19.9999999999999,10.,-13.65));
#3204=CARTESIAN_POINT('',(31.9999999999999,10.,-13.65));
#3205=CARTESIAN_POINT('',(19.9999999999999,10.,-13.65));
#3206=CARTESIAN_POINT('',(31.9999999999999,10.,-14.65));
#3207=CARTESIAN_POINT('',(31.9999999999999,10.,-13.65));
#3208=CARTESIAN_POINT('',(19.9999999999999,10.,-16.65));
#3209=CARTESIAN_POINT('',(19.9999999999999,-10.,-16.65));
#3210=CARTESIAN_POINT('',(19.9999999999999,-10.,-16.65));
#3211=CARTESIAN_POINT('',(19.9999999999999,-10.,-13.65));
#3212=CARTESIAN_POINT('',(19.9999999999999,-10.,-16.65));
#3213=CARTESIAN_POINT('',(25.639320225002,-10.,-16.65));
#3214=CARTESIAN_POINT('',(31.9999999999999,-10.,-14.65));
#3215=CARTESIAN_POINT('',(31.9999999999999,-10.,-13.65));
#3216=CARTESIAN_POINT('',(19.9999999999999,-10.,-13.65));
#3217=CARTESIAN_POINT('',(31.9999999999999,-10.,-13.65));
#3218=CARTESIAN_POINT('',(31.9999999999999,-10.,-14.65));
#3219=CARTESIAN_POINT('',(31.9999999999999,10.,-14.65));
#3220=CARTESIAN_POINT('',(31.9999999999999,-10.,-13.65));
#3221=CARTESIAN_POINT('',(31.9999999999987,-1.,-13.65));
#3222=CARTESIAN_POINT('',(25.639320225002,-10.,-16.65));
#3223=CARTESIAN_POINT('',(25.639320225002,10.,-16.65));
#3224=CARTESIAN_POINT('',(31.9999999999999,10.,-14.65));
#3225=CARTESIAN_POINT('',(30.1114561800016,10.,-15.5942719099992));
#3226=CARTESIAN_POINT('',(30.1114561800016,-9.99999999999999,-15.5942719099992));
#3227=CARTESIAN_POINT('',(31.9999999999999,-10.,-14.65));
#3228=CARTESIAN_POINT('',(16.,3.74999999999993,-12.));
#3229=CARTESIAN_POINT('',(16.,2.34999999999993,-12.));
#3230=CARTESIAN_POINT('',(16.,5.14999999999993,-12.));
#3231=CARTESIAN_POINT('',(16.,2.34999999999993,-12.));
#3232=CARTESIAN_POINT('',(0.5,2.34999999999993,-12.));
#3233=CARTESIAN_POINT('',(0.5,3.74999999999993,-12.));
#3234=CARTESIAN_POINT('',(0.5,2.34999999999993,-12.));
#3235=CARTESIAN_POINT('',(0.5,5.14999999999993,-12.));
#3236=CARTESIAN_POINT('',(0.5,2.34999999999993,-12.));
#3237=CARTESIAN_POINT('',(0.,1.84999999999993,-12.));
#3238=CARTESIAN_POINT('',(16.,-3.74999999999995,11.9999999999999));
#3239=CARTESIAN_POINT('',(16.,-5.14999999999995,11.9999999999999));
#3240=CARTESIAN_POINT('',(16.,-2.34999999999995,11.9999999999999));
#3241=CARTESIAN_POINT('',(16.,-5.14999999999995,11.9999999999999));
#3242=CARTESIAN_POINT('',(0.5,-5.14999999999995,11.9999999999999));
#3243=CARTESIAN_POINT('',(0.5,-3.74999999999995,11.9999999999999));
#3244=CARTESIAN_POINT('',(0.5,-5.14999999999995,11.9999999999999));
#3245=CARTESIAN_POINT('',(0.5,-2.34999999999995,11.9999999999999));
#3246=CARTESIAN_POINT('',(0.5,-5.14999999999995,11.9999999999999));
#3247=CARTESIAN_POINT('',(0.,-5.64999999999995,11.9999999999999));
#3248=CARTESIAN_POINT('',(16.,-22.7500000000001,-12.));
#3249=CARTESIAN_POINT('',(16.,-24.1500000000001,-12.));
#3250=CARTESIAN_POINT('',(16.,-21.3500000000001,-12.));
#3251=CARTESIAN_POINT('',(16.,-24.1500000000001,-12.));
#3252=CARTESIAN_POINT('',(0.5,-24.1500000000001,-12.));
#3253=CARTESIAN_POINT('',(0.5,-22.7500000000001,-12.));
#3254=CARTESIAN_POINT('',(0.5,-24.1500000000001,-12.));
#3255=CARTESIAN_POINT('',(0.5,-21.3500000000001,-12.));
#3256=CARTESIAN_POINT('',(0.5,-24.1500000000001,-12.));
#3257=CARTESIAN_POINT('',(0.,-24.6500000000001,-12.));
#3258=CARTESIAN_POINT('',(16.,22.7500000000001,11.9999999999999));
#3259=CARTESIAN_POINT('',(16.,21.3500000000001,11.9999999999999));
#3260=CARTESIAN_POINT('',(16.,24.1500000000001,11.9999999999999));
#3261=CARTESIAN_POINT('',(16.,21.3500000000001,11.9999999999999));
#3262=CARTESIAN_POINT('',(0.5,21.3500000000001,11.9999999999999));
#3263=CARTESIAN_POINT('',(0.5,22.7500000000001,11.9999999999999));
#3264=CARTESIAN_POINT('',(0.5,21.3500000000001,11.9999999999999));
#3265=CARTESIAN_POINT('',(0.5,24.1500000000001,11.9999999999999));
#3266=CARTESIAN_POINT('',(0.5,21.3500000000001,11.9999999999999));
#3267=CARTESIAN_POINT('',(0.,20.8500000000001,11.9999999999999));
#3268=CARTESIAN_POINT('',(18.9999999999999,30.1251356583444,2.12513565834026));
#3269=CARTESIAN_POINT('',(12.6666666666665,30.1251356583443,2.12513565834155));
#3270=CARTESIAN_POINT('',(6.33333333333307,30.1251356583442,2.12513565834283));
#3271=CARTESIAN_POINT('',(-3.12638803734444E-13,30.1251356583441,2.12513565834411));
#3272=CARTESIAN_POINT('',(-2.86963036655561E-13,-5.65273830142279E-15,-6.20722762639725E-15));
#3273=CARTESIAN_POINT('',(-3.12638803734444E-13,30.1251356583441,2.12513565834411));
#3274=CARTESIAN_POINT('',(-2.62900812231237E-13,-30.1251356583441,2.12513565834409));
#3275=CARTESIAN_POINT('',(19.9999999999999,29.1763025509383,1.17630612654262));
#3276=CARTESIAN_POINT('',(19.9999999999999,28.9417028031561,0.941706408718511));
#3277=CARTESIAN_POINT('',(19.9999999999999,28.7071030553739,0.707106690894402));
#3278=CARTESIAN_POINT('',(19.9999999999999,27.9999962741905,7.71688193021294E-12));
#3279=CARTESIAN_POINT('',(19.9999999999999,28.7071030553802,-0.707106690878969));
#3280=CARTESIAN_POINT('',(19.9999999999999,28.9417028031643,-0.941706408702772));
#3281=CARTESIAN_POINT('',(19.9999999999999,29.1763025509483,-1.17630612652658));
#3282=CARTESIAN_POINT('',(-3.12638803734444E-13,30.1251356583441,-2.12513565834407));
#3283=CARTESIAN_POINT('',(-2.77111666946439E-13,29.4161212197653,-1.41612121976531));
#3284=CARTESIAN_POINT('',(-2.41584530158434E-13,28.7071067811866,-0.707106781186548));
#3285=CARTESIAN_POINT('',(-2.22953129133098E-13,28.,1.94205504183149E-15));
#3286=CARTESIAN_POINT('',(-2.41584530158434E-13,28.7071067811865,0.707106781186552));
#3287=CARTESIAN_POINT('',(-2.77111666946439E-13,29.4161212197653,1.41612121976533));
#3288=CARTESIAN_POINT('',(-3.12638803734444E-13,30.1251356583441,2.12513565834411));
#3289=CARTESIAN_POINT('',(-3.13714498837484E-13,6.16910226578242E-15,4.33694553672834E-15));
#3290=CARTESIAN_POINT('',(-3.12638803734444E-13,-30.1251356583441,-2.12513565834407));
#3291=CARTESIAN_POINT('',(-3.12638803734444E-13,30.1251356583441,-2.12513565834407));
#3292=CARTESIAN_POINT('',(-2.62900812231237E-13,-30.1251356583441,2.1251356583441));
#3293=CARTESIAN_POINT('',(-2.27373675443232E-13,-29.4161212197653,1.41612121976533));
#3294=CARTESIAN_POINT('',(-2.27373675443232E-13,-28.7071067811865,0.707106781186552));
#3295=CARTESIAN_POINT('',(-2.22953129133098E-13,-28.,1.94205504183149E-15));
#3296=CARTESIAN_POINT('',(-2.41584530158434E-13,-28.7071067811865,-0.707106781186548));
#3297=CARTESIAN_POINT('',(-2.77111666946439E-13,-29.4161212197653,-1.41612121976531));
#3298=CARTESIAN_POINT('',(-3.12638803734444E-13,-30.1251356583441,-2.12513565834407));
#3299=CARTESIAN_POINT('',(18.9999999999999,-30.1251356583449,-2.12513565833213));
#3300=CARTESIAN_POINT('',(19.0196170676664,-30.1067663123041,-2.1067663818427));
#3301=CARTESIAN_POINT('',(19.0588513762371,-30.0700003883166,-2.07000059702436));
#3302=CARTESIAN_POINT('',(19.1176751792853,-30.0147955001039,-2.01479591766558));
#3303=CARTESIAN_POINT('',(19.1764989866713,-29.9595078462199,-1.95950847283609));
#3304=CARTESIAN_POINT('',(19.2353227980873,-29.9041365741743,-1.90413741004747));
#3305=CARTESIAN_POINT('',(19.2941466137209,-29.8486808177142,-1.84868186304951));
#3306=CARTESIAN_POINT('',(19.3529704336276,-29.7931396971255,-1.79314095212818));
#3307=CARTESIAN_POINT('',(19.4117942579082,-29.7375123187828,-1.73751378366781));
#3308=CARTESIAN_POINT('',(19.4706180866277,-29.6817977748955,-1.68179944985141));
#3309=CARTESIAN_POINT('',(19.5294419199625,-29.6259951431727,-1.62599702849805));
#3310=CARTESIAN_POINT('',(19.5882657576932,-29.5701034865697,-1.57010558216168));
#3311=CARTESIAN_POINT('',(19.6470896010887,-29.5141218527338,-1.51412416000087));
#3312=CARTESIAN_POINT('',(19.705913444075,-29.4580492762292,-1.45805179094219));
#3313=CARTESIAN_POINT('',(19.764737305697,-29.401884769156,-1.40188750816968));
#3314=CARTESIAN_POINT('',(19.8235611568859,-29.3456273355885,-1.34563027849884));
#3315=CARTESIAN_POINT('',(19.8823850205537,-29.2892759551721,-1.28927910876531));
#3316=CARTESIAN_POINT('',(19.941208887845,-29.2328295986859,-1.23283296246142));
#3317=CARTESIAN_POINT('',(19.9804030354144,-29.1951555999296,-1.19515910483513));
#3318=CARTESIAN_POINT('',(19.9999999999999,-29.1763025509473,-1.17630612655047));
#3319=CARTESIAN_POINT('',(19.9999999999999,-29.1763025509473,-1.17630612655047));
#3320=CARTESIAN_POINT('',(19.9999999999999,-28.9417028031612,-0.941706408725975));
#3321=CARTESIAN_POINT('',(19.9999999999999,-28.7071030553752,-0.707106690901479));
#3322=CARTESIAN_POINT('',(19.9999999999999,-27.9999962741793,-1.26158438031258E-11));
#3323=CARTESIAN_POINT('',(19.9999999999999,-28.7071030553566,0.707106690876248));
#3324=CARTESIAN_POINT('',(19.9999999999999,-28.9417028031749,0.941706408739267));
#3325=CARTESIAN_POINT('',(19.9999999999999,-29.1763025509933,1.17630612660229));
#3326=CARTESIAN_POINT('',(18.9999999999999,30.1251356583444,2.12513565834026));
#3327=CARTESIAN_POINT('',(19.0196170676663,30.1067663123034,2.10676638185061));
#3328=CARTESIAN_POINT('',(19.0588513762371,30.0700003883158,2.0700005970318));
#3329=CARTESIAN_POINT('',(19.1176751792853,30.0147955001028,2.0147959176723));
#3330=CARTESIAN_POINT('',(19.1764989866712,29.9595078462185,1.95950847284208));
#3331=CARTESIAN_POINT('',(19.2353227980872,29.9041365741725,1.90413741005264));
#3332=CARTESIAN_POINT('',(19.2941466137208,29.8486808177121,1.84868186305384));
#3333=CARTESIAN_POINT('',(19.3529704336275,29.7931396971229,1.79314095213165));
#3334=CARTESIAN_POINT('',(19.4117942579081,29.7375123187797,1.73751378367039));
#3335=CARTESIAN_POINT('',(19.4706180866276,29.681797774892,1.68179944985304));
#3336=CARTESIAN_POINT('',(19.5294419199624,29.6259951431687,1.62599702849872));
#3337=CARTESIAN_POINT('',(19.5882657576931,29.5701034865651,1.57010558216136));
#3338=CARTESIAN_POINT('',(19.6470896010887,29.5141218527287,1.51412415999953));
#3339=CARTESIAN_POINT('',(19.7059134440749,29.4580492762235,1.4580517909398));
#3340=CARTESIAN_POINT('',(19.764737305697,29.4018847691497,1.40188750816624));
#3341=CARTESIAN_POINT('',(19.8235611568859,29.3456273355815,1.34563027849433));
#3342=CARTESIAN_POINT('',(19.8823850205537,29.2892759551645,1.28927910875969));
#3343=CARTESIAN_POINT('',(19.9412088878449,29.2328295986776,1.23283296245467));
#3344=CARTESIAN_POINT('',(19.9804030354143,29.1951555999209,1.19515910482766));
#3345=CARTESIAN_POINT('',(19.9999999999999,29.1763025509383,1.17630612654262));
#3346=CARTESIAN_POINT('',(18.9999999999999,-30.1251356583433,2.12513565835605));
#3347=CARTESIAN_POINT('',(12.6666666666666,-30.1251356583435,2.12513565835207));
#3348=CARTESIAN_POINT('',(6.33333333333314,-30.1251356583438,2.12513565834808));
#3349=CARTESIAN_POINT('',(-2.62900812231237E-13,-30.1251356583441,2.1251356583441));
#3350=CARTESIAN_POINT('',(18.9999999999999,-30.1251356583449,-2.12513565833213));
#3351=CARTESIAN_POINT('',(12.6666666666665,-30.1251356583447,-2.12513565833611));
#3352=CARTESIAN_POINT('',(6.33333333333309,-30.1251356583444,-2.12513565834009));
#3353=CARTESIAN_POINT('',(-3.12638803734444E-13,-30.1251356583441,-2.12513565834407));
#3354=CARTESIAN_POINT('',(18.9999999999999,30.1251356583433,-2.12513565835602));
#3355=CARTESIAN_POINT('',(12.6666666666665,30.1251356583435,-2.12513565835204));
#3356=CARTESIAN_POINT('',(6.33333333333307,30.1251356583438,-2.12513565834806));
#3357=CARTESIAN_POINT('',(-3.12638803734444E-13,30.1251356583441,-2.12513565834407));
#3358=CARTESIAN_POINT('',(19.9999999999999,9.31041426038295,16.3244046231419));
#3359=CARTESIAN_POINT('',(19.9999999999999,-4.76810277112516,18.1778765526667));
#3360=CARTESIAN_POINT('',(10.5,9.31041426038295,16.3244046231419));
#3361=CARTESIAN_POINT('',(19.9999999999999,9.31041426038295,16.3244046231419));
#3362=CARTESIAN_POINT('',(10.5,9.31041426038295,16.3244046231419));
#3363=CARTESIAN_POINT('',(10.5,10.8438003569664,27.971628372661));
#3364=CARTESIAN_POINT('',(10.5,10.8706636297136,28.1756751871117));
#3365=CARTESIAN_POINT('',(10.5,-4.76810277112516,18.1778765526667));
#3366=CARTESIAN_POINT('',(10.5,9.31041426038295,16.3244046231419));
#3367=CARTESIAN_POINT('',(10.5,-4.76810277112516,18.1778765526667));
#3368=CARTESIAN_POINT('',(10.5,-3.23471667454174,29.8251003021858));
#3369=CARTESIAN_POINT('',(10.5,-3.20785340179456,30.0291471166364));
#3370=CARTESIAN_POINT('',(10.5,-4.76810277112516,18.1778765526667));
#3371=CARTESIAN_POINT('',(19.9999999999999,-4.76810277112516,18.1778765526667));
#3372=CARTESIAN_POINT('',(10.5,10.8706636297136,28.1756751871117));
#3373=CARTESIAN_POINT('',(18.9999999999999,10.8706646730765,28.1756747845642));
#3374=CARTESIAN_POINT('',(10.5000000000002,8.2275641511922E-15,-2.50289450220285E-15));
#3375=CARTESIAN_POINT('',(10.5,-3.20785340179456,30.0291471166364));
#3376=CARTESIAN_POINT('',(10.5,10.8706636297136,28.1756751871117));
#3377=CARTESIAN_POINT('',(18.9999999999999,-3.20785599378434,30.0291468397477));
#3378=CARTESIAN_POINT('',(10.5,-3.20785340179456,30.0291471166364));
#3379=CARTESIAN_POINT('',(19.9999999999999,-29.1763025509933,1.17630612660229));
#3380=CARTESIAN_POINT('',(19.9804030354145,-29.1951555999816,1.19515910489335));
#3381=CARTESIAN_POINT('',(19.9412088878455,-29.2328295987495,1.23283296253198));
#3382=CARTESIAN_POINT('',(19.8823850205543,-29.2892759552521,1.2892791088534));
#3383=CARTESIAN_POINT('',(19.8235611568865,-29.3456273356831,1.34563027860278));
#3384=CARTESIAN_POINT('',(19.7647373056979,-29.4018847692635,1.40188750828767));
#3385=CARTESIAN_POINT('',(19.7059134440752,-29.458049276347,1.45805179107161));
#3386=CARTESIAN_POINT('',(19.6470896010918,-29.5141218528614,1.51412416014124));
#3387=CARTESIAN_POINT('',(19.5882657576861,-29.5701034866975,1.57010558230353));
#3388=CARTESIAN_POINT('',(19.5294419199934,-29.6259951433238,1.62599702866426));
#3389=CARTESIAN_POINT('',(19.4706180865175,-29.6817977749711,1.68179944994329));
#3390=CARTESIAN_POINT('',(19.4117942583241,-29.7375123191359,1.73751378403844));
#3391=CARTESIAN_POINT('',(19.3529704320832,-29.7931396964251,1.79314095144638));
#3392=CARTESIAN_POINT('',(19.2941466194822,-29.8486808209038,1.84868186625893));
#3393=CARTESIAN_POINT('',(19.2353227766237,-29.9041365628136,1.90413739870775));
#3394=CARTESIAN_POINT('',(19.1764990666645,-29.9595078890096,1.95950851564791));
#3395=CARTESIAN_POINT('',(19.1176748811844,-30.014795341001,2.01479575858596));
#3396=CARTESIAN_POINT('',(19.0588524871832,-30.0700009814946,2.07000119022671));
#3397=CARTESIAN_POINT('',(19.0196146761788,-30.1067650354668,2.10676510503066));
#3398=CARTESIAN_POINT('',(18.9999999999999,-30.1251356583433,2.12513565835605));
#3399=CARTESIAN_POINT('',(0.500000000000001,2.499999999964,-23.955000000036));
#3400=CARTESIAN_POINT('',(0.5,2.5,-19.955));
#3401=CARTESIAN_POINT('',(0.5,6.5,-23.9550000000422));
#3402=CARTESIAN_POINT('',(0.5,2.5,-19.955));
#3403=CARTESIAN_POINT('',(19.4999999999999,2.49999999996001,-19.955));
#3404=CARTESIAN_POINT('',(0.5,6.5,-23.9550000000422));
#3405=CARTESIAN_POINT('',(19.4999999999999,6.49999999999999,-23.9550000000051));
#3406=CARTESIAN_POINT('',(0.5,-1.95476330595497E-11,-27.955));
#3407=CARTESIAN_POINT('',(0.5,-2.50000000000001,-27.955));
#3408=CARTESIAN_POINT('',(0.5,-2.50000000000123,-19.955));
#3409=CARTESIAN_POINT('',(19.4999999999999,-2.50000000000131,-19.955));
#3410=CARTESIAN_POINT('',(0.5,-2.50000000000001,-27.955));
#3411=CARTESIAN_POINT('',(19.4999999999999,-2.50000000000117,-27.955));
#3412=CARTESIAN_POINT('',(0.5,8.41926275903817E-11,-19.955));
#3413=CARTESIAN_POINT('',(0.5,2.5,-19.955));
#3414=CARTESIAN_POINT('',(0.5,2.49999999995788,-27.955));
#3415=CARTESIAN_POINT('',(19.4999999999999,2.49999999995489,-27.9550000000001));
#3416=CARTESIAN_POINT('',(0.5,-2.50000000000123,-19.955));
#3417=CARTESIAN_POINT('',(0.5,8.41926275903817E-11,-19.955));
#3418=CARTESIAN_POINT('',(0.5,2.49999999995788,-27.955));
#3419=CARTESIAN_POINT('',(0.5,-1.95476330595497E-11,-27.955));
#3420=CARTESIAN_POINT('',(0.499999999999998,2.50000000000003,-23.9550000000001));
#3421=CARTESIAN_POINT('',(0.5,6.5,-23.9550000000422));
#3422=CARTESIAN_POINT('',(0.5,2.49999999995788,-27.955));
#3423=CARTESIAN_POINT('',(0.5,2.5,-19.955));
#3424=CARTESIAN_POINT('',(0.,2.49999999993261,-19.4549999964933));
#3425=CARTESIAN_POINT('',(0.,5.46128764568848E-15,-19.4550000002687));
#3426=CARTESIAN_POINT('',(0.5,8.41926275903817E-11,-19.955));
#3427=CARTESIAN_POINT('',(0.5,-2.5,-23.955));
#3428=CARTESIAN_POINT('',(0.5,-2.50000000000001,-27.955));
#3429=CARTESIAN_POINT('',(0.5,-2.50000000000428,-19.955));
#3430=CARTESIAN_POINT('',(0.,-2.50000000001725,-28.4550000006272));
#3431=CARTESIAN_POINT('',(0.5,-2.50000000000001,-27.955));
#3432=CARTESIAN_POINT('',(0.,4.47405093923268E-15,-28.4550000000427));
#3433=CARTESIAN_POINT('',(0.5,-1.95476330595497E-11,-27.955));
#3434=CARTESIAN_POINT('',(0.,7.00000000749863,-23.9550000000001));
#3435=CARTESIAN_POINT('',(0.5,6.5,-23.9550000000422));
#3436=CARTESIAN_POINT('',(0.,-2.49999999997411,-19.4549999996549));
#3437=CARTESIAN_POINT('',(0.5,-2.50000000000123,-19.955));
#3438=CARTESIAN_POINT('',(0.,2.49999999997338,-28.4550000037888));
#3439=CARTESIAN_POINT('',(0.5,2.49999999995788,-27.955));
#3440=CARTESIAN_POINT('',(-1.4210854715202E-13,-24.8437512564912,-1.90982507120567));
#3441=CARTESIAN_POINT('',(19.9999999999999,-24.8437512564913,-1.90982507120584));
#3442=CARTESIAN_POINT('',(-1.06581410364015E-13,-24.8437512564912,1.90982507120564));
#3443=CARTESIAN_POINT('',(19.9999999999999,-24.8437512564913,1.90982507120547));
#3444=CARTESIAN_POINT('',(-1.84741111297626E-13,-18.9999999999996,-10.24695076596));
#3445=CARTESIAN_POINT('',(19.9999999999999,-18.9999999999997,-10.2469507659602));
#3446=CARTESIAN_POINT('',(-1.84741111297626E-13,-18.9999999999992,-10.8210714920152));
#3447=CARTESIAN_POINT('',(19.9999999999999,-18.9999999999992,-10.8210714920153));
#3448=CARTESIAN_POINT('',(-1.77635683940025E-13,-18.7234042553186,-10.959212830211));
#3449=CARTESIAN_POINT('',(19.9999999999999,-18.7234042553186,-10.9592128302111));
#3450=CARTESIAN_POINT('',(-1.56319401867222E-13,-7.77659574468133,-10.959212830211));
#3451=CARTESIAN_POINT('',(19.9999999999999,-7.77659574468138,-10.9592128302112));
#3452=CARTESIAN_POINT('',(-1.56319401867222E-13,-7.50000000000073,-10.8210714920152));
#3453=CARTESIAN_POINT('',(19.9999999999999,-7.50000000000079,-10.8210714920154));
#3454=CARTESIAN_POINT('',(-1.49213974509621E-13,-7.50000000000026,-10.2469507659601));
#3455=CARTESIAN_POINT('',(19.9999999999999,-7.50000000000032,-10.2469507659602));
#3456=CARTESIAN_POINT('',(-8.5265128291212E-14,-1.65624874350858,-1.90982507120579));
#3457=CARTESIAN_POINT('',(19.9999999999999,-1.65624874350865,-1.90982507120595));
#3458=CARTESIAN_POINT('',(-5.6843418860808E-14,-1.65624874350854,1.90982507120553));
#3459=CARTESIAN_POINT('',(19.9999999999999,-1.65624874350859,1.90982507120537));
#3460=CARTESIAN_POINT('',(-2.1316282072803E-14,-11.3401749287942,11.5937512564913));
#3461=CARTESIAN_POINT('',(19.9999999999999,-11.3401749287942,11.5937512564911));
#3462=CARTESIAN_POINT('',(-2.8421709430404E-14,-15.1598250712055,11.5937512564913));
#3463=CARTESIAN_POINT('',(19.9999999999999,-15.1598250712056,11.5937512564911));
#3464=CARTESIAN_POINT('',(-1.4210854715202E-13,1.65624874350877,-1.90982507120567));
#3465=CARTESIAN_POINT('',(19.9999999999999,1.65624874350871,-1.90982507120584));
#3466=CARTESIAN_POINT('',(-1.06581410364015E-13,1.65624874350878,1.90982507120564));
#3467=CARTESIAN_POINT('',(19.9999999999999,1.65624874350873,1.90982507120547));
#3468=CARTESIAN_POINT('',(-1.84741111297626E-13,7.50000000000038,-10.24695076596));
#3469=CARTESIAN_POINT('',(19.9999999999999,7.50000000000034,-10.2469507659602));
#3470=CARTESIAN_POINT('',(-1.84741111297626E-13,7.50000000000082,-10.8210714920152));
#3471=CARTESIAN_POINT('',(19.9999999999999,7.50000000000077,-10.8210714920153));
#3472=CARTESIAN_POINT('',(-1.77635683940025E-13,7.77659574468142,-10.959212830211));
#3473=CARTESIAN_POINT('',(19.9999999999999,7.77659574468137,-10.9592128302111));
#3474=CARTESIAN_POINT('',(-1.56319401867222E-13,18.7234042553187,-10.959212830211));
#3475=CARTESIAN_POINT('',(19.9999999999999,18.7234042553186,-10.9592128302112));
#3476=CARTESIAN_POINT('',(-1.56319401867222E-13,18.9999999999993,-10.8210714920152));
#3477=CARTESIAN_POINT('',(19.9999999999999,18.9999999999992,-10.8210714920154));
#3478=CARTESIAN_POINT('',(-1.49213974509621E-13,18.9999999999997,-10.2469507659601));
#3479=CARTESIAN_POINT('',(19.9999999999999,18.9999999999997,-10.2469507659602));
#3480=CARTESIAN_POINT('',(-8.5265128291212E-14,24.8437512564914,-1.90982507120579));
#3481=CARTESIAN_POINT('',(19.9999999999999,24.8437512564914,-1.90982507120595));
#3482=CARTESIAN_POINT('',(-5.6843418860808E-14,24.8437512564915,1.90982507120553));
#3483=CARTESIAN_POINT('',(19.9999999999999,24.8437512564914,1.90982507120537));
#3484=CARTESIAN_POINT('',(-2.1316282072803E-14,15.1598250712058,11.5937512564913));
#3485=CARTESIAN_POINT('',(19.9999999999999,15.1598250712058,11.5937512564911));
#3486=CARTESIAN_POINT('',(-2.8421709430404E-14,11.3401749287945,11.5937512564913));
#3487=CARTESIAN_POINT('',(19.9999999999999,11.3401749287945,11.5937512564911));
#3488=CARTESIAN_POINT('',(10.5,3.0673655171712,23.2989542422845));
#3489=CARTESIAN_POINT('',(10.5,-1.98900327583523,23.9646378226068));
#3490=CARTESIAN_POINT('',(10.5,8.12373431017764,22.6332706619623));
#3491=CARTESIAN_POINT('',(10.5,-1.98900327583523,23.9646378226068));
#3492=CARTESIAN_POINT('',(2.,-1.98900327583523,23.9646378226068));
#3493=CARTESIAN_POINT('',(2.,3.0673655171712,23.2989542422845));
#3494=CARTESIAN_POINT('',(2.,-1.98900327583523,23.9646378226068));
#3495=CARTESIAN_POINT('',(2.,8.12373431017764,22.6332706619623));
#3496=CARTESIAN_POINT('',(2.,3.0673655171712,23.2989542422845));
#3497=CARTESIAN_POINT('',(2.,-0.501835983774519,23.7688485342767));
#3498=CARTESIAN_POINT('',(2.,6.63656701811691,22.8290599502923));
#3499=CARTESIAN_POINT('',(0.,3.0673655171712,27.3989542423061));
#3500=CARTESIAN_POINT('',(0.5,3.0673655171712,26.8989542423061));
#3501=CARTESIAN_POINT('',(0.5,3.0673655171712,19.698954242263));
#3502=CARTESIAN_POINT('',(0.5,2.22044604925031E-16,19.698954242263));
#3503=CARTESIAN_POINT('',(0.5,-3.0673655171712,19.698954242263));
#3504=CARTESIAN_POINT('',(-2.33454992079018E-32,3.06736551717123,23.2989542422845));
#3505=CARTESIAN_POINT('',(-1.09476442525376E-47,-1.03263448282878,23.2989542422845));
#3506=CARTESIAN_POINT('',(-8.06682900388653E-33,0.384083944196342,26.3989542423061));
#3507=CARTESIAN_POINT('',(0.,-1.03263448282878,23.2989542422845));
#3508=CARTESIAN_POINT('',(0.5,-0.532634482828788,23.2989542422845));
#3509=CARTESIAN_POINT('',(0.499999999999896,3.06736551717094,23.2989542422845));
#3510=CARTESIAN_POINT('',(0.5,-0.532634482828788,23.2989542422845));
#3511=CARTESIAN_POINT('',(0.5,-0.501835983774504,23.7688485342767));
#3512=CARTESIAN_POINT('',(0.500000000000006,3.0673655171906,23.2989542422872));
#3513=CARTESIAN_POINT('',(0.5,-0.501835983774504,23.7688485342767));
#3514=CARTESIAN_POINT('',(0.5,3.0673655171712,26.898954242306));
#3515=CARTESIAN_POINT('',(0.500000000000002,3.06736551718957,23.2989542422814));
#3516=CARTESIAN_POINT('',(0.5,3.0673655171712,19.698954242263));
#3517=CARTESIAN_POINT('',(0.5,-0.53263448282879,23.2989542422845));
#3518=CARTESIAN_POINT('',(0.,0.384083944191063,20.1989542422676));
#3519=CARTESIAN_POINT('',(0.0769706206151355,0.590617792152959,20.1219836216512));
#3520=CARTESIAN_POINT('',(0.146966854353323,0.802282784290157,20.0519873879123));
#3521=CARTESIAN_POINT('',(0.270255473697254,1.23562057941952,19.9286987685658));
#3522=CARTESIAN_POINT('',(0.323388814807252,1.45676758333663,19.8755654274541));
#3523=CARTESIAN_POINT('',(0.410185400192141,1.90793408547322,19.7887688420666));
#3524=CARTESIAN_POINT('',(0.443584309340494,2.13671615522322,19.7553699329171));
#3525=CARTESIAN_POINT('',(0.488587896429777,2.60035952820356,19.7103663458252));
#3526=CARTESIAN_POINT('',(0.5,2.83331831205755,19.6989542422643));
#3527=CARTESIAN_POINT('',(0.5,3.0673655171712,19.698954242263));
#3528=CARTESIAN_POINT('',(0.5,3.0673655171712,26.8989542423061));
#3529=CARTESIAN_POINT('',(0.5,2.83331831124221,26.898954241599));
#3530=CARTESIAN_POINT('',(0.488587896429749,2.60035952656154,26.8875421373226));
#3531=CARTESIAN_POINT('',(0.443584309340466,2.13671615190739,26.842538548782));
#3532=CARTESIAN_POINT('',(0.410185400192141,1.90793408131711,26.809139638905));
#3533=CARTESIAN_POINT('',(0.323388814807217,1.45676757749568,26.7223430520593));
#3534=CARTESIAN_POINT('',(0.270255473697283,1.23562057273934,26.669209710221));
#3535=CARTESIAN_POINT('',(0.146966854353309,0.802282775939938,26.545921089429));
#3536=CARTESIAN_POINT('',(0.0769706206151355,0.590617782974436,26.4759248549732));
#3537=CARTESIAN_POINT('',(0.,0.384083934192988,26.3989542336474));
#3538=CARTESIAN_POINT('',(0.5,-0.501835983774504,23.7688485342767));
#3539=CARTESIAN_POINT('',(2.,-0.501835983774519,23.7688485342767));
#3540=CARTESIAN_POINT('',(0.,0.384083944191063,20.1989542422676));
#3541=CARTESIAN_POINT('',(0.,-1.34164078648946,20.1989542422676));
#3542=CARTESIAN_POINT('',(0.,-3.06736551716998,20.1989542422676));
#3543=CARTESIAN_POINT('',(1.57009245868377E-15,-6.16736551719149,20.1989542422676));
#3544=CARTESIAN_POINT('',(0.,-6.16736552219378,23.2989542379575));
#3545=CARTESIAN_POINT('',(1.57009245868377E-15,-6.16736552719606,26.3989542336474));
#3546=CARTESIAN_POINT('',(0.,-3.06736552717455,26.3989542336474));
#3547=CARTESIAN_POINT('',(0.,-1.34164079649078,26.3989542336474));
#3548=CARTESIAN_POINT('',(0.,0.384083934192988,26.3989542336474));
#3549=CARTESIAN_POINT('',(-3.56714508521132E-32,3.06736551717124,23.2989542422845));
#3550=CARTESIAN_POINT('',(-5.47382212626882E-48,0.384083944191063,20.1989542422676));
#3551=CARTESIAN_POINT('',(-1.23259516440783E-32,-1.03263448282878,23.2989542422845));
#3552=CARTESIAN_POINT('',(0.5,3.06736551717122,23.2989542422953));
#3553=CARTESIAN_POINT('',(0.5,3.0673655171712,26.8989542423061));
#3554=CARTESIAN_POINT('',(0.5,6.63656701812623,22.8290599502911));
#3555=CARTESIAN_POINT('',(19.9999999999999,2.50000000374932,-23.9550000000001));
#3556=CARTESIAN_POINT('',(19.9999999999999,2.49999999991604,-19.4549999962507));
#3557=CARTESIAN_POINT('',(19.9999999999999,7.00000000749867,-23.9550000000413));
#3558=CARTESIAN_POINT('',(19.5,2.4999999999631,-23.9550000000369));
#3559=CARTESIAN_POINT('',(19.4999999999999,2.49999999996001,-19.955));
#3560=CARTESIAN_POINT('',(19.4999999999999,6.49999999999999,-23.9550000000051));
#3561=CARTESIAN_POINT('',(19.4999999999999,-2.50000000000131,-19.955));
#3562=CARTESIAN_POINT('',(19.4999999999999,2.49999999996001,-19.955));
#3563=CARTESIAN_POINT('',(19.4999999999999,2.49999999995489,-27.9550000000001));
#3564=CARTESIAN_POINT('',(19.4999999999999,-2.50000000000117,-27.955));
#3565=CARTESIAN_POINT('',(19.5000000000024,2.49999999999955,-23.9549999999996));
#3566=CARTESIAN_POINT('',(19.4999999999999,6.49999999999999,-23.9550000000051));
#3567=CARTESIAN_POINT('',(19.4999999999999,2.49999999995489,-27.9550000000001));
#3568=CARTESIAN_POINT('',(19.9999999999999,-24.2499767223503,-1.82934085506665E-13));
#3569=CARTESIAN_POINT('',(19.9999999999999,-24.8437512564913,-1.90982507120584));
#3570=CARTESIAN_POINT('',(19.9999999999999,-24.8437512564913,1.90982507120548));
#3571=CARTESIAN_POINT('',(20.,-13.2499999999994,-1.32725207316623E-13));
#3572=CARTESIAN_POINT('',(19.9999999999999,-18.9999999999997,-10.2469507659602));
#3573=CARTESIAN_POINT('',(19.9999999999999,-24.8437512564913,-1.90982507120584));
#3574=CARTESIAN_POINT('',(19.9999999999999,-18.9999999999992,-10.8210714920153));
#3575=CARTESIAN_POINT('',(19.9999999999999,-18.9999999999997,-10.2469507659602));
#3576=CARTESIAN_POINT('',(19.9999999999999,-18.7234042553186,-10.9592128302111));
#3577=CARTESIAN_POINT('',(19.9999999999999,-18.9999999999992,-10.8210714920153));
#3578=CARTESIAN_POINT('',(19.9999999999999,-13.2499999999999,-3.1058333161873E-13));
#3579=CARTESIAN_POINT('',(19.9999999999999,-7.77659574468138,-10.9592128302112));
#3580=CARTESIAN_POINT('',(19.9999999999999,-18.7234042553186,-10.9592128302111));
#3581=CARTESIAN_POINT('',(19.9999999999999,-7.50000000000079,-10.8210714920154));
#3582=CARTESIAN_POINT('',(19.9999999999999,-7.77659574468138,-10.9592128302112));
#3583=CARTESIAN_POINT('',(19.9999999999999,-7.50000000000032,-10.2469507659602));
#3584=CARTESIAN_POINT('',(19.9999999999999,-7.50000000000079,-10.8210714920154));
#3585=CARTESIAN_POINT('',(19.9999999999998,-13.2500000000005,-9.51736442324361E-14));
#3586=CARTESIAN_POINT('',(19.9999999999999,-1.65624874350865,-1.90982507120595));
#3587=CARTESIAN_POINT('',(19.9999999999999,-7.50000000000032,-10.2469507659602));
#3588=CARTESIAN_POINT('',(19.9999999999999,-2.25002327764958,-2.7889209488359E-13));
#3589=CARTESIAN_POINT('',(19.9999999999999,-1.65624874350859,1.90982507120537));
#3590=CARTESIAN_POINT('',(19.9999999999999,-1.65624874350865,-1.90982507120595));
#3591=CARTESIAN_POINT('',(19.9999999999998,-13.2499999999999,-2.48985413251216E-13));
#3592=CARTESIAN_POINT('',(19.9999999999999,-11.3401749287942,11.5937512564911));
#3593=CARTESIAN_POINT('',(19.9999999999999,-1.65624874350859,1.90982507120537));
#3594=CARTESIAN_POINT('',(19.9999999999999,-13.2499999999999,10.9999767223501));
#3595=CARTESIAN_POINT('',(19.9999999999999,-15.1598250712056,11.5937512564911));
#3596=CARTESIAN_POINT('',(19.9999999999999,-11.3401749287942,11.5937512564911));
#3597=CARTESIAN_POINT('',(19.9999999999998,-13.25,-2.36810683946277E-13));
#3598=CARTESIAN_POINT('',(19.9999999999999,-24.8437512564913,1.90982507120547));
#3599=CARTESIAN_POINT('',(19.9999999999999,-15.1598250712056,11.5937512564911));
#3600=CARTESIAN_POINT('',(19.9999999999999,2.25002327764967,-1.8658802552107E-13));
#3601=CARTESIAN_POINT('',(19.9999999999999,1.65624874350871,-1.90982507120584));
#3602=CARTESIAN_POINT('',(19.9999999999999,1.65624874350873,1.90982507120547));
#3603=CARTESIAN_POINT('',(19.9999999999999,13.2500000000006,-1.28108935874614E-13));
#3604=CARTESIAN_POINT('',(19.9999999999999,7.50000000000034,-10.2469507659602));
#3605=CARTESIAN_POINT('',(19.9999999999999,1.65624874350871,-1.90982507120584));
#3606=CARTESIAN_POINT('',(19.9999999999999,7.50000000000077,-10.8210714920153));
#3607=CARTESIAN_POINT('',(19.9999999999999,7.50000000000034,-10.2469507659602));
#3608=CARTESIAN_POINT('',(19.9999999999999,7.77659574468137,-10.9592128302111));
#3609=CARTESIAN_POINT('',(19.9999999999999,7.50000000000077,-10.8210714920153));
#3610=CARTESIAN_POINT('',(20.,13.25,-2.46761662586024E-13));
#3611=CARTESIAN_POINT('',(19.9999999999999,18.7234042553186,-10.9592128302112));
#3612=CARTESIAN_POINT('',(19.9999999999999,7.77659574468136,-10.9592128302111));
#3613=CARTESIAN_POINT('',(19.9999999999999,18.9999999999992,-10.8210714920154));
#3614=CARTESIAN_POINT('',(19.9999999999999,18.7234042553186,-10.9592128302112));
#3615=CARTESIAN_POINT('',(19.9999999999999,18.9999999999997,-10.2469507659602));
#3616=CARTESIAN_POINT('',(19.9999999999999,18.9999999999992,-10.8210714920154));
#3617=CARTESIAN_POINT('',(19.9999999999999,13.2499999999994,-7.80803761893187E-14));
#3618=CARTESIAN_POINT('',(19.9999999999999,24.8437512564914,-1.90982507120595));
#3619=CARTESIAN_POINT('',(19.9999999999999,18.9999999999997,-10.2469507659602));
#3620=CARTESIAN_POINT('',(19.9999999999999,24.2499767223504,-2.86816353814055E-13));
#3621=CARTESIAN_POINT('',(19.9999999999999,24.8437512564914,1.90982507120537));
#3622=CARTESIAN_POINT('',(19.9999999999999,24.8437512564914,-1.90982507120596));
#3623=CARTESIAN_POINT('',(19.9999999999998,13.25,-2.45504654516852E-13));
#3624=CARTESIAN_POINT('',(19.9999999999999,15.1598250712058,11.5937512564911));
#3625=CARTESIAN_POINT('',(19.9999999999999,24.8437512564914,1.90982507120537));
#3626=CARTESIAN_POINT('',(19.9999999999999,13.2500000000001,10.9999767223501));
#3627=CARTESIAN_POINT('',(19.9999999999999,11.3401749287945,11.5937512564911));
#3628=CARTESIAN_POINT('',(19.9999999999999,15.1598250712058,11.5937512564911));
#3629=CARTESIAN_POINT('',(19.9999999999998,13.2500000000001,-2.47287569477857E-13));
#3630=CARTESIAN_POINT('',(19.9999999999999,1.65624874350873,1.90982507120547));
#3631=CARTESIAN_POINT('',(19.9999999999999,11.3401749287945,11.5937512564911));
#3632=CARTESIAN_POINT('',(0.,3.0673655171712,27.3989542423061));
#3633=CARTESIAN_POINT('',(3.45420340910431E-15,7.16736551718198,27.3989542423061));
#3634=CARTESIAN_POINT('',(0.,7.16736551718199,23.2989542422953));
#3635=CARTESIAN_POINT('',(3.45420340910431E-15,7.167365517182,19.1989542422845));
#3636=CARTESIAN_POINT('',(0.,3.06736551717122,19.1989542422845));
#3637=CARTESIAN_POINT('',(0.,-4.59047359495912E-16,19.198954242263));
#3638=CARTESIAN_POINT('',(0.,-3.0673655171712,19.198954242263));
#3639=CARTESIAN_POINT('',(9.03958642986428E-16,2.50000000399193,-23.955));
#3640=CARTESIAN_POINT('',(0.,2.49999999993261,-19.4549999964933));
#3641=CARTESIAN_POINT('',(0.,7.00000000749863,-23.9550000000001));
#3642=CARTESIAN_POINT('',(-1.25845101576713E-13,-24.2499767223503,-1.6699861299421E-14));
#3643=CARTESIAN_POINT('',(-1.06581410364015E-13,-24.8437512564912,1.90982507120564));
#3644=CARTESIAN_POINT('',(-1.4210854715202E-13,-24.8437512564912,-1.90982507120567));
#3645=CARTESIAN_POINT('',(-1.25845101576713E-13,2.25002327764972,-1.82149998201461E-14));
#3646=CARTESIAN_POINT('',(-1.06581410364015E-13,1.65624874350878,1.90982507120564));
#3647=CARTESIAN_POINT('',(-1.4210854715202E-13,1.65624874350877,-1.90982507120567));
#3648=CARTESIAN_POINT('',(-1.07370910860564E-13,-13.2499999999999,-8.91043554319423E-14));
#3649=CARTESIAN_POINT('',(-2.8421709430404E-14,-15.1598250712055,11.5937512564913));
#3650=CARTESIAN_POINT('',(-1.06581410364015E-13,-24.8437512564912,1.90982507120564));
#3651=CARTESIAN_POINT('',(-2.93693642076901E-14,-13.2499999999998,10.9999767223503));
#3652=CARTESIAN_POINT('',(-2.1316282072803E-14,-11.3401749287942,11.5937512564913));
#3653=CARTESIAN_POINT('',(-2.8421709430404E-14,-15.1598250712055,11.5937512564913));
#3654=CARTESIAN_POINT('',(-1.20912584245731E-13,-13.2499999999999,-6.37582864107345E-14));
#3655=CARTESIAN_POINT('',(-5.6843418860808E-14,-1.65624874350854,1.90982507120553));
#3656=CARTESIAN_POINT('',(-2.1316282072803E-14,-11.3401749287942,11.5937512564913));
#3657=CARTESIAN_POINT('',(-7.40545192134011E-14,-2.25002327764952,-1.23003097337318E-13));
#3658=CARTESIAN_POINT('',(-8.5265128291212E-14,-1.65624874350858,-1.90982507120579));
#3659=CARTESIAN_POINT('',(-5.6843418860808E-14,-1.65624874350854,1.90982507120553));
#3660=CARTESIAN_POINT('',(-6.27297708573765E-14,-13.2500000000005,1.01166701586876E-13));
#3661=CARTESIAN_POINT('',(-1.49213974509621E-13,-7.50000000000026,-10.2469507659601));
#3662=CARTESIAN_POINT('',(-8.5265128291212E-14,-1.65624874350858,-1.90982507120579));
#3663=CARTESIAN_POINT('',(-1.56319401867222E-13,-7.50000000000073,-10.8210714920152));
#3664=CARTESIAN_POINT('',(-1.49213974509621E-13,-7.5000000000005,-10.5340111289877));
#3665=CARTESIAN_POINT('',(-1.49213974509621E-13,-7.50000000000026,-10.2469507659601));
#3666=CARTESIAN_POINT('',(-1.84741111297626E-13,-18.9999999999992,-10.8210714920152));
#3667=CARTESIAN_POINT('',(-1.84741111297626E-13,-18.8617021276589,-10.8901421611131));
#3668=CARTESIAN_POINT('',(-1.77635683940025E-13,-18.7234042553186,-10.959212830211));
#3669=CARTESIAN_POINT('',(-1.84741111297626E-13,-18.9999999999996,-10.24695076596));
#3670=CARTESIAN_POINT('',(-1.84741111297626E-13,-18.9999999999994,-10.5340111289876));
#3671=CARTESIAN_POINT('',(-1.84741111297626E-13,-18.9999999999992,-10.8210714920152));
#3672=CARTESIAN_POINT('',(-1.09411507719849E-13,-13.2499999999993,7.06015310322107E-14));
#3673=CARTESIAN_POINT('',(-1.4210854715202E-13,-24.8437512564912,-1.90982507120567));
#3674=CARTESIAN_POINT('',(-1.84741111297626E-13,-18.9999999999996,-10.24695076596));
#3675=CARTESIAN_POINT('',(-9.03693446547165E-14,13.2500000000001,-9.78307569885156E-14));
#3676=CARTESIAN_POINT('',(-2.8421709430404E-14,11.3401749287945,11.5937512564913));
#3677=CARTESIAN_POINT('',(-1.06581410364015E-13,1.65624874350877,1.90982507120564));
#3678=CARTESIAN_POINT('',(-2.93693642076901E-14,13.2500000000002,10.9999767223503));
#3679=CARTESIAN_POINT('',(-2.1316282072803E-14,15.1598250712058,11.5937512564913));
#3680=CARTESIAN_POINT('',(-2.8421709430404E-14,11.3401749287945,11.5937512564913));
#3681=CARTESIAN_POINT('',(-1.03911018039884E-13,13.2500000000001,-8.78192805836761E-14));
#3682=CARTESIAN_POINT('',(-5.6843418860808E-14,24.8437512564915,1.90982507120553));
#3683=CARTESIAN_POINT('',(-2.1316282072803E-14,15.1598250712058,11.5937512564913));
#3684=CARTESIAN_POINT('',(-7.40545192134011E-14,24.2499767223505,-1.1961800194429E-13));
#3685=CARTESIAN_POINT('',(-8.5265128291212E-14,24.8437512564914,-1.90982507120579));
#3686=CARTESIAN_POINT('',(-5.6843418860808E-14,24.8437512564915,1.90982507120554));
#3687=CARTESIAN_POINT('',(-6.27297708573765E-14,13.2499999999995,9.43825466169095E-14));
#3688=CARTESIAN_POINT('',(-1.49213974509621E-13,18.9999999999997,-10.2469507659601));
#3689=CARTESIAN_POINT('',(-8.5265128291212E-14,24.8437512564914,-1.90982507120579));
#3690=CARTESIAN_POINT('',(-1.56319401867222E-13,18.9999999999993,-10.8210714920152));
#3691=CARTESIAN_POINT('',(-1.49213974509621E-13,18.9999999999995,-10.5340111289877));
#3692=CARTESIAN_POINT('',(-1.49213974509621E-13,18.9999999999997,-10.2469507659601));
#3693=CARTESIAN_POINT('',(-1.84741111297626E-13,7.50000000000082,-10.8210714920152));
#3694=CARTESIAN_POINT('',(-1.84741111297626E-13,7.63829787234112,-10.8901421611131));
#3695=CARTESIAN_POINT('',(-1.77635683940025E-13,7.77659574468142,-10.959212830211));
#3696=CARTESIAN_POINT('',(-1.84741111297626E-13,7.50000000000038,-10.24695076596));
#3697=CARTESIAN_POINT('',(-1.84741111297626E-13,7.5000000000006,-10.5340111289876));
#3698=CARTESIAN_POINT('',(-1.84741111297626E-13,7.50000000000082,-10.8210714920152));
#3699=CARTESIAN_POINT('',(-1.09411507719849E-13,13.2500000000006,3.53673982386315E-14));
#3700=CARTESIAN_POINT('',(-1.4210854715202E-13,1.65624874350877,-1.90982507120567));
#3701=CARTESIAN_POINT('',(-1.84741111297626E-13,7.50000000000038,-10.24695076596));
#3702=CARTESIAN_POINT('',(-6.48663420893805E-15,2.50000000316657,-23.9549999994567));
#3703=CARTESIAN_POINT('',(0.,7.00000000749863,-23.9550000000001));
#3704=CARTESIAN_POINT('',(-1.57772181044202E-30,2.49999999997339,-28.4550000037888));
#3705=CARTESIAN_POINT('',(0.,2.49999999997338,-28.4550000037888));
#3706=CARTESIAN_POINT('',(0.,1.24999999998669,-28.4550000019157));
#3707=CARTESIAN_POINT('',(0.,4.47405093923268E-15,-28.4550000000427));
#3708=CARTESIAN_POINT('',(0.,4.47405093923268E-15,-28.4550000000427));
#3709=CARTESIAN_POINT('',(0.,-1.25000000000862,-28.4550000003349));
#3710=CARTESIAN_POINT('',(0.,-2.50000000001725,-28.4550000006272));
#3711=CARTESIAN_POINT('',(-4.1270611089081E-26,-2.50000000041388,-23.9550000001411));
#3712=CARTESIAN_POINT('',(0.,-2.50000000001725,-28.4550000006272));
#3713=CARTESIAN_POINT('',(1.98168729328524E-31,-2.49999999997411,-19.4549999996549));
#3714=CARTESIAN_POINT('',(0.,-2.49999999997411,-19.4549999996549));
#3715=CARTESIAN_POINT('',(0.,-1.24999999998705,-19.4549999999618));
#3716=CARTESIAN_POINT('',(0.,5.46128764568848E-15,-19.4550000002687));
#3717=CARTESIAN_POINT('',(0.,5.46128764568848E-15,-19.4550000002687));
#3718=CARTESIAN_POINT('',(0.,1.24999999996631,-19.454999998381));
#3719=CARTESIAN_POINT('',(0.,2.49999999993261,-19.4549999964933));
#3720=CARTESIAN_POINT('',(-9.41022650967774E-14,-13.2499999999999,-1.49050083162404E-13));
#3721=CARTESIAN_POINT('',(-1.77635683940025E-13,-18.7234042553186,-10.959212830211));
#3722=CARTESIAN_POINT('',(-1.56319401867222E-13,-7.77659574468132,-10.959212830211));
#3723=CARTESIAN_POINT('',(-1.56319401867222E-13,-7.77659574468133,-10.959212830211));
#3724=CARTESIAN_POINT('',(-1.56319401867222E-13,-7.63829787234103,-10.8901421611131));
#3725=CARTESIAN_POINT('',(-1.56319401867222E-13,-7.50000000000073,-10.8210714920152));
#3726=CARTESIAN_POINT('',(-9.41022650967774E-14,13.2500000000001,-1.48808238806523E-13));
#3727=CARTESIAN_POINT('',(-1.77635683940025E-13,7.77659574468142,-10.959212830211));
#3728=CARTESIAN_POINT('',(-1.56319401867222E-13,18.7234042553187,-10.959212830211));
#3729=CARTESIAN_POINT('',(-1.56319401867222E-13,18.7234042553187,-10.959212830211));
#3730=CARTESIAN_POINT('',(-1.56319401867222E-13,18.861702127659,-10.8901421611131));
#3731=CARTESIAN_POINT('',(-1.56319401867222E-13,18.9999999999993,-10.8210714920152));
#3732=CARTESIAN_POINT('',(0.,22.7500000000001,11.9999999999999));
#3733=CARTESIAN_POINT('',(0.,20.8500000000001,11.9999999999999));
#3734=CARTESIAN_POINT('',(0.,24.6500000000001,11.9999999999999));
#3735=CARTESIAN_POINT('',(0.,-3.74999999999995,11.9999999999999));
#3736=CARTESIAN_POINT('',(0.,-5.64999999999995,11.9999999999999));
#3737=CARTESIAN_POINT('',(0.,-1.84999999999995,11.9999999999999));
#3738=CARTESIAN_POINT('',(0.,3.74999999999993,-12.));
#3739=CARTESIAN_POINT('',(0.,1.84999999999993,-12.));
#3740=CARTESIAN_POINT('',(0.,5.64999999999994,-12.));
#3741=CARTESIAN_POINT('',(0.,-22.7500000000001,-12.));
#3742=CARTESIAN_POINT('',(0.,-24.6500000000001,-12.));
#3743=CARTESIAN_POINT('',(0.,-20.8500000000001,-12.));
#3744=CARTESIAN_POINT('',(19.9999999999999,9.31041426038295,16.3244046231419));
#3745=CARTESIAN_POINT('',(19.9999999999999,10.7362390001348,27.1545984987682));
#3746=CARTESIAN_POINT('',(19.9999999999999,-4.76810277112516,18.1778765526667));
#3747=CARTESIAN_POINT('',(19.9999999999999,-3.34229428950066,29.0080329592343));
#3748=CARTESIAN_POINT('',(19.9999999999999,29.1763025509483,-1.17630612652658));
#3749=CARTESIAN_POINT('',(19.9804030354143,29.1951555999306,-1.1951591048122));
#3750=CARTESIAN_POINT('',(19.9412088878449,29.2328295986868,-1.23283296244038));
#3751=CARTESIAN_POINT('',(19.8823850205537,29.2892759551729,-1.28927910874716));
#3752=CARTESIAN_POINT('',(19.8235611568857,29.345627335589,-1.34563027848345));
#3753=CARTESIAN_POINT('',(19.7647373056975,29.4018847691568,-1.40188750815747));
#3754=CARTESIAN_POINT('',(19.705913444073,29.4580492762285,-1.45805179093153));
#3755=CARTESIAN_POINT('',(19.6470896010958,29.5141218527378,-1.51412415999786));
#3756=CARTESIAN_POINT('',(19.5882657576665,29.5701034865555,-1.57010558214353));
#3757=CARTESIAN_POINT('',(19.5294419200614,29.6259951432254,-1.62599702854971));
#3758=CARTESIAN_POINT('',(19.4706180862588,29.6817977746984,-1.68179944965621));
#3759=CARTESIAN_POINT('',(19.4117942592822,29.7375123195159,-1.73751378440579));
#3760=CARTESIAN_POINT('',(19.3529704285067,29.7931396943915,-1.79314094940199));
#3761=CARTESIAN_POINT('',(19.2941466328034,29.8486808278996,-1.84868187324574));
#3762=CARTESIAN_POINT('',(19.2353227269748,29.9041365362139,-1.90413737210086));
#3763=CARTESIAN_POINT('',(19.1764992516795,29.9595079876789,-1.95950861431179));
#3764=CARTESIAN_POINT('',(19.1176741916877,30.0147949729281,-2.0147953905094));
#3765=CARTESIAN_POINT('',(19.0588550567355,30.0700023529465,-2.07000256167677));
#3766=CARTESIAN_POINT('',(19.019609144796,30.1067620831146,-2.10676215267798));
#3767=CARTESIAN_POINT('',(18.9999999999999,30.1251356583433,-2.12513565835602));
#3768=CARTESIAN_POINT('',(19.9999999999999,-3.34229428950066,29.0080329592343));
#3769=CARTESIAN_POINT('',(19.9803927930197,-3.3396559947575,29.028073790719));
#3770=CARTESIAN_POINT('',(19.9411783709086,-3.33437973716156,29.0681529327471));
#3771=CARTESIAN_POINT('',(19.8823548293881,-3.32646608656357,29.1282660565188));
#3772=CARTESIAN_POINT('',(19.8235312879492,-3.31855342224984,29.1883716885181));
#3773=CARTESIAN_POINT('',(19.7647077466158,-3.31064173792874,29.2484698764843));
#3774=CARTESIAN_POINT('',(19.7058842053949,-3.30273102736536,29.30856066775));
#3775=CARTESIAN_POINT('',(19.6470606642342,-3.29482128441209,29.3686441091835));
#3776=CARTESIAN_POINT('',(19.5882371233292,-3.28691250283652,29.4287202474752));
#3777=CARTESIAN_POINT('',(19.5294135819439,-3.27900467697686,29.4887891280716));
#3778=CARTESIAN_POINT('',(19.47059004282,-3.27109779928891,29.5488507991777));
#3779=CARTESIAN_POINT('',(19.4117664957208,-3.26319186949868,29.6089052968417));
#3780=CARTESIAN_POINT('',(19.3529429788422,-3.25528686044434,29.668952700634));
#3781=CARTESIAN_POINT('',(19.2941193496425,-3.24738284554163,29.7289929258905));
#3782=CARTESIAN_POINT('',(19.235296140042,-3.23947952311729,29.7890264990193));
#3783=CARTESIAN_POINT('',(19.1764713650609,-3.23157799145774,29.8490516642975));
#3784=CARTESIAN_POINT('',(19.1176524321754,-3.22367412484234,29.9090751804032));
#3785=CARTESIAN_POINT('',(19.0588019524573,-3.21578198526393,29.9690819688224));
#3786=CARTESIAN_POINT('',(19.0196181638019,-3.21049039314483,30.009135597118));
#3787=CARTESIAN_POINT('',(18.9999999999999,-3.20785599378434,30.0291468397477));
#3788=CARTESIAN_POINT('',(18.9999999999999,10.8706646730765,28.1756747845642));
#3789=CARTESIAN_POINT('',(19.0196125978525,10.8680308338422,28.1556693711261));
#3790=CARTESIAN_POINT('',(19.0588152627456,10.8627689696736,28.1156418010455));
#3791=CARTESIAN_POINT('',(19.1176503592438,10.8548652186131,28.055633077421));
#3792=CARTESIAN_POINT('',(19.1764719226766,10.8469639499236,27.9956121677046));
#3793=CARTESIAN_POINT('',(19.2352959927881,10.8390610074824,27.935586862571));
#3794=CARTESIAN_POINT('',(19.2941193913067,10.8311573473128,27.8755538769374));
#3795=CARTESIAN_POINT('',(19.3529429699138,10.8232527059108,27.8155140355547));
#3796=CARTESIAN_POINT('',(19.4117665003826,10.815347146509,27.7554670613622));
#3797=CARTESIAN_POINT('',(19.4705900438733,10.8074406447203,27.6954129720754));
#3798=CARTESIAN_POINT('',(19.5294135839979,10.7995331995733,27.635351705933));
#3799=CARTESIAN_POINT('',(19.5882371251492,10.7916248037575,27.5752832219807));
#3800=CARTESIAN_POINT('',(19.6470606661514,10.7837154515957,27.5152074731932));
#3801=CARTESIAN_POINT('',(19.7058842073212,10.775805136907,27.4551244136707));
#3802=CARTESIAN_POINT('',(19.7647077485748,10.767893853579,27.3950339967051));
#3803=CARTESIAN_POINT('',(19.8235312899367,10.759981595413,27.3349361752939));
#3804=CARTESIAN_POINT('',(19.8823548313997,10.7520683561665,27.2748309019907));
#3805=CARTESIAN_POINT('',(19.9411783729795,10.7441541295352,27.2147181289584));
#3806=CARTESIAN_POINT('',(19.9803927936969,10.7388774873539,27.174639216705));
#3807=CARTESIAN_POINT('',(19.9999999999999,10.7362390001348,27.1545984987682));
#3808=CARTESIAN_POINT('',(18.9999999999999,1.19824459000115E-14,-7.45427688333051E-15));
#3809=CARTESIAN_POINT('',(18.9999999999999,30.1251356583433,-2.12513565835602));
#3810=CARTESIAN_POINT('',(18.9999999999999,-30.1251356583441,-2.12513565834406));
#3811=CARTESIAN_POINT('',(18.9999999999999,2.19207236773953E-6,-2.11455727515596E-6));
#3812=CARTESIAN_POINT('',(18.9999999999999,-30.1251356583433,2.12513565835605));
#3813=CARTESIAN_POINT('',(18.9999999999999,-3.20785599378434,30.0291468397478));
#3814=CARTESIAN_POINT('',(19.9999999999999,-3.06296228639907E-5,-3.29982590678572E-5));
#3815=CARTESIAN_POINT('',(19.9999999999999,-29.1763025509933,1.17630612660229));
#3816=CARTESIAN_POINT('',(19.9999999999999,-3.34229428950066,29.0080329592343));
#3817=CARTESIAN_POINT('',(19.9999999999999,-3.42579188736831E-13,1.27557809300403E-14));
#3818=CARTESIAN_POINT('',(19.9999999999998,29.1763025509483,-1.17630612652657));
#3819=CARTESIAN_POINT('',(19.9999999999999,-29.1763025509473,-1.17630612656844));
#3820=CARTESIAN_POINT('',(18.9999999999999,-1.25763553425854E-6,-9.29543444488275E-7));
#3821=CARTESIAN_POINT('',(18.9999999999999,10.8706646730765,28.1756747845642));
#3822=CARTESIAN_POINT('',(18.9999999999999,30.1251356583444,2.12513565834026));
#3823=CARTESIAN_POINT('',(19.9999999999999,1.16205583009752E-5,-1.63710190775277E-5));
#3824=CARTESIAN_POINT('',(19.9999999999999,10.7362390001348,27.1545984987683));
#3825=CARTESIAN_POINT('',(19.9999999999999,29.1763025509383,1.17630612654262));
#3826=CARTESIAN_POINT('',(10.,-10.3243758543188,-14.7447367972018));
#3827=CARTESIAN_POINT('',(11.4,-10.3243758543188,-14.7447367972018));
#3828=CARTESIAN_POINT('',(8.6,-10.3243758543188,-14.7447367972018));
#3829=CARTESIAN_POINT('',(11.4,-10.3243758543188,-14.7447367972018));
#3830=CARTESIAN_POINT('',(11.4,-17.0352201596261,-24.328815715383));
#3831=CARTESIAN_POINT('',(11.4,-17.0352201596261,-24.328815715383));
#3832=CARTESIAN_POINT('',(11.9,-17.3220083778016,-24.7383917375275));
#3833=CARTESIAN_POINT('',(10.,10.3243758543188,-14.7447367972019));
#3834=CARTESIAN_POINT('',(11.4,10.3243758543188,-14.7447367972019));
#3835=CARTESIAN_POINT('',(8.6,10.3243758543188,-14.7447367972019));
#3836=CARTESIAN_POINT('',(11.4,10.3243758543188,-14.7447367972019));
#3837=CARTESIAN_POINT('',(11.4,17.0352201596261,-24.3288157153831));
#3838=CARTESIAN_POINT('',(11.9,-17.3220083778016,-24.7383917375275));
#3839=CARTESIAN_POINT('',(11.9001414946431,-17.52757240228,-24.5945109958864));
#3840=CARTESIAN_POINT('',(11.8025960191379,-17.934822980217,-24.3012645011618));
#3841=CARTESIAN_POINT('',(11.384350045791,-18.4477991827543,-23.9127466183281));
#3842=CARTESIAN_POINT('',(10.7521847718761,-18.7892626599066,-23.6437923843118));
#3843=CARTESIAN_POINT('',(10.0000099105238,-18.90911113427,-23.5473832058133));
#3844=CARTESIAN_POINT('',(9.24780933828322,-18.7892678689861,-23.6437905907132));
#3845=CARTESIAN_POINT('',(8.61568304417148,-18.4477948569824,-23.9127386885975));
#3846=CARTESIAN_POINT('',(8.1973556041867,-17.934848709411,-24.3012632708136));
#3847=CARTESIAN_POINT('',(8.09993647112991,-17.5275581897152,-24.59448763872));
#3848=CARTESIAN_POINT('',(8.09993589311123,-17.322024042854,-24.7384046528345));
#3849=CARTESIAN_POINT('',(10.,-10.3243758543188,14.7447367972018));
#3850=CARTESIAN_POINT('',(11.4,-10.3243758543188,14.7447367972018));
#3851=CARTESIAN_POINT('',(8.6,-10.3243758543188,14.7447367972018));
#3852=CARTESIAN_POINT('',(11.4,-10.3243758543188,14.7447367972018));
#3853=CARTESIAN_POINT('',(11.4,-17.0352201596261,24.3288157153831));
#3854=CARTESIAN_POINT('',(11.4,-17.0352201596261,-24.328815715383));
#3855=CARTESIAN_POINT('',(11.4001042546098,-17.1841875400317,-24.2245634313363));
#3856=CARTESIAN_POINT('',(11.3282286456081,-17.4783154059489,-24.0106601959366));
#3857=CARTESIAN_POINT('',(11.0200474014324,-17.8464736880561,-23.7240304768987));
#3858=CARTESIAN_POINT('',(10.5542414137197,-18.0902819645638,-23.5239495038433));
#3859=CARTESIAN_POINT('',(10.0000073021886,-18.17561050376,-23.4519182382657));
#3860=CARTESIAN_POINT('',(9.4457542460929,-18.0902859652477,-23.5239485257239));
#3861=CARTESIAN_POINT('',(8.97997698091682,-17.8464692202729,-23.7240228280197));
#3862=CARTESIAN_POINT('',(8.6717357100453,-17.4783360938698,-24.0106622177548));
#3863=CARTESIAN_POINT('',(8.59995293245248,-17.1841721270538,-24.224541494569));
#3864=CARTESIAN_POINT('',(8.59995276531133,-17.0352322690345,-24.3288307250015));
#3865=CARTESIAN_POINT('',(8.59995276531199,-17.0352311956952,-24.3288314765646));
#3866=CARTESIAN_POINT('',(10.,10.3243758543188,14.7447367972019));
#3867=CARTESIAN_POINT('',(11.4,10.3243758543188,14.7447367972019));
#3868=CARTESIAN_POINT('',(8.6,10.3243758543188,14.7447367972019));
#3869=CARTESIAN_POINT('',(11.4,10.3243758543188,14.7447367972019));
#3870=CARTESIAN_POINT('',(11.4,17.0352201596261,24.328815715383));
#3871=CARTESIAN_POINT('',(11.4,17.0352201596261,-24.3288157153831));
#3872=CARTESIAN_POINT('',(11.4001042546119,16.8863052128297,-24.4331428823336));
#3873=CARTESIAN_POINT('',(11.3282286456202,16.5847042660871,-24.6363734522773));
#3874=CARTESIAN_POINT('',(11.0200474014394,16.1894428857968,-24.8842959356773));
#3875=CARTESIAN_POINT('',(10.5542414137138,15.9180409301861,-25.044969050941));
#3876=CARTESIAN_POINT('',(10.0000073021998,15.8211696022317,-25.1005155057543));
#3877=CARTESIAN_POINT('',(9.44575424608631,15.9180386427435,-25.0449724758195));
#3878=CARTESIAN_POINT('',(8.97997698090919,16.189437226268,-24.884289121259));
#3879=CARTESIAN_POINT('',(8.67173571003424,16.5846990903068,-24.6363935840665));
#3880=CARTESIAN_POINT('',(8.59995293245132,16.8862898705484,-24.4331208960682));
#3881=CARTESIAN_POINT('',(8.59995276531148,17.0352301223943,-24.3288322280942));
#3882=CARTESIAN_POINT('',(8.59995276531214,17.0352311957336,-24.3288314765367));
#3883=CARTESIAN_POINT('',(11.4,17.0352201596261,-24.3288157153831));
#3884=CARTESIAN_POINT('',(11.9,17.3220083778016,-24.7383917375276));
#3885=CARTESIAN_POINT('',(11.9,17.3220083778016,-24.7383917375276));
#3886=CARTESIAN_POINT('',(11.9001414945622,17.1164976694757,-24.8823486225634));
#3887=CARTESIAN_POINT('',(11.8025960191327,16.7016482013073,-25.1647427772843));
#3888=CARTESIAN_POINT('',(11.3843500457729,16.1611126194643,-25.5139017874678));
#3889=CARTESIAN_POINT('',(10.7521847718654,15.7915909231538,-25.742784731477));
#3890=CARTESIAN_POINT('',(10.0000099105058,15.6600053370446,-25.8224315774742));
#3891=CARTESIAN_POINT('',(9.24780933830646,15.7915874561206,-25.7427890129587));
#3892=CARTESIAN_POINT('',(8.61568304417165,16.1611066474545,-25.5138950104447));
#3893=CARTESIAN_POINT('',(8.19735560423486,16.7016382452662,-25.1647665340084));
#3894=CARTESIAN_POINT('',(8.09993647115402,17.116480581918,-24.8823272784885));
#3895=CARTESIAN_POINT('',(8.09993589311424,17.3220151564455,-24.7384108751645));
#3896=CARTESIAN_POINT('',(11.4,-17.0352201596261,24.3288157153831));
#3897=CARTESIAN_POINT('',(11.4001042546119,-16.8863052128297,24.4331428823336));
#3898=CARTESIAN_POINT('',(11.3282286456166,-16.584704266092,24.6363734522845));
#3899=CARTESIAN_POINT('',(11.0200474014396,-16.1894428857968,24.8842959356771));
#3900=CARTESIAN_POINT('',(10.554241413718,-15.9180409301809,25.0449690509332));
#3901=CARTESIAN_POINT('',(10.0000073021886,-15.8211696022475,25.1005155057772));
#3902=CARTESIAN_POINT('',(9.44575424609136,-15.9180386427344,25.0449724758099));
#3903=CARTESIAN_POINT('',(8.97997698090659,-16.1894372262699,24.8842891212661));
#3904=CARTESIAN_POINT('',(8.6717357100358,-16.5846990903114,24.6363935840586));
#3905=CARTESIAN_POINT('',(8.59995293245057,-16.8862898705422,24.4331208960726));
#3906=CARTESIAN_POINT('',(8.59995276531126,-17.0352301223915,24.3288322280967));
#3907=CARTESIAN_POINT('',(8.59995276531192,-17.0352311957339,24.328831476537));
#3908=CARTESIAN_POINT('',(11.4,-17.0352201596261,24.3288157153831));
#3909=CARTESIAN_POINT('',(11.9,-17.3220083778016,24.7383917375276));
#3910=CARTESIAN_POINT('',(11.9,-17.3220083778016,24.7383917375276));
#3911=CARTESIAN_POINT('',(11.9001414945622,-17.1164976694757,24.8823486225634));
#3912=CARTESIAN_POINT('',(11.8025960191375,-16.7016482013095,25.1647427772829));
#3913=CARTESIAN_POINT('',(11.3843500457728,-16.1611126194644,25.5139017874678));
#3914=CARTESIAN_POINT('',(10.7521847718607,-15.7915909231516,25.7427847314782));
#3915=CARTESIAN_POINT('',(10.0000099105215,-15.6600053370516,25.82243157747));
#3916=CARTESIAN_POINT('',(9.24780933830011,-15.7915874561196,25.742789012959));
#3917=CARTESIAN_POINT('',(8.61568304417506,-16.1611066474591,25.5138950104417));
#3918=CARTESIAN_POINT('',(8.19735560423306,-16.7016382452554,25.1647665340158));
#3919=CARTESIAN_POINT('',(8.09993647115453,-17.1164805819303,24.8823272784799));
#3920=CARTESIAN_POINT('',(8.09993589311484,-17.3220151564578,24.7384108751559));
#3921=CARTESIAN_POINT('',(11.4,17.0352201596261,24.328815715383));
#3922=CARTESIAN_POINT('',(11.4001042546098,17.1841875400317,24.2245634313363));
#3923=CARTESIAN_POINT('',(11.3282286456081,17.4783154059488,24.0106601959367));
#3924=CARTESIAN_POINT('',(11.0200474014326,17.846473688056,23.7240304768988));
#3925=CARTESIAN_POINT('',(10.5542414137198,18.0902819645638,23.5239495038433));
#3926=CARTESIAN_POINT('',(10.0000073021887,18.17561050376,23.4519182382657));
#3927=CARTESIAN_POINT('',(9.44575424609294,18.0902859652477,23.5239485257239));
#3928=CARTESIAN_POINT('',(8.97997698091686,17.8464692202729,23.7240228280197));
#3929=CARTESIAN_POINT('',(8.67173571004533,17.4783360938699,24.0106622177548));
#3930=CARTESIAN_POINT('',(8.59995293245247,17.1841721270538,24.224541494569));
#3931=CARTESIAN_POINT('',(8.59995276531132,17.0352322690344,24.3288307250014));
#3932=CARTESIAN_POINT('',(8.59995276531198,17.0352311956951,24.3288314765645));
#3933=CARTESIAN_POINT('',(11.4,17.0352201596261,24.328815715383));
#3934=CARTESIAN_POINT('',(11.9,17.3220083778016,24.7383917375276));
#3935=CARTESIAN_POINT('',(11.9,17.3220083778016,24.7383917375276));
#3936=CARTESIAN_POINT('',(11.9001414946431,17.5275724022799,24.5945109958864));
#3937=CARTESIAN_POINT('',(11.802596019138,17.9348229802169,24.3012645011619));
#3938=CARTESIAN_POINT('',(11.3843500457912,18.4477991827542,23.9127466183282));
#3939=CARTESIAN_POINT('',(10.7521847718762,18.7892626599066,23.6437923843118));
#3940=CARTESIAN_POINT('',(10.0000099105239,18.9091111342699,23.5473832058132));
#3941=CARTESIAN_POINT('',(9.24780933828328,18.7892678689861,23.6437905907132));
#3942=CARTESIAN_POINT('',(8.61568304417152,18.4477948569824,23.9127386885974));
#3943=CARTESIAN_POINT('',(8.19735560418673,17.9348487094111,24.3012632708136));
#3944=CARTESIAN_POINT('',(8.0999364711299,17.5275581897151,24.5944876387199));
#3945=CARTESIAN_POINT('',(8.09993589311122,17.3220240428539,24.7384046528345));
#3946=CARTESIAN_POINT('',(19.4999999999999,2.49999999996001,-19.955));
#3947=CARTESIAN_POINT('',(19.9999999999999,2.49999999991604,-19.4549999962507));
#3948=CARTESIAN_POINT('',(19.9999999999999,-2.5000000000001,-19.4549999994123));
#3949=CARTESIAN_POINT('',(19.9999999999999,2.49999999991604,-19.4549999962507));
#3950=CARTESIAN_POINT('',(19.4999999999999,-2.50000000000001,-23.9550000000001));
#3951=CARTESIAN_POINT('',(19.4999999999999,-2.50000000000117,-27.955));
#3952=CARTESIAN_POINT('',(19.4999999999999,-2.50000000000437,-19.9550000000001));
#3953=CARTESIAN_POINT('',(19.4999999999999,-2.50000000000131,-19.955));
#3954=CARTESIAN_POINT('',(19.9999999999999,-2.5000000000001,-19.4549999994123));
#3955=CARTESIAN_POINT('',(19.9999999999999,-2.50000000000001,-23.9549999997062));
#3956=CARTESIAN_POINT('',(19.9999999999999,-2.50000000000365,-28.4550000005878));
#3957=CARTESIAN_POINT('',(19.9999999999999,-2.5000000000001,-19.4549999988246));
#3958=CARTESIAN_POINT('',(19.4999999999999,-2.50000000000117,-27.955));
#3959=CARTESIAN_POINT('',(19.9999999999999,-2.50000000000365,-28.4550000005878));
#3960=CARTESIAN_POINT('',(19.9999999999999,2.49999999995545,-28.4550000037494));
#3961=CARTESIAN_POINT('',(19.9999999999999,-2.50000000000365,-28.4550000005878));
#3962=CARTESIAN_POINT('',(19.9999999999999,2.49999999995545,-28.4550000037494));
#3963=CARTESIAN_POINT('',(19.4999999999999,2.49999999995489,-27.9550000000001));
#3964=CARTESIAN_POINT('',(20.0000000000013,2.5000000000007,-23.9550000000008));
#3965=CARTESIAN_POINT('',(19.9999999999999,7.00000000749868,-23.9549999999583));
#3966=CARTESIAN_POINT('',(19.9999999999999,2.4999999999138,-28.4550000074987));
#3967=CARTESIAN_POINT('',(19.9999999999999,7.00000000749868,-23.9549999999583));
#3968=CARTESIAN_POINT('',(19.4999999999999,6.49999999999999,-23.9550000000051));
#3969=CARTESIAN_POINT('',(31.9999999999987,1.,-13.65));
#3970=CARTESIAN_POINT('',(31.9999999999999,10.,-13.65));
#3971=CARTESIAN_POINT('',(30.1114561800016,-9.99999999999999,-15.5942719099992));
#3972=CARTESIAN_POINT('',(30.1114561800016,10.,-15.5942719099992));
#3973=CARTESIAN_POINT('',(25.639320225002,9.99999999999936,-6.65000000000012));
#3974=CARTESIAN_POINT('',(30.1114561800016,10.,-15.5942719099992));
#3975=CARTESIAN_POINT('',(25.639320225002,10.,-16.65));
#3976=CARTESIAN_POINT('',(25.639320225002,-10.0000000000003,-6.65000000000013));
#3977=CARTESIAN_POINT('',(25.639320225002,-10.,-16.65));
#3978=CARTESIAN_POINT('',(30.1114561800016,-9.99999999999999,-15.5942719099992));
#3979=CARTESIAN_POINT('',(21.9999999999987,1.,-7.65000000000005));
#3980=CARTESIAN_POINT('',(29.9999999999987,1.,-13.65));
#3981=CARTESIAN_POINT('',(29.9999999999987,-1.,-13.65));
#3982=CARTESIAN_POINT('',(29.9999999999987,1.,-13.65));
#3983=CARTESIAN_POINT('',(29.9999999999987,-1.,-13.65));
#3984=CARTESIAN_POINT('',(21.9999999999987,-1.,-7.65000000000005));
#3985=CARTESIAN_POINT('',(21.9999999999987,-1.,-7.65000000000005));
#3986=CARTESIAN_POINT('',(21.9999999999987,1.,-7.65000000000005));
#3987=CARTESIAN_POINT('',(21.9999999999987,1.,-7.65000000000005));
#3988=CARTESIAN_POINT('',(19.9999999999987,1.,-7.65000000000005));
#3989=CARTESIAN_POINT('',(21.9999999999987,-1.,-7.65000000000005));
#3990=CARTESIAN_POINT('',(19.9999999999987,-1.,-7.65000000000005));
#3991=CARTESIAN_POINT('',(19.9999999999987,-1.,-7.65000000000005));
#3992=CARTESIAN_POINT('',(19.9999999999987,1.,-7.65000000000005));
#3993=CARTESIAN_POINT('',(29.9999999999987,-1.,-13.65));
#3994=CARTESIAN_POINT('',(19.9999999999987,-1.,-13.65));
#3995=CARTESIAN_POINT('',(19.9999999999987,-1.,-13.65));
#3996=CARTESIAN_POINT('',(19.9999999999987,-1.,-7.65000000000005));
#3997=CARTESIAN_POINT('',(29.9999999999987,1.,-13.65));
#3998=CARTESIAN_POINT('',(19.9999999999987,1.,-13.65));
#3999=CARTESIAN_POINT('',(19.9999999999987,1.,-7.65000000000005));
#4000=CARTESIAN_POINT('',(19.9999999999987,1.,-13.65));
#4001=CARTESIAN_POINT('',(19.9999999999987,-1.,-13.65));
#4002=CARTESIAN_POINT('',(19.9999999999999,-10.,-13.65));
#4003=CARTESIAN_POINT('',(19.9999999999999,10.,-13.65));
#4004=CARTESIAN_POINT('',(19.9999999999987,1.,-13.65));
#4005=CARTESIAN_POINT('',(16.,5.14999999999993,-12.));
#4006=CARTESIAN_POINT('',(0.5,5.14999999999993,-12.));
#4007=CARTESIAN_POINT('',(16.,3.74999999999993,-12.));
#4008=CARTESIAN_POINT('',(16.,5.14999999999993,-12.));
#4009=CARTESIAN_POINT('',(16.,2.34999999999993,-12.));
#4010=CARTESIAN_POINT('',(0.5,3.74999999999993,-12.));
#4011=CARTESIAN_POINT('',(0.5,5.14999999999993,-12.));
#4012=CARTESIAN_POINT('',(0.5,2.34999999999993,-12.));
#4013=CARTESIAN_POINT('',(0.5,5.14999999999993,-12.));
#4014=CARTESIAN_POINT('',(0.,5.64999999999994,-12.));
#4015=CARTESIAN_POINT('',(0.,3.74999999999993,-12.));
#4016=CARTESIAN_POINT('',(0.,5.64999999999994,-12.));
#4017=CARTESIAN_POINT('',(0.,1.84999999999993,-12.));
#4018=CARTESIAN_POINT('',(16.,-2.34999999999995,11.9999999999999));
#4019=CARTESIAN_POINT('',(0.5,-2.34999999999995,11.9999999999999));
#4020=CARTESIAN_POINT('',(16.,-3.74999999999995,11.9999999999999));
#4021=CARTESIAN_POINT('',(16.,-2.34999999999995,11.9999999999999));
#4022=CARTESIAN_POINT('',(16.,-5.14999999999995,11.9999999999999));
#4023=CARTESIAN_POINT('',(0.5,-3.74999999999995,11.9999999999999));
#4024=CARTESIAN_POINT('',(0.5,-2.34999999999995,11.9999999999999));
#4025=CARTESIAN_POINT('',(0.5,-5.14999999999995,11.9999999999999));
#4026=CARTESIAN_POINT('',(0.5,-2.34999999999995,11.9999999999999));
#4027=CARTESIAN_POINT('',(0.,-1.84999999999995,11.9999999999999));
#4028=CARTESIAN_POINT('',(0.,-3.74999999999995,11.9999999999999));
#4029=CARTESIAN_POINT('',(0.,-1.84999999999995,11.9999999999999));
#4030=CARTESIAN_POINT('',(0.,-5.64999999999995,11.9999999999999));
#4031=CARTESIAN_POINT('',(16.,-21.3500000000001,-12.));
#4032=CARTESIAN_POINT('',(0.5,-21.3500000000001,-12.));
#4033=CARTESIAN_POINT('',(16.,-22.7500000000001,-12.));
#4034=CARTESIAN_POINT('',(16.,-21.3500000000001,-12.));
#4035=CARTESIAN_POINT('',(16.,-24.1500000000001,-12.));
#4036=CARTESIAN_POINT('',(0.5,-22.7500000000001,-12.));
#4037=CARTESIAN_POINT('',(0.5,-21.3500000000001,-12.));
#4038=CARTESIAN_POINT('',(0.5,-24.1500000000001,-12.));
#4039=CARTESIAN_POINT('',(0.5,-21.3500000000001,-12.));
#4040=CARTESIAN_POINT('',(0.,-20.8500000000001,-12.));
#4041=CARTESIAN_POINT('',(0.,-22.7500000000001,-12.));
#4042=CARTESIAN_POINT('',(0.,-20.8500000000001,-12.));
#4043=CARTESIAN_POINT('',(0.,-24.6500000000001,-12.));
#4044=CARTESIAN_POINT('',(16.,24.1500000000001,11.9999999999999));
#4045=CARTESIAN_POINT('',(0.5,24.1500000000001,11.9999999999999));
#4046=CARTESIAN_POINT('',(16.,22.7500000000001,11.9999999999999));
#4047=CARTESIAN_POINT('',(16.,24.1500000000001,11.9999999999999));
#4048=CARTESIAN_POINT('',(16.,21.3500000000001,11.9999999999999));
#4049=CARTESIAN_POINT('',(0.5,22.7500000000001,11.9999999999999));
#4050=CARTESIAN_POINT('',(0.5,24.1500000000001,11.9999999999999));
#4051=CARTESIAN_POINT('',(0.5,21.3500000000001,11.9999999999999));
#4052=CARTESIAN_POINT('',(0.5,24.1500000000001,11.9999999999999));
#4053=CARTESIAN_POINT('',(0.,24.6500000000001,11.9999999999999));
#4054=CARTESIAN_POINT('',(0.,22.7500000000001,11.9999999999999));
#4055=CARTESIAN_POINT('',(0.,24.6500000000001,11.9999999999999));
#4056=CARTESIAN_POINT('',(0.,20.8500000000001,11.9999999999999));
#4057=CARTESIAN_POINT('',(10.5,8.12373431017763,22.6332706619623));
#4058=CARTESIAN_POINT('',(2.,8.12373431017763,22.6332706619623));
#4059=CARTESIAN_POINT('',(10.5,3.0673655171712,23.2989542422845));
#4060=CARTESIAN_POINT('',(10.5,8.12373431017763,22.6332706619623));
#4061=CARTESIAN_POINT('',(10.5,-1.98900327583523,23.9646378226068));
#4062=CARTESIAN_POINT('',(2.,3.0673655171712,23.2989542422845));
#4063=CARTESIAN_POINT('',(2.,8.12373431017763,22.6332706619623));
#4064=CARTESIAN_POINT('',(2.,-1.98900327583523,23.9646378226068));
#4065=CARTESIAN_POINT('',(0.,-3.0673655171712,19.198954242263));
#4066=CARTESIAN_POINT('',(0.5,-3.0673655171712,19.698954242263));
#4067=CARTESIAN_POINT('',(0.5,-3.0673655171712,19.698954242263));
#4068=CARTESIAN_POINT('',(0.499999999999996,-6.66736551719271,19.698954242263));
#4069=CARTESIAN_POINT('',(0.5,-6.66736551719271,23.2989542422845));
#4070=CARTESIAN_POINT('',(0.499999999999996,-6.66736551719271,26.8989542423061));
#4071=CARTESIAN_POINT('',(0.5,-3.0673655171712,26.8989542423061));
#4072=CARTESIAN_POINT('',(0.5,0.,26.8989542423061));
#4073=CARTESIAN_POINT('',(0.5,3.0673655171712,26.8989542423061));
#4074=CARTESIAN_POINT('',(0.,-3.0673655171712,19.198954242263));
#4075=CARTESIAN_POINT('',(-6.2803698347351E-16,-7.16736551719271,19.198954242263));
#4076=CARTESIAN_POINT('',(0.,-7.16736551719271,23.2989542422845));
#4077=CARTESIAN_POINT('',(-6.2803698347351E-16,-7.16736551719271,27.398954242306));
#4078=CARTESIAN_POINT('',(0.,-3.0673655171712,27.3989542423061));
#4079=CARTESIAN_POINT('',(0.,-2.22044604925031E-16,27.3989542423061));
#4080=CARTESIAN_POINT('',(0.,3.0673655171712,27.3989542423061));
#4081=CARTESIAN_POINT('',(0.5,6.63656701811692,22.8290599502923));
#4082=CARTESIAN_POINT('',(2.,6.63656701811692,22.8290599502923));
#4083=CARTESIAN_POINT('',(2.,3.0673655171712,23.2989542422845));
#4084=CARTESIAN_POINT('',(2.,6.63656701811692,22.8290599502923));
#4085=CARTESIAN_POINT('',(2.,-0.501835983774514,23.7688485342767));
#4086=CARTESIAN_POINT('',(0.5,3.06736551717123,23.2989542422953));
#4087=CARTESIAN_POINT('',(0.5,6.63656701812623,22.8290599502911));
#4088=CARTESIAN_POINT('',(0.5,3.0673655171712,19.6989542422845));
#4089=CARTESIAN_POINT('',(8.6,-10.3243758543188,-14.7447367972018));
#4090=CARTESIAN_POINT('',(8.6,-17.0352311957146,-24.3288314765509));
#4091=CARTESIAN_POINT('',(10.,-10.3243758543188,-14.7447367972018));
#4092=CARTESIAN_POINT('',(8.6,-10.3243758543188,-14.7447367972018));
#4093=CARTESIAN_POINT('',(11.4,-10.3243758543188,-14.7447367972018));
#4094=CARTESIAN_POINT('',(8.59995276531199,-17.0352311956952,-24.3288314765646));
#4095=CARTESIAN_POINT('',(8.5999528568214,-16.886293470975,-24.433119184764));
#4096=CARTESIAN_POINT('',(8.67173389179568,-16.5847025216943,-24.6363937978837));
#4097=CARTESIAN_POINT('',(8.9799718509316,-16.1894444079388,-24.8842855725744));
#4098=CARTESIAN_POINT('',(9.44574801324748,-15.9180399408249,-25.0449747984285));
#4099=CARTESIAN_POINT('',(9.99999862353463,-15.8211701762629,-25.1005122772812));
#4100=CARTESIAN_POINT('',(10.5542432276854,-15.9180390308015,-25.0449742497394));
#4101=CARTESIAN_POINT('',(11.0200419067556,-16.1894395873094,-24.8842943221511));
#4102=CARTESIAN_POINT('',(11.3282298317992,-16.584701431206,-24.6363761242809));
#4103=CARTESIAN_POINT('',(11.4001084182968,-16.8862926482977,-24.4331449882513));
#4104=CARTESIAN_POINT('',(11.4,-17.0352201596261,-24.328815715383));
#4105=CARTESIAN_POINT('',(8.6,10.3243758543188,-14.7447367972019));
#4106=CARTESIAN_POINT('',(8.6,17.0352311957142,-24.3288314765503));
#4107=CARTESIAN_POINT('',(10.,10.3243758543188,-14.7447367972019));
#4108=CARTESIAN_POINT('',(8.6,10.3243758543188,-14.7447367972019));
#4109=CARTESIAN_POINT('',(11.4,10.3243758543188,-14.7447367972019));
#4110=CARTESIAN_POINT('',(8.59995276531214,17.0352311957336,-24.3288314765367));
#4111=CARTESIAN_POINT('',(8.59995285682224,17.1841692875321,-24.2245442925633));
#4112=CARTESIAN_POINT('',(8.67173389180389,17.478335121191,-24.0106655153415));
#4113=CARTESIAN_POINT('',(8.97997185094091,17.8464634293178,-23.7240283628541));
#4114=CARTESIAN_POINT('',(9.44574801325014,18.0902877038266,-23.5239505399108));
#4115=CARTESIAN_POINT('',(9.99999862353364,18.1756072736394,-23.4519176734535));
#4116=CARTESIAN_POINT('',(10.5542432276889,18.0902874994708,-23.5239494971068));
#4117=CARTESIAN_POINT('',(11.020041906747,17.8464732999856,-23.7240268254765));
#4118=CARTESIAN_POINT('',(11.3282298317922,17.478318886393,-24.0106584458908));
#4119=CARTESIAN_POINT('',(11.4001084182941,17.1841938162693,-24.2245523448051));
#4120=CARTESIAN_POINT('',(11.4,17.0352201596261,-24.3288157153831));
#4121=CARTESIAN_POINT('',(8.6,-10.3243758543188,14.7447367972018));
#4122=CARTESIAN_POINT('',(8.6,-17.0352311957145,24.3288314765507));
#4123=CARTESIAN_POINT('',(10.,-10.3243758543188,14.7447367972018));
#4124=CARTESIAN_POINT('',(8.6,-10.3243758543188,14.7447367972018));
#4125=CARTESIAN_POINT('',(11.4,-10.3243758543188,14.7447367972018));
#4126=CARTESIAN_POINT('',(8.59995276531192,-17.0352311957339,24.328831476537));
#4127=CARTESIAN_POINT('',(8.59995285682328,-17.1841692875296,24.2245442925661));
#4128=CARTESIAN_POINT('',(8.67173389180633,-17.4783351212002,24.0106655153336));
#4129=CARTESIAN_POINT('',(8.97997185094047,-17.8464634293141,23.7240283628574));
#4130=CARTESIAN_POINT('',(9.44574801325012,-18.0902877038286,23.523950539909));
#4131=CARTESIAN_POINT('',(9.99999862353359,-18.1756072736384,23.4519176734545));
#4132=CARTESIAN_POINT('',(10.554243227689,-18.0902874994714,23.5239494971063));
#4133=CARTESIAN_POINT('',(11.0200419067472,-17.8464732999851,23.7240268254769));
#4134=CARTESIAN_POINT('',(11.3282298317923,-17.4783188863932,24.0106584458906));
#4135=CARTESIAN_POINT('',(11.4001084182941,-17.1841938162692,24.2245523448053));
#4136=CARTESIAN_POINT('',(11.4,-17.0352201596261,24.3288157153831));
#4137=CARTESIAN_POINT('',(8.6,10.3243758543188,14.7447367972019));
#4138=CARTESIAN_POINT('',(8.6,17.0352311957146,24.3288314765509));
#4139=CARTESIAN_POINT('',(10.,10.3243758543188,14.7447367972019));
#4140=CARTESIAN_POINT('',(8.6,10.3243758543188,14.7447367972019));
#4141=CARTESIAN_POINT('',(11.4,10.3243758543188,14.7447367972019));
#4142=CARTESIAN_POINT('',(8.59995276531198,17.0352311956951,24.3288314765645));
#4143=CARTESIAN_POINT('',(8.59995285682138,16.886293470975,24.433119184764));
#4144=CARTESIAN_POINT('',(8.67173389179569,16.5847025216943,24.6363937978837));
#4145=CARTESIAN_POINT('',(8.9799718509316,16.1894444079388,24.8842855725744));
#4146=CARTESIAN_POINT('',(9.44574801324748,15.9180399408249,25.0449747984286));
#4147=CARTESIAN_POINT('',(9.99999862353465,15.8211701762629,25.1005122772812));
#4148=CARTESIAN_POINT('',(10.5542432276854,15.9180390308015,25.0449742497394));
#4149=CARTESIAN_POINT('',(11.0200419067557,16.1894395873094,24.884294322151));
#4150=CARTESIAN_POINT('',(11.3282298317992,16.584701431206,24.6363761242809));
#4151=CARTESIAN_POINT('',(11.4001084182968,16.8862926482977,24.4331449882513));
#4152=CARTESIAN_POINT('',(11.4,17.0352201596261,24.328815715383));
#4153=CARTESIAN_POINT('',(8.5999527653156,-17.0352344157128,-24.3288292218749));
#4154=CARTESIAN_POINT('',(8.09993589311123,-17.322024042854,-24.7384046528345));
#4155=CARTESIAN_POINT('',(8.09993589311123,-17.322024042854,-24.7384046528345));
#4156=CARTESIAN_POINT('',(8.09993531509255,-17.1164898959996,-24.8823216669443));
#4157=CARTESIAN_POINT('',(8.19735213606816,-16.7016438282646,-25.1647653554868));
#4158=CARTESIAN_POINT('',(8.61567608419766,-16.1611163032893,-25.5138897542258));
#4159=CARTESIAN_POINT('',(9.24780087671491,-15.7915886976824,-25.7427914295449));
#4160=CARTESIAN_POINT('',(9.9999981346906,-15.6600066104974,-25.8224278116721));
#4161=CARTESIAN_POINT('',(10.7521872313891,-15.7915876425129,-25.7427909625796));
#4162=CARTESIAN_POINT('',(11.3843425910741,-16.1611087367169,-25.5139005170088));
#4163=CARTESIAN_POINT('',(11.8025976267248,-16.7016441718195,-25.1647462972759));
#4164=CARTESIAN_POINT('',(11.9001471461936,-17.1164814722708,-24.8823531594687));
#4165=CARTESIAN_POINT('',(11.9,-17.3220083778016,-24.7383917375275));
#4166=CARTESIAN_POINT('',(8.59995276531575,17.0352279757152,-24.3288337312088));
#4167=CARTESIAN_POINT('',(8.09993589311424,17.3220151564455,-24.7384108751645));
#4168=CARTESIAN_POINT('',(8.09993589311424,17.3220151564455,-24.7384108751645));
#4169=CARTESIAN_POINT('',(8.09993531507447,17.5275497309798,-24.5944944718357));
#4170=CARTESIAN_POINT('',(8.19735213600257,17.9348456924515,-24.3012681140498));
#4171=CARTESIAN_POINT('',(8.61567608421093,18.4477866152718,-23.9127459643734));
#4172=CARTESIAN_POINT('',(9.24780087668827,18.7892697151893,-23.6437925839258));
#4173=CARTESIAN_POINT('',(9.99999813469493,18.9091071600299,-23.5473831144848));
#4174=CARTESIAN_POINT('',(10.7521872314065,18.7892696372695,-23.6437914326834));
#4175=CARTESIAN_POINT('',(11.3843425910892,18.4477993168888,-23.9127425352183));
#4176=CARTESIAN_POINT('',(11.8025976267298,17.9348276661087,-24.3012619185774));
#4177=CARTESIAN_POINT('',(11.9001471462712,17.5275822053403,-24.5944973272107));
#4178=CARTESIAN_POINT('',(11.9,17.3220083778016,-24.7383917375276));
#4179=CARTESIAN_POINT('',(8.59995276531553,-17.0352279757062,24.3288337312156));
#4180=CARTESIAN_POINT('',(8.09993589311484,-17.3220151564578,24.7384108751559));
#4181=CARTESIAN_POINT('',(8.09993589311484,-17.3220151564578,24.7384108751559));
#4182=CARTESIAN_POINT('',(8.09993531507514,-17.5275497309921,24.5944944718272));
#4183=CARTESIAN_POINT('',(8.19735213600132,-17.9348456924406,24.3012681140574));
#4184=CARTESIAN_POINT('',(8.61567608421132,-18.4477866152772,23.9127459643696));
#4185=CARTESIAN_POINT('',(9.24780087668769,-18.7892697151861,23.643792583928));
#4186=CARTESIAN_POINT('',(9.99999813469517,-18.9091071600317,23.5473831144836));
#4187=CARTESIAN_POINT('',(10.7521872314066,-18.7892696372685,23.6437914326841));
#4188=CARTESIAN_POINT('',(11.3843425910894,-18.4477993168893,23.912742535218));
#4189=CARTESIAN_POINT('',(11.8025976267298,-17.9348276661081,24.3012619185778));
#4190=CARTESIAN_POINT('',(11.9001471462713,-17.5275822053404,24.5944973272106));
#4191=CARTESIAN_POINT('',(11.9,-17.3220083778016,24.7383917375276));
#4192=CARTESIAN_POINT('',(8.59995276531559,17.0352344157128,24.3288292218749));
#4193=CARTESIAN_POINT('',(8.09993589311122,17.3220240428539,24.7384046528345));
#4194=CARTESIAN_POINT('',(8.09993589311122,17.3220240428539,24.7384046528345));
#4195=CARTESIAN_POINT('',(8.09993531509254,17.1164898959996,24.8823216669442));
#4196=CARTESIAN_POINT('',(8.19735213606817,16.7016438282646,25.1647653554869));
#4197=CARTESIAN_POINT('',(8.61567608419766,16.1611163032893,25.5138897542258));
#4198=CARTESIAN_POINT('',(9.24780087671491,15.7915886976824,25.7427914295449));
#4199=CARTESIAN_POINT('',(9.99999813469061,15.6600066104974,25.8224278116722));
#4200=CARTESIAN_POINT('',(10.7521872313891,15.7915876425129,25.7427909625796));
#4201=CARTESIAN_POINT('',(11.3843425910741,16.1611087367169,25.5139005170088));
#4202=CARTESIAN_POINT('',(11.8025976267248,16.7016441718195,25.1647462972759));
#4203=CARTESIAN_POINT('',(11.9001471461936,17.1164814722708,24.8823531594687));
#4204=CARTESIAN_POINT('',(11.9,17.3220083778016,24.7383917375276));
#4205=CARTESIAN_POINT('',(0.,0.,0.));
ENDSEC;
END-ISO-10303-21;
