ISO-10303-21;
HEADER;
/* Generated by software containing ST-Developer
 * from STEP Tools, Inc. (www.steptools.com) 
 */
/* OPTION: using custom schema-name function */

FILE_DESCRIPTION(
/* description */ (''),
/* implementation_level */ '2;1');

FILE_NAME(
/* name */ 'nut retainer end',
/* time_stamp */ '2026-09-27T14:41:31+02:00',
/* author */ (''),
/* organization */ (''),
/* preprocessor_version */ 'ST-DEVELOPER v19.2',
/* originating_system */ 'Rhino 8.9',
/* authorisation */ '');

FILE_SCHEMA (('CONFIG_CONTROL_DESIGN'));
ENDSEC;

DATA;
#10=SHAPE_REPRESENTATION_RELATIONSHIP('','',#1148,#12);
#11=MANIFOLD_SOLID_BREP('brep_1',#13);
#12=ADVANCED_BREP_SHAPE_REPRESENTATION('brep_rep_0',(#11,#1236),#1147);
#13=CLOSED_SHELL('',(#14,#15,#16,#17,#18,#19,#20,#21,#22,#23,#24,#25,#26,
#27,#28,#29,#30,#31,#32,#33,#34,#35,#36,#37,#38,#39,#40,#41,#42,#43,#44,
#45,#46,#47,#48,#49,#50,#51,#52,#53,#54,#55,#56,#57,#58,#59,#60,#61,#62,
#63,#64,#65,#66,#67,#68,#69,#70,#71,#72,#73,#74,#75));
#14=ADVANCED_FACE('',(#76),#1054,.T.);
#15=ADVANCED_FACE('',(#77),#1000,.T.);
#16=ADVANCED_FACE('',(#78),#1020,.T.);
#17=ADVANCED_FACE('',(#79),#1001,.T.);
#18=ADVANCED_FACE('',(#80),#1021,.T.);
#19=ADVANCED_FACE('',(#81),#1002,.T.);
#20=ADVANCED_FACE('',(#82),#1022,.F.);
#21=ADVANCED_FACE('',(#83),#1055,.T.);
#22=ADVANCED_FACE('',(#84),#1032,.T.);
#23=ADVANCED_FACE('',(#85),#1033,.T.);
#24=ADVANCED_FACE('',(#86),#1034,.T.);
#25=ADVANCED_FACE('',(#87),#1035,.T.);
#26=ADVANCED_FACE('',(#88),#1036,.T.);
#27=ADVANCED_FACE('',(#89),#1037,.T.);
#28=ADVANCED_FACE('',(#90),#1038,.T.);
#29=ADVANCED_FACE('',(#91),#1039,.T.);
#30=ADVANCED_FACE('',(#92),#1009,.F.);
#31=ADVANCED_FACE('',(#93),#1010,.F.);
#32=ADVANCED_FACE('',(#94),#1042,.T.);
#33=ADVANCED_FACE('',(#95),#1043,.T.);
#34=ADVANCED_FACE('',(#96),#1012,.F.);
#35=ADVANCED_FACE('',(#97),#1013,.F.);
#36=ADVANCED_FACE('',(#98),#1046,.T.);
#37=ADVANCED_FACE('',(#99),#1047,.T.);
#38=ADVANCED_FACE('',(#100),#1015,.F.);
#39=ADVANCED_FACE('',(#101),#1016,.F.);
#40=ADVANCED_FACE('',(#102),#1050,.T.);
#41=ADVANCED_FACE('',(#103),#1051,.T.);
#42=ADVANCED_FACE('',(#104),#1018,.F.);
#43=ADVANCED_FACE('',(#105),#1019,.F.);
#44=ADVANCED_FACE('',(#106),#1023,.T.);
#45=ADVANCED_FACE('',(#107),#1024,.T.);
#46=ADVANCED_FACE('',(#108),#1025,.T.);
#47=ADVANCED_FACE('',(#109),#1003,.T.);
#48=ADVANCED_FACE('',(#110),#1004,.T.);
#49=ADVANCED_FACE('',(#111),#1005,.T.);
#50=ADVANCED_FACE('',(#112),#1028,.T.);
#51=ADVANCED_FACE('',(#113),#1008,.T.);
#52=ADVANCED_FACE('',(#114),#1040,.T.);
#53=ADVANCED_FACE('',(#115),#1041,.T.);
#54=ADVANCED_FACE('',(#116),#1029,.T.);
#55=ADVANCED_FACE('',(#117),#1011,.T.);
#56=ADVANCED_FACE('',(#118),#1044,.T.);
#57=ADVANCED_FACE('',(#119),#1045,.T.);
#58=ADVANCED_FACE('',(#120),#1030,.T.);
#59=ADVANCED_FACE('',(#121),#1014,.T.);
#60=ADVANCED_FACE('',(#122),#1048,.T.);
#61=ADVANCED_FACE('',(#123),#1049,.T.);
#62=ADVANCED_FACE('',(#124),#1031,.T.);
#63=ADVANCED_FACE('',(#125),#1017,.T.);
#64=ADVANCED_FACE('',(#126),#1052,.T.);
#65=ADVANCED_FACE('',(#127),#1053,.T.);
#66=ADVANCED_FACE('',(#128),#1056,.T.);
#67=ADVANCED_FACE('',(#129),#1057,.T.);
#68=ADVANCED_FACE('',(#130),#1058,.T.);
#69=ADVANCED_FACE('',(#131),#1059,.T.);
#70=ADVANCED_FACE('',(#132),#1060,.T.);
#71=ADVANCED_FACE('',(#133),#1006,.T.);
#72=ADVANCED_FACE('',(#134),#1026,.T.);
#73=ADVANCED_FACE('',(#135),#1007,.T.);
#74=ADVANCED_FACE('',(#136),#1027,.F.);
#75=ADVANCED_FACE('',(#137),#1061,.T.);
#76=FACE_OUTER_BOUND('',#138,.T.);
#77=FACE_OUTER_BOUND('',#139,.T.);
#78=FACE_OUTER_BOUND('',#140,.T.);
#79=FACE_OUTER_BOUND('',#141,.T.);
#80=FACE_OUTER_BOUND('',#142,.T.);
#81=FACE_OUTER_BOUND('',#143,.T.);
#82=FACE_OUTER_BOUND('',#144,.T.);
#83=FACE_OUTER_BOUND('',#145,.T.);
#84=FACE_OUTER_BOUND('',#146,.T.);
#85=FACE_OUTER_BOUND('',#147,.T.);
#86=FACE_OUTER_BOUND('',#148,.T.);
#87=FACE_OUTER_BOUND('',#149,.T.);
#88=FACE_OUTER_BOUND('',#150,.T.);
#89=FACE_OUTER_BOUND('',#151,.T.);
#90=FACE_OUTER_BOUND('',#152,.T.);
#91=FACE_OUTER_BOUND('',#153,.T.);
#92=FACE_OUTER_BOUND('',#154,.T.);
#93=FACE_OUTER_BOUND('',#155,.T.);
#94=FACE_OUTER_BOUND('',#156,.T.);
#95=FACE_OUTER_BOUND('',#157,.T.);
#96=FACE_OUTER_BOUND('',#158,.T.);
#97=FACE_OUTER_BOUND('',#159,.T.);
#98=FACE_OUTER_BOUND('',#160,.T.);
#99=FACE_OUTER_BOUND('',#161,.T.);
#100=FACE_OUTER_BOUND('',#162,.T.);
#101=FACE_OUTER_BOUND('',#163,.T.);
#102=FACE_OUTER_BOUND('',#164,.T.);
#103=FACE_OUTER_BOUND('',#165,.T.);
#104=FACE_OUTER_BOUND('',#166,.T.);
#105=FACE_OUTER_BOUND('',#167,.T.);
#106=FACE_OUTER_BOUND('',#168,.T.);
#107=FACE_OUTER_BOUND('',#169,.T.);
#108=FACE_OUTER_BOUND('',#170,.T.);
#109=FACE_OUTER_BOUND('',#171,.T.);
#110=FACE_OUTER_BOUND('',#172,.T.);
#111=FACE_OUTER_BOUND('',#173,.T.);
#112=FACE_OUTER_BOUND('',#174,.T.);
#113=FACE_OUTER_BOUND('',#175,.T.);
#114=FACE_OUTER_BOUND('',#176,.T.);
#115=FACE_OUTER_BOUND('',#177,.T.);
#116=FACE_OUTER_BOUND('',#178,.T.);
#117=FACE_OUTER_BOUND('',#179,.T.);
#118=FACE_OUTER_BOUND('',#180,.T.);
#119=FACE_OUTER_BOUND('',#181,.T.);
#120=FACE_OUTER_BOUND('',#182,.T.);
#121=FACE_OUTER_BOUND('',#183,.T.);
#122=FACE_OUTER_BOUND('',#184,.T.);
#123=FACE_OUTER_BOUND('',#185,.T.);
#124=FACE_OUTER_BOUND('',#186,.T.);
#125=FACE_OUTER_BOUND('',#187,.T.);
#126=FACE_OUTER_BOUND('',#188,.T.);
#127=FACE_OUTER_BOUND('',#189,.T.);
#128=FACE_OUTER_BOUND('',#190,.T.);
#129=FACE_OUTER_BOUND('',#191,.T.);
#130=FACE_OUTER_BOUND('',#192,.T.);
#131=FACE_OUTER_BOUND('',#193,.T.);
#132=FACE_OUTER_BOUND('',#194,.T.);
#133=FACE_OUTER_BOUND('',#195,.T.);
#134=FACE_OUTER_BOUND('',#196,.T.);
#135=FACE_OUTER_BOUND('',#197,.T.);
#136=FACE_OUTER_BOUND('',#198,.T.);
#137=FACE_OUTER_BOUND('',#199,.T.);
#138=EDGE_LOOP('',(#200,#201,#202,#203,#204,#205));
#139=EDGE_LOOP('',(#206,#207,#208,#209));
#140=EDGE_LOOP('',(#210,#211,#212,#213));
#141=EDGE_LOOP('',(#214,#215,#216,#217,#218,#219,#220,#221));
#142=EDGE_LOOP('',(#222,#223,#224,#225));
#143=EDGE_LOOP('',(#226,#227,#228,#229,#230,#231,#232,#233,#234,#235));
#144=EDGE_LOOP('',(#236,#237,#238,#239,#240,#241,#242,#243,#244,#245,#246,
#247));
#145=EDGE_LOOP('',(#248,#249,#250,#251,#252,#253));
#146=EDGE_LOOP('',(#254,#255,#256,#257));
#147=EDGE_LOOP('',(#258,#259,#260,#261));
#148=EDGE_LOOP('',(#262,#263,#264,#265));
#149=EDGE_LOOP('',(#266,#267,#268,#269));
#150=EDGE_LOOP('',(#270,#271,#272,#273));
#151=EDGE_LOOP('',(#274,#275,#276,#277));
#152=EDGE_LOOP('',(#278,#279,#280,#281));
#153=EDGE_LOOP('',(#282,#283,#284,#285));
#154=EDGE_LOOP('',(#286,#287,#288,#289));
#155=EDGE_LOOP('',(#290,#291,#292,#293));
#156=EDGE_LOOP('',(#294,#295,#296,#297));
#157=EDGE_LOOP('',(#298,#299,#300,#301));
#158=EDGE_LOOP('',(#302,#303,#304,#305));
#159=EDGE_LOOP('',(#306,#307,#308,#309));
#160=EDGE_LOOP('',(#310,#311,#312,#313));
#161=EDGE_LOOP('',(#314,#315,#316,#317));
#162=EDGE_LOOP('',(#318,#319,#320,#321));
#163=EDGE_LOOP('',(#322,#323,#324,#325));
#164=EDGE_LOOP('',(#326,#327,#328,#329));
#165=EDGE_LOOP('',(#330,#331,#332,#333));
#166=EDGE_LOOP('',(#334,#335,#336,#337));
#167=EDGE_LOOP('',(#338,#339,#340,#341));
#168=EDGE_LOOP('',(#342,#343,#344,#345));
#169=EDGE_LOOP('',(#346,#347,#348,#349));
#170=EDGE_LOOP('',(#350,#351,#352,#353));
#171=EDGE_LOOP('',(#354,#355,#356,#357,#358,#359,#360,#361,#362,#363));
#172=EDGE_LOOP('',(#364,#365,#366,#367,#368,#369,#370,#371,#372,#373));
#173=EDGE_LOOP('',(#374,#375,#376,#377,#378,#379,#380,#381,#382,#383));
#174=EDGE_LOOP('',(#384,#385,#386,#387));
#175=EDGE_LOOP('',(#388,#389,#390,#391));
#176=EDGE_LOOP('',(#392,#393,#394,#395));
#177=EDGE_LOOP('',(#396,#397,#398,#399));
#178=EDGE_LOOP('',(#400,#401,#402,#403));
#179=EDGE_LOOP('',(#404,#405,#406,#407));
#180=EDGE_LOOP('',(#408,#409,#410,#411));
#181=EDGE_LOOP('',(#412,#413,#414,#415));
#182=EDGE_LOOP('',(#416,#417,#418,#419));
#183=EDGE_LOOP('',(#420,#421,#422,#423));
#184=EDGE_LOOP('',(#424,#425,#426,#427));
#185=EDGE_LOOP('',(#428,#429,#430,#431));
#186=EDGE_LOOP('',(#432,#433,#434,#435));
#187=EDGE_LOOP('',(#436,#437,#438,#439));
#188=EDGE_LOOP('',(#440,#441,#442,#443));
#189=EDGE_LOOP('',(#444,#445,#446,#447));
#190=EDGE_LOOP('',(#448,#449,#450,#451,#452,#453,#454,#455,#456,#457,#458,
#459));
#191=EDGE_LOOP('',(#460,#461,#462,#463,#464,#465,#466,#467,#468,#469));
#192=EDGE_LOOP('',(#470,#471,#472,#473,#474,#475,#476,#477,#478,#479,#480,
#481));
#193=EDGE_LOOP('',(#482,#483,#484,#485,#486,#487,#488,#489,#490,#491));
#194=EDGE_LOOP('',(#492,#493,#494,#495,#496,#497));
#195=EDGE_LOOP('',(#498,#499,#500,#501));
#196=EDGE_LOOP('',(#502,#503,#504,#505));
#197=EDGE_LOOP('',(#506,#507,#508,#509,#510,#511,#512,#513));
#198=EDGE_LOOP('',(#514,#515,#516,#517,#518,#519,#520,#521,#522,#523,#524,
#525));
#199=EDGE_LOOP('',(#526,#527,#528,#529,#530,#531));
#200=ORIENTED_EDGE('',*,*,#555,.F.);
#201=ORIENTED_EDGE('',*,*,#554,.F.);
#202=ORIENTED_EDGE('',*,*,#553,.F.);
#203=ORIENTED_EDGE('',*,*,#559,.T.);
#204=ORIENTED_EDGE('',*,*,#536,.T.);
#205=ORIENTED_EDGE('',*,*,#686,.F.);
#206=ORIENTED_EDGE('',*,*,#536,.F.);
#207=ORIENTED_EDGE('',*,*,#535,.T.);
#208=ORIENTED_EDGE('',*,*,#537,.T.);
#209=ORIENTED_EDGE('',*,*,#688,.F.);
#210=ORIENTED_EDGE('',*,*,#537,.F.);
#211=ORIENTED_EDGE('',*,*,#534,.T.);
#212=ORIENTED_EDGE('',*,*,#538,.T.);
#213=ORIENTED_EDGE('',*,*,#690,.F.);
#214=ORIENTED_EDGE('',*,*,#538,.F.);
#215=ORIENTED_EDGE('',*,*,#533,.T.);
#216=ORIENTED_EDGE('',*,*,#539,.T.);
#217=ORIENTED_EDGE('',*,*,#661,.T.);
#218=ORIENTED_EDGE('',*,*,#660,.T.);
#219=ORIENTED_EDGE('',*,*,#659,.T.);
#220=ORIENTED_EDGE('',*,*,#658,.T.);
#221=ORIENTED_EDGE('',*,*,#692,.F.);
#222=ORIENTED_EDGE('',*,*,#663,.T.);
#223=ORIENTED_EDGE('',*,*,#637,.F.);
#224=ORIENTED_EDGE('',*,*,#657,.F.);
#225=ORIENTED_EDGE('',*,*,#638,.F.);
#226=ORIENTED_EDGE('',*,*,#608,.F.);
#227=ORIENTED_EDGE('',*,*,#605,.F.);
#228=ORIENTED_EDGE('',*,*,#679,.F.);
#229=ORIENTED_EDGE('',*,*,#666,.T.);
#230=ORIENTED_EDGE('',*,*,#602,.F.);
#231=ORIENTED_EDGE('',*,*,#599,.F.);
#232=ORIENTED_EDGE('',*,*,#596,.F.);
#233=ORIENTED_EDGE('',*,*,#677,.F.);
#234=ORIENTED_EDGE('',*,*,#662,.F.);
#235=ORIENTED_EDGE('',*,*,#610,.F.);
#236=ORIENTED_EDGE('',*,*,#696,.T.);
#237=ORIENTED_EDGE('',*,*,#640,.F.);
#238=ORIENTED_EDGE('',*,*,#668,.F.);
#239=ORIENTED_EDGE('',*,*,#641,.F.);
#240=ORIENTED_EDGE('',*,*,#651,.T.);
#241=ORIENTED_EDGE('',*,*,#642,.F.);
#242=ORIENTED_EDGE('',*,*,#669,.F.);
#243=ORIENTED_EDGE('',*,*,#643,.F.);
#244=ORIENTED_EDGE('',*,*,#652,.T.);
#245=ORIENTED_EDGE('',*,*,#653,.T.);
#246=ORIENTED_EDGE('',*,*,#540,.T.);
#247=ORIENTED_EDGE('',*,*,#694,.F.);
#248=ORIENTED_EDGE('',*,*,#540,.F.);
#249=ORIENTED_EDGE('',*,*,#532,.T.);
#250=ORIENTED_EDGE('',*,*,#541,.T.);
#251=ORIENTED_EDGE('',*,*,#544,.T.);
#252=ORIENTED_EDGE('',*,*,#546,.T.);
#253=ORIENTED_EDGE('',*,*,#697,.F.);
#254=ORIENTED_EDGE('',*,*,#553,.T.);
#255=ORIENTED_EDGE('',*,*,#542,.F.);
#256=ORIENTED_EDGE('',*,*,#541,.F.);
#257=ORIENTED_EDGE('',*,*,#543,.T.);
#258=ORIENTED_EDGE('',*,*,#554,.T.);
#259=ORIENTED_EDGE('',*,*,#545,.F.);
#260=ORIENTED_EDGE('',*,*,#544,.F.);
#261=ORIENTED_EDGE('',*,*,#542,.T.);
#262=ORIENTED_EDGE('',*,*,#555,.T.);
#263=ORIENTED_EDGE('',*,*,#547,.F.);
#264=ORIENTED_EDGE('',*,*,#546,.F.);
#265=ORIENTED_EDGE('',*,*,#545,.T.);
#266=ORIENTED_EDGE('',*,*,#556,.T.);
#267=ORIENTED_EDGE('',*,*,#549,.F.);
#268=ORIENTED_EDGE('',*,*,#548,.F.);
#269=ORIENTED_EDGE('',*,*,#547,.T.);
#270=ORIENTED_EDGE('',*,*,#557,.T.);
#271=ORIENTED_EDGE('',*,*,#551,.F.);
#272=ORIENTED_EDGE('',*,*,#550,.F.);
#273=ORIENTED_EDGE('',*,*,#549,.T.);
#274=ORIENTED_EDGE('',*,*,#558,.T.);
#275=ORIENTED_EDGE('',*,*,#543,.F.);
#276=ORIENTED_EDGE('',*,*,#552,.F.);
#277=ORIENTED_EDGE('',*,*,#551,.T.);
#278=ORIENTED_EDGE('',*,*,#563,.T.);
#279=ORIENTED_EDGE('',*,*,#562,.T.);
#280=ORIENTED_EDGE('',*,*,#561,.F.);
#281=ORIENTED_EDGE('',*,*,#560,.F.);
#282=ORIENTED_EDGE('',*,*,#565,.T.);
#283=ORIENTED_EDGE('',*,*,#569,.T.);
#284=ORIENTED_EDGE('',*,*,#568,.F.);
#285=ORIENTED_EDGE('',*,*,#567,.F.);
#286=ORIENTED_EDGE('',*,*,#568,.T.);
#287=ORIENTED_EDGE('',*,*,#572,.T.);
#288=ORIENTED_EDGE('',*,*,#571,.F.);
#289=ORIENTED_EDGE('',*,*,#570,.F.);
#290=ORIENTED_EDGE('',*,*,#575,.T.);
#291=ORIENTED_EDGE('',*,*,#578,.T.);
#292=ORIENTED_EDGE('',*,*,#577,.F.);
#293=ORIENTED_EDGE('',*,*,#576,.F.);
#294=ORIENTED_EDGE('',*,*,#577,.T.);
#295=ORIENTED_EDGE('',*,*,#581,.T.);
#296=ORIENTED_EDGE('',*,*,#580,.F.);
#297=ORIENTED_EDGE('',*,*,#579,.F.);
#298=ORIENTED_EDGE('',*,*,#583,.T.);
#299=ORIENTED_EDGE('',*,*,#587,.T.);
#300=ORIENTED_EDGE('',*,*,#586,.F.);
#301=ORIENTED_EDGE('',*,*,#585,.F.);
#302=ORIENTED_EDGE('',*,*,#586,.T.);
#303=ORIENTED_EDGE('',*,*,#590,.T.);
#304=ORIENTED_EDGE('',*,*,#589,.F.);
#305=ORIENTED_EDGE('',*,*,#588,.F.);
#306=ORIENTED_EDGE('',*,*,#593,.T.);
#307=ORIENTED_EDGE('',*,*,#596,.T.);
#308=ORIENTED_EDGE('',*,*,#595,.F.);
#309=ORIENTED_EDGE('',*,*,#594,.F.);
#310=ORIENTED_EDGE('',*,*,#595,.T.);
#311=ORIENTED_EDGE('',*,*,#599,.T.);
#312=ORIENTED_EDGE('',*,*,#598,.F.);
#313=ORIENTED_EDGE('',*,*,#597,.F.);
#314=ORIENTED_EDGE('',*,*,#601,.T.);
#315=ORIENTED_EDGE('',*,*,#605,.T.);
#316=ORIENTED_EDGE('',*,*,#604,.F.);
#317=ORIENTED_EDGE('',*,*,#603,.F.);
#318=ORIENTED_EDGE('',*,*,#604,.T.);
#319=ORIENTED_EDGE('',*,*,#608,.T.);
#320=ORIENTED_EDGE('',*,*,#607,.F.);
#321=ORIENTED_EDGE('',*,*,#606,.F.);
#322=ORIENTED_EDGE('',*,*,#611,.T.);
#323=ORIENTED_EDGE('',*,*,#614,.T.);
#324=ORIENTED_EDGE('',*,*,#613,.F.);
#325=ORIENTED_EDGE('',*,*,#612,.F.);
#326=ORIENTED_EDGE('',*,*,#613,.T.);
#327=ORIENTED_EDGE('',*,*,#617,.T.);
#328=ORIENTED_EDGE('',*,*,#616,.F.);
#329=ORIENTED_EDGE('',*,*,#615,.F.);
#330=ORIENTED_EDGE('',*,*,#619,.T.);
#331=ORIENTED_EDGE('',*,*,#623,.T.);
#332=ORIENTED_EDGE('',*,*,#622,.F.);
#333=ORIENTED_EDGE('',*,*,#621,.F.);
#334=ORIENTED_EDGE('',*,*,#622,.T.);
#335=ORIENTED_EDGE('',*,*,#626,.T.);
#336=ORIENTED_EDGE('',*,*,#625,.F.);
#337=ORIENTED_EDGE('',*,*,#624,.F.);
#338=ORIENTED_EDGE('',*,*,#629,.T.);
#339=ORIENTED_EDGE('',*,*,#631,.T.);
#340=ORIENTED_EDGE('',*,*,#563,.F.);
#341=ORIENTED_EDGE('',*,*,#630,.F.);
#342=ORIENTED_EDGE('',*,*,#662,.T.);
#343=ORIENTED_EDGE('',*,*,#635,.F.);
#344=ORIENTED_EDGE('',*,*,#655,.F.);
#345=ORIENTED_EDGE('',*,*,#636,.F.);
#346=ORIENTED_EDGE('',*,*,#659,.F.);
#347=ORIENTED_EDGE('',*,*,#632,.F.);
#348=ORIENTED_EDGE('',*,*,#664,.T.);
#349=ORIENTED_EDGE('',*,*,#639,.F.);
#350=ORIENTED_EDGE('',*,*,#661,.F.);
#351=ORIENTED_EDGE('',*,*,#634,.F.);
#352=ORIENTED_EDGE('',*,*,#665,.T.);
#353=ORIENTED_EDGE('',*,*,#633,.F.);
#354=ORIENTED_EDGE('',*,*,#675,.F.);
#355=ORIENTED_EDGE('',*,*,#669,.T.);
#356=ORIENTED_EDGE('',*,*,#584,.F.);
#357=ORIENTED_EDGE('',*,*,#581,.F.);
#358=ORIENTED_EDGE('',*,*,#578,.F.);
#359=ORIENTED_EDGE('',*,*,#673,.F.);
#360=ORIENTED_EDGE('',*,*,#665,.F.);
#361=ORIENTED_EDGE('',*,*,#592,.F.);
#362=ORIENTED_EDGE('',*,*,#590,.F.);
#363=ORIENTED_EDGE('',*,*,#587,.F.);
#364=ORIENTED_EDGE('',*,*,#626,.F.);
#365=ORIENTED_EDGE('',*,*,#623,.F.);
#366=ORIENTED_EDGE('',*,*,#683,.F.);
#367=ORIENTED_EDGE('',*,*,#667,.T.);
#368=ORIENTED_EDGE('',*,*,#620,.F.);
#369=ORIENTED_EDGE('',*,*,#617,.F.);
#370=ORIENTED_EDGE('',*,*,#614,.F.);
#371=ORIENTED_EDGE('',*,*,#681,.F.);
#372=ORIENTED_EDGE('',*,*,#663,.F.);
#373=ORIENTED_EDGE('',*,*,#628,.F.);
#374=ORIENTED_EDGE('',*,*,#664,.F.);
#375=ORIENTED_EDGE('',*,*,#574,.F.);
#376=ORIENTED_EDGE('',*,*,#572,.F.);
#377=ORIENTED_EDGE('',*,*,#569,.F.);
#378=ORIENTED_EDGE('',*,*,#671,.F.);
#379=ORIENTED_EDGE('',*,*,#668,.T.);
#380=ORIENTED_EDGE('',*,*,#566,.F.);
#381=ORIENTED_EDGE('',*,*,#562,.F.);
#382=ORIENTED_EDGE('',*,*,#631,.F.);
#383=ORIENTED_EDGE('',*,*,#685,.F.);
#384=ORIENTED_EDGE('',*,*,#640,.T.);
#385=ORIENTED_EDGE('',*,*,#564,.F.);
#386=ORIENTED_EDGE('',*,*,#561,.T.);
#387=ORIENTED_EDGE('',*,*,#566,.T.);
#388=ORIENTED_EDGE('',*,*,#641,.T.);
#389=ORIENTED_EDGE('',*,*,#671,.T.);
#390=ORIENTED_EDGE('',*,*,#565,.F.);
#391=ORIENTED_EDGE('',*,*,#670,.F.);
#392=ORIENTED_EDGE('',*,*,#632,.T.);
#393=ORIENTED_EDGE('',*,*,#573,.F.);
#394=ORIENTED_EDGE('',*,*,#571,.T.);
#395=ORIENTED_EDGE('',*,*,#574,.T.);
#396=ORIENTED_EDGE('',*,*,#633,.T.);
#397=ORIENTED_EDGE('',*,*,#673,.T.);
#398=ORIENTED_EDGE('',*,*,#575,.F.);
#399=ORIENTED_EDGE('',*,*,#672,.F.);
#400=ORIENTED_EDGE('',*,*,#642,.T.);
#401=ORIENTED_EDGE('',*,*,#582,.F.);
#402=ORIENTED_EDGE('',*,*,#580,.T.);
#403=ORIENTED_EDGE('',*,*,#584,.T.);
#404=ORIENTED_EDGE('',*,*,#643,.T.);
#405=ORIENTED_EDGE('',*,*,#675,.T.);
#406=ORIENTED_EDGE('',*,*,#583,.F.);
#407=ORIENTED_EDGE('',*,*,#674,.F.);
#408=ORIENTED_EDGE('',*,*,#634,.T.);
#409=ORIENTED_EDGE('',*,*,#591,.F.);
#410=ORIENTED_EDGE('',*,*,#589,.T.);
#411=ORIENTED_EDGE('',*,*,#592,.T.);
#412=ORIENTED_EDGE('',*,*,#635,.T.);
#413=ORIENTED_EDGE('',*,*,#677,.T.);
#414=ORIENTED_EDGE('',*,*,#593,.F.);
#415=ORIENTED_EDGE('',*,*,#676,.F.);
#416=ORIENTED_EDGE('',*,*,#645,.T.);
#417=ORIENTED_EDGE('',*,*,#679,.T.);
#418=ORIENTED_EDGE('',*,*,#601,.F.);
#419=ORIENTED_EDGE('',*,*,#678,.F.);
#420=ORIENTED_EDGE('',*,*,#644,.T.);
#421=ORIENTED_EDGE('',*,*,#600,.F.);
#422=ORIENTED_EDGE('',*,*,#598,.T.);
#423=ORIENTED_EDGE('',*,*,#602,.T.);
#424=ORIENTED_EDGE('',*,*,#636,.T.);
#425=ORIENTED_EDGE('',*,*,#609,.F.);
#426=ORIENTED_EDGE('',*,*,#607,.T.);
#427=ORIENTED_EDGE('',*,*,#610,.T.);
#428=ORIENTED_EDGE('',*,*,#637,.T.);
#429=ORIENTED_EDGE('',*,*,#681,.T.);
#430=ORIENTED_EDGE('',*,*,#611,.F.);
#431=ORIENTED_EDGE('',*,*,#680,.F.);
#432=ORIENTED_EDGE('',*,*,#646,.T.);
#433=ORIENTED_EDGE('',*,*,#618,.F.);
#434=ORIENTED_EDGE('',*,*,#616,.T.);
#435=ORIENTED_EDGE('',*,*,#620,.T.);
#436=ORIENTED_EDGE('',*,*,#647,.T.);
#437=ORIENTED_EDGE('',*,*,#683,.T.);
#438=ORIENTED_EDGE('',*,*,#619,.F.);
#439=ORIENTED_EDGE('',*,*,#682,.F.);
#440=ORIENTED_EDGE('',*,*,#638,.T.);
#441=ORIENTED_EDGE('',*,*,#627,.F.);
#442=ORIENTED_EDGE('',*,*,#625,.T.);
#443=ORIENTED_EDGE('',*,*,#628,.T.);
#444=ORIENTED_EDGE('',*,*,#639,.T.);
#445=ORIENTED_EDGE('',*,*,#685,.T.);
#446=ORIENTED_EDGE('',*,*,#629,.F.);
#447=ORIENTED_EDGE('',*,*,#684,.F.);
#448=ORIENTED_EDGE('',*,*,#682,.T.);
#449=ORIENTED_EDGE('',*,*,#621,.T.);
#450=ORIENTED_EDGE('',*,*,#624,.T.);
#451=ORIENTED_EDGE('',*,*,#627,.T.);
#452=ORIENTED_EDGE('',*,*,#693,.F.);
#453=ORIENTED_EDGE('',*,*,#658,.F.);
#454=ORIENTED_EDGE('',*,*,#684,.T.);
#455=ORIENTED_EDGE('',*,*,#630,.T.);
#456=ORIENTED_EDGE('',*,*,#560,.T.);
#457=ORIENTED_EDGE('',*,*,#564,.T.);
#458=ORIENTED_EDGE('',*,*,#696,.F.);
#459=ORIENTED_EDGE('',*,*,#650,.F.);
#460=ORIENTED_EDGE('',*,*,#680,.T.);
#461=ORIENTED_EDGE('',*,*,#612,.T.);
#462=ORIENTED_EDGE('',*,*,#615,.T.);
#463=ORIENTED_EDGE('',*,*,#618,.T.);
#464=ORIENTED_EDGE('',*,*,#649,.F.);
#465=ORIENTED_EDGE('',*,*,#678,.T.);
#466=ORIENTED_EDGE('',*,*,#603,.T.);
#467=ORIENTED_EDGE('',*,*,#606,.T.);
#468=ORIENTED_EDGE('',*,*,#609,.T.);
#469=ORIENTED_EDGE('',*,*,#656,.F.);
#470=ORIENTED_EDGE('',*,*,#652,.F.);
#471=ORIENTED_EDGE('',*,*,#674,.T.);
#472=ORIENTED_EDGE('',*,*,#585,.T.);
#473=ORIENTED_EDGE('',*,*,#588,.T.);
#474=ORIENTED_EDGE('',*,*,#591,.T.);
#475=ORIENTED_EDGE('',*,*,#539,.F.);
#476=ORIENTED_EDGE('',*,*,#654,.F.);
#477=ORIENTED_EDGE('',*,*,#676,.T.);
#478=ORIENTED_EDGE('',*,*,#594,.T.);
#479=ORIENTED_EDGE('',*,*,#597,.T.);
#480=ORIENTED_EDGE('',*,*,#600,.T.);
#481=ORIENTED_EDGE('',*,*,#648,.F.);
#482=ORIENTED_EDGE('',*,*,#672,.T.);
#483=ORIENTED_EDGE('',*,*,#576,.T.);
#484=ORIENTED_EDGE('',*,*,#579,.T.);
#485=ORIENTED_EDGE('',*,*,#582,.T.);
#486=ORIENTED_EDGE('',*,*,#651,.F.);
#487=ORIENTED_EDGE('',*,*,#670,.T.);
#488=ORIENTED_EDGE('',*,*,#567,.T.);
#489=ORIENTED_EDGE('',*,*,#570,.T.);
#490=ORIENTED_EDGE('',*,*,#573,.T.);
#491=ORIENTED_EDGE('',*,*,#660,.F.);
#492=ORIENTED_EDGE('',*,*,#686,.T.);
#493=ORIENTED_EDGE('',*,*,#687,.T.);
#494=ORIENTED_EDGE('',*,*,#559,.F.);
#495=ORIENTED_EDGE('',*,*,#558,.F.);
#496=ORIENTED_EDGE('',*,*,#557,.F.);
#497=ORIENTED_EDGE('',*,*,#556,.F.);
#498=ORIENTED_EDGE('',*,*,#688,.T.);
#499=ORIENTED_EDGE('',*,*,#689,.T.);
#500=ORIENTED_EDGE('',*,*,#535,.F.);
#501=ORIENTED_EDGE('',*,*,#687,.F.);
#502=ORIENTED_EDGE('',*,*,#690,.T.);
#503=ORIENTED_EDGE('',*,*,#691,.T.);
#504=ORIENTED_EDGE('',*,*,#534,.F.);
#505=ORIENTED_EDGE('',*,*,#689,.F.);
#506=ORIENTED_EDGE('',*,*,#692,.T.);
#507=ORIENTED_EDGE('',*,*,#693,.T.);
#508=ORIENTED_EDGE('',*,*,#657,.T.);
#509=ORIENTED_EDGE('',*,*,#656,.T.);
#510=ORIENTED_EDGE('',*,*,#655,.T.);
#511=ORIENTED_EDGE('',*,*,#654,.T.);
#512=ORIENTED_EDGE('',*,*,#533,.F.);
#513=ORIENTED_EDGE('',*,*,#691,.F.);
#514=ORIENTED_EDGE('',*,*,#694,.T.);
#515=ORIENTED_EDGE('',*,*,#695,.T.);
#516=ORIENTED_EDGE('',*,*,#653,.F.);
#517=ORIENTED_EDGE('',*,*,#648,.T.);
#518=ORIENTED_EDGE('',*,*,#644,.F.);
#519=ORIENTED_EDGE('',*,*,#666,.F.);
#520=ORIENTED_EDGE('',*,*,#645,.F.);
#521=ORIENTED_EDGE('',*,*,#649,.T.);
#522=ORIENTED_EDGE('',*,*,#646,.F.);
#523=ORIENTED_EDGE('',*,*,#667,.F.);
#524=ORIENTED_EDGE('',*,*,#647,.F.);
#525=ORIENTED_EDGE('',*,*,#650,.T.);
#526=ORIENTED_EDGE('',*,*,#697,.T.);
#527=ORIENTED_EDGE('',*,*,#548,.T.);
#528=ORIENTED_EDGE('',*,*,#550,.T.);
#529=ORIENTED_EDGE('',*,*,#552,.T.);
#530=ORIENTED_EDGE('',*,*,#532,.F.);
#531=ORIENTED_EDGE('',*,*,#695,.F.);
#532=EDGE_CURVE('',#896,#901,#805,.T.);
#533=EDGE_CURVE('',#898,#897,#806,.T.);
#534=EDGE_CURVE('',#899,#898,#807,.T.);
#535=EDGE_CURVE('',#900,#899,#808,.T.);
#536=EDGE_CURVE('',#900,#994,#741,.T.);
#537=EDGE_CURVE('',#899,#995,#742,.T.);
#538=EDGE_CURVE('',#898,#996,#743,.T.);
#539=EDGE_CURVE('',#897,#937,#744,.T.);
#540=EDGE_CURVE('',#896,#999,#745,.T.);
#541=EDGE_CURVE('',#901,#902,#809,.T.);
#542=EDGE_CURVE('',#902,#908,#810,.T.);
#543=EDGE_CURVE('',#901,#907,#811,.T.);
#544=EDGE_CURVE('',#902,#903,#812,.T.);
#545=EDGE_CURVE('',#903,#909,#813,.T.);
#546=EDGE_CURVE('',#903,#904,#814,.T.);
#547=EDGE_CURVE('',#904,#910,#815,.T.);
#548=EDGE_CURVE('',#904,#905,#816,.T.);
#549=EDGE_CURVE('',#905,#911,#817,.T.);
#550=EDGE_CURVE('',#905,#906,#818,.T.);
#551=EDGE_CURVE('',#906,#912,#819,.T.);
#552=EDGE_CURVE('',#906,#901,#820,.T.);
#553=EDGE_CURVE('',#907,#908,#821,.T.);
#554=EDGE_CURVE('',#908,#909,#822,.T.);
#555=EDGE_CURVE('',#909,#910,#823,.T.);
#556=EDGE_CURVE('',#910,#911,#824,.T.);
#557=EDGE_CURVE('',#911,#912,#825,.T.);
#558=EDGE_CURVE('',#912,#907,#826,.T.);
#559=EDGE_CURVE('',#907,#900,#827,.T.);
#560=EDGE_CURVE('',#913,#914,#828,.T.);
#561=EDGE_CURVE('',#914,#954,#829,.T.);
#562=EDGE_CURVE('',#953,#954,#830,.T.);
#563=EDGE_CURVE('',#913,#953,#831,.T.);
#564=EDGE_CURVE('',#914,#985,#698,.T.);
#565=EDGE_CURVE('',#915,#957,#699,.T.);
#566=EDGE_CURVE('',#954,#955,#700,.T.);
#567=EDGE_CURVE('',#915,#916,#832,.T.);
#568=EDGE_CURVE('',#916,#958,#833,.T.);
#569=EDGE_CURVE('',#957,#958,#834,.T.);
#570=EDGE_CURVE('',#916,#917,#701,.T.);
#571=EDGE_CURVE('',#917,#959,#702,.T.);
#572=EDGE_CURVE('',#958,#959,#703,.T.);
#573=EDGE_CURVE('',#917,#939,#835,.T.);
#574=EDGE_CURVE('',#959,#945,#836,.T.);
#575=EDGE_CURVE('',#918,#960,#837,.T.);
#576=EDGE_CURVE('',#918,#919,#704,.T.);
#577=EDGE_CURVE('',#919,#961,#705,.T.);
#578=EDGE_CURVE('',#960,#961,#706,.T.);
#579=EDGE_CURVE('',#919,#920,#838,.T.);
#580=EDGE_CURVE('',#920,#962,#839,.T.);
#581=EDGE_CURVE('',#961,#962,#840,.T.);
#582=EDGE_CURVE('',#920,#987,#707,.T.);
#583=EDGE_CURVE('',#921,#965,#708,.T.);
#584=EDGE_CURVE('',#962,#963,#709,.T.);
#585=EDGE_CURVE('',#921,#922,#841,.T.);
#586=EDGE_CURVE('',#922,#966,#842,.T.);
#587=EDGE_CURVE('',#965,#966,#843,.T.);
#588=EDGE_CURVE('',#922,#923,#710,.T.);
#589=EDGE_CURVE('',#923,#967,#711,.T.);
#590=EDGE_CURVE('',#966,#967,#712,.T.);
#591=EDGE_CURVE('',#923,#937,#844,.T.);
#592=EDGE_CURVE('',#967,#947,#845,.T.);
#593=EDGE_CURVE('',#924,#968,#846,.T.);
#594=EDGE_CURVE('',#924,#925,#713,.T.);
#595=EDGE_CURVE('',#925,#969,#714,.T.);
#596=EDGE_CURVE('',#968,#969,#715,.T.);
#597=EDGE_CURVE('',#925,#926,#847,.T.);
#598=EDGE_CURVE('',#926,#970,#848,.T.);
#599=EDGE_CURVE('',#969,#970,#849,.T.);
#600=EDGE_CURVE('',#926,#989,#716,.T.);
#601=EDGE_CURVE('',#927,#973,#717,.T.);
#602=EDGE_CURVE('',#970,#971,#718,.T.);
#603=EDGE_CURVE('',#927,#928,#850,.T.);
#604=EDGE_CURVE('',#928,#974,#851,.T.);
#605=EDGE_CURVE('',#973,#974,#852,.T.);
#606=EDGE_CURVE('',#928,#929,#719,.T.);
#607=EDGE_CURVE('',#929,#975,#720,.T.);
#608=EDGE_CURVE('',#974,#975,#721,.T.);
#609=EDGE_CURVE('',#929,#943,#853,.T.);
#610=EDGE_CURVE('',#975,#949,#854,.T.);
#611=EDGE_CURVE('',#930,#976,#855,.T.);
#612=EDGE_CURVE('',#930,#931,#722,.T.);
#613=EDGE_CURVE('',#931,#977,#723,.T.);
#614=EDGE_CURVE('',#976,#977,#724,.T.);
#615=EDGE_CURVE('',#931,#932,#856,.T.);
#616=EDGE_CURVE('',#932,#978,#857,.T.);
#617=EDGE_CURVE('',#977,#978,#858,.T.);
#618=EDGE_CURVE('',#932,#991,#725,.T.);
#619=EDGE_CURVE('',#933,#981,#726,.T.);
#620=EDGE_CURVE('',#978,#979,#727,.T.);
#621=EDGE_CURVE('',#933,#934,#859,.T.);
#622=EDGE_CURVE('',#934,#982,#860,.T.);
#623=EDGE_CURVE('',#981,#982,#861,.T.);
#624=EDGE_CURVE('',#934,#935,#728,.T.);
#625=EDGE_CURVE('',#935,#983,#729,.T.);
#626=EDGE_CURVE('',#982,#983,#730,.T.);
#627=EDGE_CURVE('',#935,#941,#862,.T.);
#628=EDGE_CURVE('',#983,#951,#863,.T.);
#629=EDGE_CURVE('',#936,#984,#864,.T.);
#630=EDGE_CURVE('',#936,#913,#731,.T.);
#631=EDGE_CURVE('',#984,#953,#732,.T.);
#632=EDGE_CURVE('',#945,#939,#865,.T.);
#633=EDGE_CURVE('',#938,#946,#866,.T.);
#634=EDGE_CURVE('',#947,#937,#867,.T.);
#635=EDGE_CURVE('',#944,#948,#868,.T.);
#636=EDGE_CURVE('',#949,#943,#869,.T.);
#637=EDGE_CURVE('',#942,#950,#870,.T.);
#638=EDGE_CURVE('',#951,#941,#871,.T.);
#639=EDGE_CURVE('',#940,#952,#872,.T.);
#640=EDGE_CURVE('',#955,#985,#873,.T.);
#641=EDGE_CURVE('',#986,#956,#874,.T.);
#642=EDGE_CURVE('',#963,#987,#875,.T.);
#643=EDGE_CURVE('',#988,#964,#876,.T.);
#644=EDGE_CURVE('',#971,#989,#877,.T.);
#645=EDGE_CURVE('',#990,#972,#878,.T.);
#646=EDGE_CURVE('',#979,#991,#879,.T.);
#647=EDGE_CURVE('',#992,#980,#880,.T.);
#648=EDGE_CURVE('',#993,#989,#746,.T.);
#649=EDGE_CURVE('',#990,#991,#747,.T.);
#650=EDGE_CURVE('',#992,#998,#748,.T.);
#651=EDGE_CURVE('',#986,#987,#749,.T.);
#652=EDGE_CURVE('',#988,#993,#750,.T.);
#653=EDGE_CURVE('',#993,#896,#881,.T.);
#654=EDGE_CURVE('',#944,#897,#751,.T.);
#655=EDGE_CURVE('',#943,#944,#752,.T.);
#656=EDGE_CURVE('',#942,#943,#753,.T.);
#657=EDGE_CURVE('',#941,#942,#754,.T.);
#658=EDGE_CURVE('',#940,#997,#755,.T.);
#659=EDGE_CURVE('',#939,#940,#756,.T.);
#660=EDGE_CURVE('',#938,#939,#757,.T.);
#661=EDGE_CURVE('',#937,#938,#758,.T.);
#662=EDGE_CURVE('',#949,#948,#759,.T.);
#663=EDGE_CURVE('',#951,#950,#760,.T.);
#664=EDGE_CURVE('',#945,#952,#761,.T.);
#665=EDGE_CURVE('',#947,#946,#762,.T.);
#666=EDGE_CURVE('',#972,#971,#763,.T.);
#667=EDGE_CURVE('',#980,#979,#764,.T.);
#668=EDGE_CURVE('',#956,#955,#765,.T.);
#669=EDGE_CURVE('',#964,#963,#766,.T.);
#670=EDGE_CURVE('',#986,#915,#733,.T.);
#671=EDGE_CURVE('',#956,#957,#734,.T.);
#672=EDGE_CURVE('',#938,#918,#882,.T.);
#673=EDGE_CURVE('',#946,#960,#883,.T.);
#674=EDGE_CURVE('',#988,#921,#735,.T.);
#675=EDGE_CURVE('',#964,#965,#736,.T.);
#676=EDGE_CURVE('',#944,#924,#884,.T.);
#677=EDGE_CURVE('',#948,#968,#885,.T.);
#678=EDGE_CURVE('',#990,#927,#737,.T.);
#679=EDGE_CURVE('',#972,#973,#738,.T.);
#680=EDGE_CURVE('',#942,#930,#886,.T.);
#681=EDGE_CURVE('',#950,#976,#887,.T.);
#682=EDGE_CURVE('',#992,#933,#739,.T.);
#683=EDGE_CURVE('',#980,#981,#740,.T.);
#684=EDGE_CURVE('',#940,#936,#888,.T.);
#685=EDGE_CURVE('',#952,#984,#889,.T.);
#686=EDGE_CURVE('',#910,#994,#890,.T.);
#687=EDGE_CURVE('',#994,#900,#767,.T.);
#688=EDGE_CURVE('',#994,#995,#891,.T.);
#689=EDGE_CURVE('',#995,#899,#768,.T.);
#690=EDGE_CURVE('',#995,#996,#892,.T.);
#691=EDGE_CURVE('',#996,#898,#769,.T.);
#692=EDGE_CURVE('',#996,#997,#893,.T.);
#693=EDGE_CURVE('',#997,#941,#770,.T.);
#694=EDGE_CURVE('',#998,#999,#894,.T.);
#695=EDGE_CURVE('',#999,#896,#771,.T.);
#696=EDGE_CURVE('',#998,#985,#772,.T.);
#697=EDGE_CURVE('',#999,#904,#895,.T.);
#698=(
BOUNDED_CURVE()
B_SPLINE_CURVE(2,(#1699,#1700,#1701),.UNSPECIFIED.,.F.,.F.)
B_SPLINE_CURVE_WITH_KNOTS((3,3),(-203.934646821831,-202.424842189845),
 .UNSPECIFIED.)
CURVE()
GEOMETRIC_REPRESENTATION_ITEM()
RATIONAL_B_SPLINE_CURVE((1.,0.97842235980561,1.))
REPRESENTATION_ITEM('')
);
#699=(
BOUNDED_CURVE()
B_SPLINE_CURVE(1,(#1702,#1703),.UNSPECIFIED.,.F.,.F.)
B_SPLINE_CURVE_WITH_KNOTS((2,2),(0.,2.00000000000114),.UNSPECIFIED.)
CURVE()
GEOMETRIC_REPRESENTATION_ITEM()
RATIONAL_B_SPLINE_CURVE((1.,1.))
REPRESENTATION_ITEM('')
);
#700=(
BOUNDED_CURVE()
B_SPLINE_CURVE(2,(#1704,#1705,#1706),.UNSPECIFIED.,.F.,.F.)
B_SPLINE_CURVE_WITH_KNOTS((3,3),(-203.934646821831,-202.424842189845),
 .UNSPECIFIED.)
CURVE()
GEOMETRIC_REPRESENTATION_ITEM()
RATIONAL_B_SPLINE_CURVE((1.,0.978422359805608,1.))
REPRESENTATION_ITEM('')
);
#701=(
BOUNDED_CURVE()
B_SPLINE_CURVE(2,(#1713,#1714,#1715),.UNSPECIFIED.,.F.,.F.)
B_SPLINE_CURVE_WITH_KNOTS((3,3),(-192.284074921507,-191.498676698736),
 .UNSPECIFIED.)
CURVE()
GEOMETRIC_REPRESENTATION_ITEM()
RATIONAL_B_SPLINE_CURVE((1.,0.923879532511286,1.))
REPRESENTATION_ITEM('')
);
#702=(
BOUNDED_CURVE()
B_SPLINE_CURVE(1,(#1716,#1717),.UNSPECIFIED.,.F.,.F.)
B_SPLINE_CURVE_WITH_KNOTS((2,2),(0.,2.00000000000114),.UNSPECIFIED.)
CURVE()
GEOMETRIC_REPRESENTATION_ITEM()
RATIONAL_B_SPLINE_CURVE((1.,1.))
REPRESENTATION_ITEM('')
);
#703=(
BOUNDED_CURVE()
B_SPLINE_CURVE(2,(#1718,#1719,#1720),.UNSPECIFIED.,.F.,.F.)
B_SPLINE_CURVE_WITH_KNOTS((3,3),(-192.284074921507,-191.498676698736),
 .UNSPECIFIED.)
CURVE()
GEOMETRIC_REPRESENTATION_ITEM()
RATIONAL_B_SPLINE_CURVE((1.,0.923879532511286,1.))
REPRESENTATION_ITEM('')
);
#704=(
BOUNDED_CURVE()
B_SPLINE_CURVE(2,(#1727,#1728,#1729),.UNSPECIFIED.,.F.,.F.)
B_SPLINE_CURVE_WITH_KNOTS((3,3),(-171.509368841132,-170.723970618361),
 .UNSPECIFIED.)
CURVE()
GEOMETRIC_REPRESENTATION_ITEM()
RATIONAL_B_SPLINE_CURVE((1.,0.923879532511287,1.))
REPRESENTATION_ITEM('')
);
#705=(
BOUNDED_CURVE()
B_SPLINE_CURVE(1,(#1730,#1731),.UNSPECIFIED.,.F.,.F.)
B_SPLINE_CURVE_WITH_KNOTS((2,2),(0.,2.00000000000114),.UNSPECIFIED.)
CURVE()
GEOMETRIC_REPRESENTATION_ITEM()
RATIONAL_B_SPLINE_CURVE((1.,1.))
REPRESENTATION_ITEM('')
);
#706=(
BOUNDED_CURVE()
B_SPLINE_CURVE(2,(#1732,#1733,#1734),.UNSPECIFIED.,.F.,.F.)
B_SPLINE_CURVE_WITH_KNOTS((3,3),(-171.509368841132,-170.723970618361),
 .UNSPECIFIED.)
CURVE()
GEOMETRIC_REPRESENTATION_ITEM()
RATIONAL_B_SPLINE_CURVE((1.,0.923879532511287,1.))
REPRESENTATION_ITEM('')
);
#707=(
BOUNDED_CURVE()
B_SPLINE_CURVE(2,(#1741,#1742,#1743),.UNSPECIFIED.,.F.,.F.)
B_SPLINE_CURVE_WITH_KNOTS((3,3),(-170.068973836832,-168.559169204846),
 .UNSPECIFIED.)
CURVE()
GEOMETRIC_REPRESENTATION_ITEM()
RATIONAL_B_SPLINE_CURVE((1.,0.97842235980561,1.))
REPRESENTATION_ITEM('')
);
#708=(
BOUNDED_CURVE()
B_SPLINE_CURVE(1,(#1744,#1745),.UNSPECIFIED.,.F.,.F.)
B_SPLINE_CURVE_WITH_KNOTS((2,2),(0.,2.00000000000114),.UNSPECIFIED.)
CURVE()
GEOMETRIC_REPRESENTATION_ITEM()
RATIONAL_B_SPLINE_CURVE((1.,1.))
REPRESENTATION_ITEM('')
);
#709=(
BOUNDED_CURVE()
B_SPLINE_CURVE(2,(#1746,#1747,#1748),.UNSPECIFIED.,.F.,.F.)
B_SPLINE_CURVE_WITH_KNOTS((3,3),(-170.068973836832,-168.559169204846),
 .UNSPECIFIED.)
CURVE()
GEOMETRIC_REPRESENTATION_ITEM()
RATIONAL_B_SPLINE_CURVE((1.,0.978422359805595,1.))
REPRESENTATION_ITEM('')
);
#710=(
BOUNDED_CURVE()
B_SPLINE_CURVE(2,(#1755,#1756,#1757),.UNSPECIFIED.,.F.,.F.)
B_SPLINE_CURVE_WITH_KNOTS((3,3),(-158.418401936508,-157.633003713737),
 .UNSPECIFIED.)
CURVE()
GEOMETRIC_REPRESENTATION_ITEM()
RATIONAL_B_SPLINE_CURVE((1.,0.923879532511286,1.))
REPRESENTATION_ITEM('')
);
#711=(
BOUNDED_CURVE()
B_SPLINE_CURVE(1,(#1758,#1759),.UNSPECIFIED.,.F.,.F.)
B_SPLINE_CURVE_WITH_KNOTS((2,2),(0.,2.00000000000114),.UNSPECIFIED.)
CURVE()
GEOMETRIC_REPRESENTATION_ITEM()
RATIONAL_B_SPLINE_CURVE((1.,1.))
REPRESENTATION_ITEM('')
);
#712=(
BOUNDED_CURVE()
B_SPLINE_CURVE(2,(#1760,#1761,#1762),.UNSPECIFIED.,.F.,.F.)
B_SPLINE_CURVE_WITH_KNOTS((3,3),(-158.418401936508,-157.633003713737),
 .UNSPECIFIED.)
CURVE()
GEOMETRIC_REPRESENTATION_ITEM()
RATIONAL_B_SPLINE_CURVE((1.,0.923879532511286,1.))
REPRESENTATION_ITEM('')
);
#713=(
BOUNDED_CURVE()
B_SPLINE_CURVE(2,(#1769,#1770,#1771),.UNSPECIFIED.,.F.,.F.)
B_SPLINE_CURVE_WITH_KNOTS((3,3),(-137.643695856133,-136.858297633362),
 .UNSPECIFIED.)
CURVE()
GEOMETRIC_REPRESENTATION_ITEM()
RATIONAL_B_SPLINE_CURVE((1.,0.923879532511287,1.))
REPRESENTATION_ITEM('')
);
#714=(
BOUNDED_CURVE()
B_SPLINE_CURVE(1,(#1772,#1773),.UNSPECIFIED.,.F.,.F.)
B_SPLINE_CURVE_WITH_KNOTS((2,2),(0.,2.00000000000114),.UNSPECIFIED.)
CURVE()
GEOMETRIC_REPRESENTATION_ITEM()
RATIONAL_B_SPLINE_CURVE((1.,1.))
REPRESENTATION_ITEM('')
);
#715=(
BOUNDED_CURVE()
B_SPLINE_CURVE(2,(#1774,#1775,#1776),.UNSPECIFIED.,.F.,.F.)
B_SPLINE_CURVE_WITH_KNOTS((3,3),(-137.643695856133,-136.858297633362),
 .UNSPECIFIED.)
CURVE()
GEOMETRIC_REPRESENTATION_ITEM()
RATIONAL_B_SPLINE_CURVE((1.,0.923879532511287,1.))
REPRESENTATION_ITEM('')
);
#716=(
BOUNDED_CURVE()
B_SPLINE_CURVE(2,(#1783,#1784,#1785),.UNSPECIFIED.,.F.,.F.)
B_SPLINE_CURVE_WITH_KNOTS((3,3),(-136.203300851833,-134.693496219848),
 .UNSPECIFIED.)
CURVE()
GEOMETRIC_REPRESENTATION_ITEM()
RATIONAL_B_SPLINE_CURVE((1.,0.97842235980561,1.))
REPRESENTATION_ITEM('')
);
#717=(
BOUNDED_CURVE()
B_SPLINE_CURVE(1,(#1786,#1787),.UNSPECIFIED.,.F.,.F.)
B_SPLINE_CURVE_WITH_KNOTS((2,2),(0.,2.00000000000114),.UNSPECIFIED.)
CURVE()
GEOMETRIC_REPRESENTATION_ITEM()
RATIONAL_B_SPLINE_CURVE((1.,1.))
REPRESENTATION_ITEM('')
);
#718=(
BOUNDED_CURVE()
B_SPLINE_CURVE(2,(#1788,#1789,#1790),.UNSPECIFIED.,.F.,.F.)
B_SPLINE_CURVE_WITH_KNOTS((3,3),(-136.203300851833,-134.693496219848),
 .UNSPECIFIED.)
CURVE()
GEOMETRIC_REPRESENTATION_ITEM()
RATIONAL_B_SPLINE_CURVE((1.,0.978422359805609,1.))
REPRESENTATION_ITEM('')
);
#719=(
BOUNDED_CURVE()
B_SPLINE_CURVE(2,(#1797,#1798,#1799),.UNSPECIFIED.,.F.,.F.)
B_SPLINE_CURVE_WITH_KNOTS((3,3),(-124.55272895151,-123.767330728739),
 .UNSPECIFIED.)
CURVE()
GEOMETRIC_REPRESENTATION_ITEM()
RATIONAL_B_SPLINE_CURVE((1.,0.923879532511286,1.))
REPRESENTATION_ITEM('')
);
#720=(
BOUNDED_CURVE()
B_SPLINE_CURVE(1,(#1800,#1801),.UNSPECIFIED.,.F.,.F.)
B_SPLINE_CURVE_WITH_KNOTS((2,2),(0.,2.00000000000114),.UNSPECIFIED.)
CURVE()
GEOMETRIC_REPRESENTATION_ITEM()
RATIONAL_B_SPLINE_CURVE((1.,1.))
REPRESENTATION_ITEM('')
);
#721=(
BOUNDED_CURVE()
B_SPLINE_CURVE(2,(#1802,#1803,#1804),.UNSPECIFIED.,.F.,.F.)
B_SPLINE_CURVE_WITH_KNOTS((3,3),(-124.55272895151,-123.767330728739),
 .UNSPECIFIED.)
CURVE()
GEOMETRIC_REPRESENTATION_ITEM()
RATIONAL_B_SPLINE_CURVE((1.,0.923879532511286,1.))
REPRESENTATION_ITEM('')
);
#722=(
BOUNDED_CURVE()
B_SPLINE_CURVE(2,(#1811,#1812,#1813),.UNSPECIFIED.,.F.,.F.)
B_SPLINE_CURVE_WITH_KNOTS((3,3),(-103.778022871135,-102.992624648363),
 .UNSPECIFIED.)
CURVE()
GEOMETRIC_REPRESENTATION_ITEM()
RATIONAL_B_SPLINE_CURVE((1.,0.923879532511287,1.))
REPRESENTATION_ITEM('')
);
#723=(
BOUNDED_CURVE()
B_SPLINE_CURVE(1,(#1814,#1815),.UNSPECIFIED.,.F.,.F.)
B_SPLINE_CURVE_WITH_KNOTS((2,2),(0.,2.00000000000114),.UNSPECIFIED.)
CURVE()
GEOMETRIC_REPRESENTATION_ITEM()
RATIONAL_B_SPLINE_CURVE((1.,1.))
REPRESENTATION_ITEM('')
);
#724=(
BOUNDED_CURVE()
B_SPLINE_CURVE(2,(#1816,#1817,#1818),.UNSPECIFIED.,.F.,.F.)
B_SPLINE_CURVE_WITH_KNOTS((3,3),(-103.778022871135,-102.992624648363),
 .UNSPECIFIED.)
CURVE()
GEOMETRIC_REPRESENTATION_ITEM()
RATIONAL_B_SPLINE_CURVE((1.,0.923879532511287,1.))
REPRESENTATION_ITEM('')
);
#725=(
BOUNDED_CURVE()
B_SPLINE_CURVE(2,(#1825,#1826,#1827),.UNSPECIFIED.,.F.,.F.)
B_SPLINE_CURVE_WITH_KNOTS((3,3),(-102.337627866835,-100.827823234849),
 .UNSPECIFIED.)
CURVE()
GEOMETRIC_REPRESENTATION_ITEM()
RATIONAL_B_SPLINE_CURVE((1.,0.97842235980561,1.))
REPRESENTATION_ITEM('')
);
#726=(
BOUNDED_CURVE()
B_SPLINE_CURVE(1,(#1828,#1829),.UNSPECIFIED.,.F.,.F.)
B_SPLINE_CURVE_WITH_KNOTS((2,2),(0.,2.00000000000114),.UNSPECIFIED.)
CURVE()
GEOMETRIC_REPRESENTATION_ITEM()
RATIONAL_B_SPLINE_CURVE((1.,1.))
REPRESENTATION_ITEM('')
);
#727=(
BOUNDED_CURVE()
B_SPLINE_CURVE(2,(#1830,#1831,#1832),.UNSPECIFIED.,.F.,.F.)
B_SPLINE_CURVE_WITH_KNOTS((3,3),(-102.337627866835,-100.827823234849),
 .UNSPECIFIED.)
CURVE()
GEOMETRIC_REPRESENTATION_ITEM()
RATIONAL_B_SPLINE_CURVE((1.,0.978422359805625,1.))
REPRESENTATION_ITEM('')
);
#728=(
BOUNDED_CURVE()
B_SPLINE_CURVE(2,(#1839,#1840,#1841),.UNSPECIFIED.,.F.,.F.)
B_SPLINE_CURVE_WITH_KNOTS((3,3),(-90.6870559665109,-89.9016577437398),
 .UNSPECIFIED.)
CURVE()
GEOMETRIC_REPRESENTATION_ITEM()
RATIONAL_B_SPLINE_CURVE((1.,0.923879532511286,1.))
REPRESENTATION_ITEM('')
);
#729=(
BOUNDED_CURVE()
B_SPLINE_CURVE(1,(#1842,#1843),.UNSPECIFIED.,.F.,.F.)
B_SPLINE_CURVE_WITH_KNOTS((2,2),(0.,2.00000000000114),.UNSPECIFIED.)
CURVE()
GEOMETRIC_REPRESENTATION_ITEM()
RATIONAL_B_SPLINE_CURVE((1.,1.))
REPRESENTATION_ITEM('')
);
#730=(
BOUNDED_CURVE()
B_SPLINE_CURVE(2,(#1844,#1845,#1846),.UNSPECIFIED.,.F.,.F.)
B_SPLINE_CURVE_WITH_KNOTS((3,3),(-90.6870559665109,-89.9016577437398),
 .UNSPECIFIED.)
CURVE()
GEOMETRIC_REPRESENTATION_ITEM()
RATIONAL_B_SPLINE_CURVE((1.,0.923879532511286,1.))
REPRESENTATION_ITEM('')
);
#731=(
BOUNDED_CURVE()
B_SPLINE_CURVE(2,(#1853,#1854,#1855),.UNSPECIFIED.,.F.,.F.)
B_SPLINE_CURVE_WITH_KNOTS((3,3),(-69.9123498861358,-69.1269516633648),
 .UNSPECIFIED.)
CURVE()
GEOMETRIC_REPRESENTATION_ITEM()
RATIONAL_B_SPLINE_CURVE((1.,0.923879532511287,1.))
REPRESENTATION_ITEM('')
);
#732=(
BOUNDED_CURVE()
B_SPLINE_CURVE(2,(#1856,#1857,#1858),.UNSPECIFIED.,.F.,.F.)
B_SPLINE_CURVE_WITH_KNOTS((3,3),(-69.9123498861358,-69.1269516633648),
 .UNSPECIFIED.)
CURVE()
GEOMETRIC_REPRESENTATION_ITEM()
RATIONAL_B_SPLINE_CURVE((1.,0.923879532511287,1.))
REPRESENTATION_ITEM('')
);
#733=(
BOUNDED_CURVE()
B_SPLINE_CURVE(2,(#1956,#1957,#1958),.UNSPECIFIED.,.F.,.F.)
B_SPLINE_CURVE_WITH_KNOTS((3,3),(-194.448876335021,-192.939071703036),
 .UNSPECIFIED.)
CURVE()
GEOMETRIC_REPRESENTATION_ITEM()
RATIONAL_B_SPLINE_CURVE((1.,0.97842235980561,1.))
REPRESENTATION_ITEM('')
);
#734=(
BOUNDED_CURVE()
B_SPLINE_CURVE(2,(#1959,#1960,#1961),.UNSPECIFIED.,.F.,.F.)
B_SPLINE_CURVE_WITH_KNOTS((3,3),(-194.448876335022,-192.939071703036),
 .UNSPECIFIED.)
CURVE()
GEOMETRIC_REPRESENTATION_ITEM()
RATIONAL_B_SPLINE_CURVE((1.,0.978422359805605,1.))
REPRESENTATION_ITEM('')
);
#735=(
BOUNDED_CURVE()
B_SPLINE_CURVE(2,(#1966,#1967,#1968),.UNSPECIFIED.,.F.,.F.)
B_SPLINE_CURVE_WITH_KNOTS((3,3),(-160.583203350023,-159.073398718037),
 .UNSPECIFIED.)
CURVE()
GEOMETRIC_REPRESENTATION_ITEM()
RATIONAL_B_SPLINE_CURVE((1.,0.97842235980561,1.))
REPRESENTATION_ITEM('')
);
#736=(
BOUNDED_CURVE()
B_SPLINE_CURVE(2,(#1969,#1970,#1971),.UNSPECIFIED.,.F.,.F.)
B_SPLINE_CURVE_WITH_KNOTS((3,3),(-160.583203350023,-159.073398718037),
 .UNSPECIFIED.)
CURVE()
GEOMETRIC_REPRESENTATION_ITEM()
RATIONAL_B_SPLINE_CURVE((1.,0.978422359805605,1.))
REPRESENTATION_ITEM('')
);
#737=(
BOUNDED_CURVE()
B_SPLINE_CURVE(2,(#1976,#1977,#1978),.UNSPECIFIED.,.F.,.F.)
B_SPLINE_CURVE_WITH_KNOTS((3,3),(-126.717530365024,-125.207725733038),
 .UNSPECIFIED.)
CURVE()
GEOMETRIC_REPRESENTATION_ITEM()
RATIONAL_B_SPLINE_CURVE((1.,0.97842235980561,1.))
REPRESENTATION_ITEM('')
);
#738=(
BOUNDED_CURVE()
B_SPLINE_CURVE(2,(#1979,#1980,#1981),.UNSPECIFIED.,.F.,.F.)
B_SPLINE_CURVE_WITH_KNOTS((3,3),(-126.717530365024,-125.207725733038),
 .UNSPECIFIED.)
CURVE()
GEOMETRIC_REPRESENTATION_ITEM()
RATIONAL_B_SPLINE_CURVE((1.,0.97842235980562,1.))
REPRESENTATION_ITEM('')
);
#739=(
BOUNDED_CURVE()
B_SPLINE_CURVE(2,(#1986,#1987,#1988),.UNSPECIFIED.,.F.,.F.)
B_SPLINE_CURVE_WITH_KNOTS((3,3),(-92.8518573800255,-91.3420527480396),
 .UNSPECIFIED.)
CURVE()
GEOMETRIC_REPRESENTATION_ITEM()
RATIONAL_B_SPLINE_CURVE((1.,0.97842235980561,1.))
REPRESENTATION_ITEM('')
);
#740=(
BOUNDED_CURVE()
B_SPLINE_CURVE(2,(#1989,#1990,#1991),.UNSPECIFIED.,.F.,.F.)
B_SPLINE_CURVE_WITH_KNOTS((3,3),(-92.8518573800251,-91.3420527480396),
 .UNSPECIFIED.)
CURVE()
GEOMETRIC_REPRESENTATION_ITEM()
RATIONAL_B_SPLINE_CURVE((1.,0.978422359805622,1.))
REPRESENTATION_ITEM('')
);
#741=TRIMMED_CURVE($,#773,(#1639),(#1640),.T.,.CARTESIAN.);
#742=TRIMMED_CURVE($,#774,(#1642),(#1643),.T.,.CARTESIAN.);
#743=TRIMMED_CURVE($,#775,(#1645),(#1646),.T.,.CARTESIAN.);
#744=TRIMMED_CURVE($,#776,(#1648),(#1649),.T.,.CARTESIAN.);
#745=TRIMMED_CURVE($,#777,(#1651),(#1652),.T.,.CARTESIAN.);
#746=TRIMMED_CURVE($,#778,(#1892),(#1893),.T.,.CARTESIAN.);
#747=TRIMMED_CURVE($,#779,(#1895),(#1896),.T.,.CARTESIAN.);
#748=TRIMMED_CURVE($,#780,(#1898),(#1899),.T.,.CARTESIAN.);
#749=TRIMMED_CURVE($,#781,(#1901),(#1902),.T.,.CARTESIAN.);
#750=TRIMMED_CURVE($,#782,(#1904),(#1905),.T.,.CARTESIAN.);
#751=TRIMMED_CURVE($,#783,(#1909),(#1910),.T.,.CARTESIAN.);
#752=TRIMMED_CURVE($,#784,(#1912),(#1913),.T.,.CARTESIAN.);
#753=TRIMMED_CURVE($,#785,(#1915),(#1916),.T.,.CARTESIAN.);
#754=TRIMMED_CURVE($,#786,(#1918),(#1919),.T.,.CARTESIAN.);
#755=TRIMMED_CURVE($,#787,(#1921),(#1922),.T.,.CARTESIAN.);
#756=TRIMMED_CURVE($,#788,(#1924),(#1925),.T.,.CARTESIAN.);
#757=TRIMMED_CURVE($,#789,(#1927),(#1928),.T.,.CARTESIAN.);
#758=TRIMMED_CURVE($,#790,(#1930),(#1931),.T.,.CARTESIAN.);
#759=TRIMMED_CURVE($,#791,(#1933),(#1934),.T.,.CARTESIAN.);
#760=TRIMMED_CURVE($,#792,(#1936),(#1937),.T.,.CARTESIAN.);
#761=TRIMMED_CURVE($,#793,(#1939),(#1940),.T.,.CARTESIAN.);
#762=TRIMMED_CURVE($,#794,(#1942),(#1943),.T.,.CARTESIAN.);
#763=TRIMMED_CURVE($,#795,(#1945),(#1946),.T.,.CARTESIAN.);
#764=TRIMMED_CURVE($,#796,(#1948),(#1949),.T.,.CARTESIAN.);
#765=TRIMMED_CURVE($,#797,(#1951),(#1952),.T.,.CARTESIAN.);
#766=TRIMMED_CURVE($,#798,(#1954),(#1955),.T.,.CARTESIAN.);
#767=TRIMMED_CURVE($,#799,(#1999),(#2000),.T.,.CARTESIAN.);
#768=TRIMMED_CURVE($,#800,(#2004),(#2005),.T.,.CARTESIAN.);
#769=TRIMMED_CURVE($,#801,(#2009),(#2010),.T.,.CARTESIAN.);
#770=TRIMMED_CURVE($,#802,(#2014),(#2015),.T.,.CARTESIAN.);
#771=TRIMMED_CURVE($,#803,(#2019),(#2020),.T.,.CARTESIAN.);
#772=TRIMMED_CURVE($,#804,(#2022),(#2023),.T.,.CARTESIAN.);
#773=CIRCLE('',#1204,9.20000000000004);
#774=CIRCLE('',#1205,10.2);
#775=CIRCLE('',#1206,10.2);
#776=CIRCLE('',#1207,12.358578643763);
#777=CIRCLE('',#1208,8.7);
#778=CIRCLE('',#1209,8.69999999999986);
#779=CIRCLE('',#1210,8.69999999999998);
#780=CIRCLE('',#1211,8.6999999999999);
#781=CIRCLE('',#1212,8.70000000000001);
#782=CIRCLE('',#1213,8.69999999999996);
#783=CIRCLE('',#1214,12.3585786437629);
#784=CIRCLE('',#1215,12.358578643763);
#785=CIRCLE('',#1216,12.358578643763);
#786=CIRCLE('',#1217,12.358578643763);
#787=CIRCLE('',#1218,12.358578643763);
#788=CIRCLE('',#1219,12.358578643763);
#789=CIRCLE('',#1220,12.358578643763);
#790=CIRCLE('',#1221,12.3585786437631);
#791=CIRCLE('',#1222,12.358578643763);
#792=CIRCLE('',#1223,12.358578643763);
#793=CIRCLE('',#1224,12.3585786437631);
#794=CIRCLE('',#1225,12.3585786437631);
#795=CIRCLE('',#1226,8.70000000000006);
#796=CIRCLE('',#1227,8.69999999999989);
#797=CIRCLE('',#1228,8.70000000000003);
#798=CIRCLE('',#1229,8.70000000000011);
#799=CIRCLE('',#1230,9.20000000000004);
#800=CIRCLE('',#1231,10.2);
#801=CIRCLE('',#1232,10.2);
#802=CIRCLE('',#1233,12.3585786437631);
#803=CIRCLE('',#1234,8.7);
#804=CIRCLE('',#1235,8.69999999999998);
#805=B_SPLINE_CURVE_WITH_KNOTS('',1,(#1630,#1631),.UNSPECIFIED.,.F.,.F.,
(2,2),(25.625483399594,28.3210406000219),.UNSPECIFIED.);
#806=B_SPLINE_CURVE_WITH_KNOTS('',1,(#1632,#1633),.UNSPECIFIED.,.F.,.F.,
(2,2),(13.4142135623732,16.4669047558316),.UNSPECIFIED.);
#807=B_SPLINE_CURVE_WITH_KNOTS('',1,(#1634,#1635),.UNSPECIFIED.,.F.,.F.,
(2,2),(10.614213562373,13.4142135623732),.UNSPECIFIED.);
#808=B_SPLINE_CURVE_WITH_KNOTS('',1,(#1636,#1637),.UNSPECIFIED.,.F.,.F.,
(2,2),(9.20000000000004,10.614213562373),.UNSPECIFIED.);
#809=B_SPLINE_CURVE_WITH_KNOTS('',1,(#1653,#1654),.UNSPECIFIED.,.F.,.F.,
(2,2),(-34.6410161513775,-28.8675134594813),.UNSPECIFIED.);
#810=B_SPLINE_CURVE_WITH_KNOTS('',1,(#1655,#1656),.UNSPECIFIED.,.F.,.F.,
(2,2),(0.,4.45857864376344),.UNSPECIFIED.);
#811=B_SPLINE_CURVE_WITH_KNOTS('',1,(#1657,#1658),.UNSPECIFIED.,.F.,.F.,
(2,2),(0.,4.45857864376353),.UNSPECIFIED.);
#812=B_SPLINE_CURVE_WITH_KNOTS('',1,(#1659,#1660),.UNSPECIFIED.,.F.,.F.,
(2,2),(-28.8675134594813,-23.094010767585),.UNSPECIFIED.);
#813=B_SPLINE_CURVE_WITH_KNOTS('',1,(#1661,#1662),.UNSPECIFIED.,.F.,.F.,
(2,2),(0.,4.45857864376338),.UNSPECIFIED.);
#814=B_SPLINE_CURVE_WITH_KNOTS('',1,(#1663,#1664),.UNSPECIFIED.,.F.,.F.,
(2,2),(-23.094010767585,-17.3205080756888),.UNSPECIFIED.);
#815=B_SPLINE_CURVE_WITH_KNOTS('',1,(#1665,#1666),.UNSPECIFIED.,.F.,.F.,
(2,2),(0.,4.45857864376343),.UNSPECIFIED.);
#816=B_SPLINE_CURVE_WITH_KNOTS('',1,(#1667,#1668),.UNSPECIFIED.,.F.,.F.,
(2,2),(-17.3205080756888,-11.5470053837925),.UNSPECIFIED.);
#817=B_SPLINE_CURVE_WITH_KNOTS('',1,(#1669,#1670),.UNSPECIFIED.,.F.,.F.,
(2,2),(0.,4.45857864376366),.UNSPECIFIED.);
#818=B_SPLINE_CURVE_WITH_KNOTS('',1,(#1671,#1672),.UNSPECIFIED.,.F.,.F.,
(2,2),(-11.5470053837925,-5.77350269189626),.UNSPECIFIED.);
#819=B_SPLINE_CURVE_WITH_KNOTS('',1,(#1673,#1674),.UNSPECIFIED.,.F.,.F.,
(2,2),(0.,4.45857864376337),.UNSPECIFIED.);
#820=B_SPLINE_CURVE_WITH_KNOTS('',1,(#1675,#1676),.UNSPECIFIED.,.F.,.F.,
(2,2),(-5.77350269189626,0.),.UNSPECIFIED.);
#821=B_SPLINE_CURVE_WITH_KNOTS('',1,(#1677,#1678),.UNSPECIFIED.,.F.,.F.,
(2,2),(-34.6410161513775,-28.8675134594813),.UNSPECIFIED.);
#822=B_SPLINE_CURVE_WITH_KNOTS('',1,(#1679,#1680),.UNSPECIFIED.,.F.,.F.,
(2,2),(-28.8675134594813,-23.094010767585),.UNSPECIFIED.);
#823=B_SPLINE_CURVE_WITH_KNOTS('',1,(#1681,#1682),.UNSPECIFIED.,.F.,.F.,
(2,2),(-23.094010767585,-17.3205080756888),.UNSPECIFIED.);
#824=B_SPLINE_CURVE_WITH_KNOTS('',1,(#1683,#1684),.UNSPECIFIED.,.F.,.F.,
(2,2),(-17.3205080756888,-11.5470053837925),.UNSPECIFIED.);
#825=B_SPLINE_CURVE_WITH_KNOTS('',1,(#1685,#1686),.UNSPECIFIED.,.F.,.F.,
(2,2),(-11.5470053837925,-5.77350269189626),.UNSPECIFIED.);
#826=B_SPLINE_CURVE_WITH_KNOTS('',1,(#1687,#1688),.UNSPECIFIED.,.F.,.F.,
(2,2),(-5.77350269189626,0.),.UNSPECIFIED.);
#827=B_SPLINE_CURVE_WITH_KNOTS('',1,(#1689,#1690),.UNSPECIFIED.,.F.,.F.,
(2,2),(6.00444279957211,9.20000000000004),.UNSPECIFIED.);
#828=B_SPLINE_CURVE_WITH_KNOTS('',1,(#1691,#1692),.UNSPECIFIED.,.F.,.F.,
(2,2),(-204.589643603359,-203.934646821831),.UNSPECIFIED.);
#829=B_SPLINE_CURVE_WITH_KNOTS('',1,(#1693,#1694),.UNSPECIFIED.,.F.,.F.,
(2,2),(0.,2.00000000000114),.UNSPECIFIED.);
#830=B_SPLINE_CURVE_WITH_KNOTS('',1,(#1695,#1696),.UNSPECIFIED.,.F.,.F.,
(2,2),(-204.589643603359,-203.934646821831),.UNSPECIFIED.);
#831=B_SPLINE_CURVE_WITH_KNOTS('',1,(#1697,#1698),.UNSPECIFIED.,.F.,.F.,
(2,2),(0.,2.00000000000114),.UNSPECIFIED.);
#832=B_SPLINE_CURVE_WITH_KNOTS('',1,(#1707,#1708),.UNSPECIFIED.,.F.,.F.,
(2,2),(-192.939071703036,-192.284074921507),.UNSPECIFIED.);
#833=B_SPLINE_CURVE_WITH_KNOTS('',1,(#1709,#1710),.UNSPECIFIED.,.F.,.F.,
(2,2),(0.,2.00000000000114),.UNSPECIFIED.);
#834=B_SPLINE_CURVE_WITH_KNOTS('',1,(#1711,#1712),.UNSPECIFIED.,.F.,.F.,
(2,2),(-192.939071703036,-192.284074921507),.UNSPECIFIED.);
#835=B_SPLINE_CURVE_WITH_KNOTS('',1,(#1721,#1722),.UNSPECIFIED.,.F.,.F.,
(2,2),(-191.498676698736,-190.602814543772),.UNSPECIFIED.);
#836=B_SPLINE_CURVE_WITH_KNOTS('',1,(#1723,#1724),.UNSPECIFIED.,.F.,.F.,
(2,2),(-191.498676698736,-190.602814543772),.UNSPECIFIED.);
#837=B_SPLINE_CURVE_WITH_KNOTS('',1,(#1725,#1726),.UNSPECIFIED.,.F.,.F.,
(2,2),(0.,2.00000000000114),.UNSPECIFIED.);
#838=B_SPLINE_CURVE_WITH_KNOTS('',1,(#1735,#1736),.UNSPECIFIED.,.F.,.F.,
(2,2),(-170.723970618361,-170.068973836832),.UNSPECIFIED.);
#839=B_SPLINE_CURVE_WITH_KNOTS('',1,(#1737,#1738),.UNSPECIFIED.,.F.,.F.,
(2,2),(0.,2.00000000000114),.UNSPECIFIED.);
#840=B_SPLINE_CURVE_WITH_KNOTS('',1,(#1739,#1740),.UNSPECIFIED.,.F.,.F.,
(2,2),(-170.723970618361,-170.068973836832),.UNSPECIFIED.);
#841=B_SPLINE_CURVE_WITH_KNOTS('',1,(#1749,#1750),.UNSPECIFIED.,.F.,.F.,
(2,2),(-159.073398718037,-158.418401936508),.UNSPECIFIED.);
#842=B_SPLINE_CURVE_WITH_KNOTS('',1,(#1751,#1752),.UNSPECIFIED.,.F.,.F.,
(2,2),(0.,2.00000000000114),.UNSPECIFIED.);
#843=B_SPLINE_CURVE_WITH_KNOTS('',1,(#1753,#1754),.UNSPECIFIED.,.F.,.F.,
(2,2),(-159.073398718037,-158.418401936508),.UNSPECIFIED.);
#844=B_SPLINE_CURVE_WITH_KNOTS('',1,(#1763,#1764),.UNSPECIFIED.,.F.,.F.,
(2,2),(-157.633003713737,-156.737141558773),.UNSPECIFIED.);
#845=B_SPLINE_CURVE_WITH_KNOTS('',1,(#1765,#1766),.UNSPECIFIED.,.F.,.F.,
(2,2),(-157.633003713737,-156.737141558773),.UNSPECIFIED.);
#846=B_SPLINE_CURVE_WITH_KNOTS('',1,(#1767,#1768),.UNSPECIFIED.,.F.,.F.,
(2,2),(0.,2.00000000000114),.UNSPECIFIED.);
#847=B_SPLINE_CURVE_WITH_KNOTS('',1,(#1777,#1778),.UNSPECIFIED.,.F.,.F.,
(2,2),(-136.858297633362,-136.203300851833),.UNSPECIFIED.);
#848=B_SPLINE_CURVE_WITH_KNOTS('',1,(#1779,#1780),.UNSPECIFIED.,.F.,.F.,
(2,2),(0.,2.00000000000114),.UNSPECIFIED.);
#849=B_SPLINE_CURVE_WITH_KNOTS('',1,(#1781,#1782),.UNSPECIFIED.,.F.,.F.,
(2,2),(-136.858297633362,-136.203300851833),.UNSPECIFIED.);
#850=B_SPLINE_CURVE_WITH_KNOTS('',1,(#1791,#1792),.UNSPECIFIED.,.F.,.F.,
(2,2),(-125.207725733038,-124.55272895151),.UNSPECIFIED.);
#851=B_SPLINE_CURVE_WITH_KNOTS('',1,(#1793,#1794),.UNSPECIFIED.,.F.,.F.,
(2,2),(0.,2.00000000000114),.UNSPECIFIED.);
#852=B_SPLINE_CURVE_WITH_KNOTS('',1,(#1795,#1796),.UNSPECIFIED.,.F.,.F.,
(2,2),(-125.207725733038,-124.55272895151),.UNSPECIFIED.);
#853=B_SPLINE_CURVE_WITH_KNOTS('',1,(#1805,#1806),.UNSPECIFIED.,.F.,.F.,
(2,2),(-123.767330728739,-122.871468573774),.UNSPECIFIED.);
#854=B_SPLINE_CURVE_WITH_KNOTS('',1,(#1807,#1808),.UNSPECIFIED.,.F.,.F.,
(2,2),(-123.767330728739,-122.871468573774),.UNSPECIFIED.);
#855=B_SPLINE_CURVE_WITH_KNOTS('',1,(#1809,#1810),.UNSPECIFIED.,.F.,.F.,
(2,2),(0.,2.00000000000114),.UNSPECIFIED.);
#856=B_SPLINE_CURVE_WITH_KNOTS('',1,(#1819,#1820),.UNSPECIFIED.,.F.,.F.,
(2,2),(-102.992624648363,-102.337627866835),.UNSPECIFIED.);
#857=B_SPLINE_CURVE_WITH_KNOTS('',1,(#1821,#1822),.UNSPECIFIED.,.F.,.F.,
(2,2),(0.,2.00000000000114),.UNSPECIFIED.);
#858=B_SPLINE_CURVE_WITH_KNOTS('',1,(#1823,#1824),.UNSPECIFIED.,.F.,.F.,
(2,2),(-102.992624648363,-102.337627866835),.UNSPECIFIED.);
#859=B_SPLINE_CURVE_WITH_KNOTS('',1,(#1833,#1834),.UNSPECIFIED.,.F.,.F.,
(2,2),(-91.3420527480396,-90.6870559665109),.UNSPECIFIED.);
#860=B_SPLINE_CURVE_WITH_KNOTS('',1,(#1835,#1836),.UNSPECIFIED.,.F.,.F.,
(2,2),(0.,2.00000000000114),.UNSPECIFIED.);
#861=B_SPLINE_CURVE_WITH_KNOTS('',1,(#1837,#1838),.UNSPECIFIED.,.F.,.F.,
(2,2),(-91.3420527480396,-90.6870559665109),.UNSPECIFIED.);
#862=B_SPLINE_CURVE_WITH_KNOTS('',1,(#1847,#1848),.UNSPECIFIED.,.F.,.F.,
(2,2),(-89.9016577437398,-89.0057955887756),.UNSPECIFIED.);
#863=B_SPLINE_CURVE_WITH_KNOTS('',1,(#1849,#1850),.UNSPECIFIED.,.F.,.F.,
(2,2),(-89.9016577437398,-89.0057955887751),.UNSPECIFIED.);
#864=B_SPLINE_CURVE_WITH_KNOTS('',1,(#1851,#1852),.UNSPECIFIED.,.F.,.F.,
(2,2),(0.,2.00000000000114),.UNSPECIFIED.);
#865=B_SPLINE_CURVE_WITH_KNOTS('',1,(#1859,#1860),.UNSPECIFIED.,.F.,.F.,
(2,2),(-18.4669047558316,-16.4669047558316),.UNSPECIFIED.);
#866=B_SPLINE_CURVE_WITH_KNOTS('',1,(#1861,#1862),.UNSPECIFIED.,.F.,.F.,
(2,2),(16.4669047558316,18.4669047558316),.UNSPECIFIED.);
#867=B_SPLINE_CURVE_WITH_KNOTS('',1,(#1863,#1864),.UNSPECIFIED.,.F.,.F.,
(2,2),(-18.4669047558316,-16.4669047558316),.UNSPECIFIED.);
#868=B_SPLINE_CURVE_WITH_KNOTS('',1,(#1865,#1866),.UNSPECIFIED.,.F.,.F.,
(2,2),(16.4669047558316,18.4669047558316),.UNSPECIFIED.);
#869=B_SPLINE_CURVE_WITH_KNOTS('',1,(#1867,#1868),.UNSPECIFIED.,.F.,.F.,
(2,2),(-18.4669047558316,-16.4669047558316),.UNSPECIFIED.);
#870=B_SPLINE_CURVE_WITH_KNOTS('',1,(#1869,#1870),.UNSPECIFIED.,.F.,.F.,
(2,2),(16.4669047558316,18.4669047558316),.UNSPECIFIED.);
#871=B_SPLINE_CURVE_WITH_KNOTS('',1,(#1871,#1872),.UNSPECIFIED.,.F.,.F.,
(2,2),(-18.4669047558316,-16.4669047558316),.UNSPECIFIED.);
#872=B_SPLINE_CURVE_WITH_KNOTS('',1,(#1873,#1874),.UNSPECIFIED.,.F.,.F.,
(2,2),(16.4669047558316,18.4669047558316),.UNSPECIFIED.);
#873=B_SPLINE_CURVE_WITH_KNOTS('',1,(#1875,#1876),.UNSPECIFIED.,.F.,.F.,
(2,2),(22.1254833995947,24.1254833995944),.UNSPECIFIED.);
#874=B_SPLINE_CURVE_WITH_KNOTS('',1,(#1877,#1878),.UNSPECIFIED.,.F.,.F.,
(2,2),(-24.1254833995953,-22.1254833995947),.UNSPECIFIED.);
#875=B_SPLINE_CURVE_WITH_KNOTS('',1,(#1879,#1880),.UNSPECIFIED.,.F.,.F.,
(2,2),(22.1254833995947,24.1254833995951),.UNSPECIFIED.);
#876=B_SPLINE_CURVE_WITH_KNOTS('',1,(#1881,#1882),.UNSPECIFIED.,.F.,.F.,
(2,2),(-24.1254833995946,-22.1254833995947),.UNSPECIFIED.);
#877=B_SPLINE_CURVE_WITH_KNOTS('',1,(#1883,#1884),.UNSPECIFIED.,.F.,.F.,
(2,2),(22.1254833995947,24.125483399593),.UNSPECIFIED.);
#878=B_SPLINE_CURVE_WITH_KNOTS('',1,(#1885,#1886),.UNSPECIFIED.,.F.,.F.,
(2,2),(-24.1254833995919,-22.1254833995947),.UNSPECIFIED.);
#879=B_SPLINE_CURVE_WITH_KNOTS('',1,(#1887,#1888),.UNSPECIFIED.,.F.,.F.,
(2,2),(22.1254833995947,24.1254833995914),.UNSPECIFIED.);
#880=B_SPLINE_CURVE_WITH_KNOTS('',1,(#1889,#1890),.UNSPECIFIED.,.F.,.F.,
(2,2),(-24.1254833995928,-22.1254833995947),.UNSPECIFIED.);
#881=B_SPLINE_CURVE_WITH_KNOTS('',1,(#1906,#1907),.UNSPECIFIED.,.F.,.F.,
(2,2),(24.1254833995938,25.625483399594),.UNSPECIFIED.);
#882=B_SPLINE_CURVE_WITH_KNOTS('',1,(#1962,#1963),.UNSPECIFIED.,.F.,.F.,
(2,2),(-172.405230996096,-171.509368841132),.UNSPECIFIED.);
#883=B_SPLINE_CURVE_WITH_KNOTS('',1,(#1964,#1965),.UNSPECIFIED.,.F.,.F.,
(2,2),(-172.405230996096,-171.509368841132),.UNSPECIFIED.);
#884=B_SPLINE_CURVE_WITH_KNOTS('',1,(#1972,#1973),.UNSPECIFIED.,.F.,.F.,
(2,2),(-138.539558011097,-137.643695856133),.UNSPECIFIED.);
#885=B_SPLINE_CURVE_WITH_KNOTS('',1,(#1974,#1975),.UNSPECIFIED.,.F.,.F.,
(2,2),(-138.539558011097,-137.643695856133),.UNSPECIFIED.);
#886=B_SPLINE_CURVE_WITH_KNOTS('',1,(#1982,#1983),.UNSPECIFIED.,.F.,.F.,
(2,2),(-104.673885026099,-103.778022871135),.UNSPECIFIED.);
#887=B_SPLINE_CURVE_WITH_KNOTS('',1,(#1984,#1985),.UNSPECIFIED.,.F.,.F.,
(2,2),(-104.673885026099,-103.778022871135),.UNSPECIFIED.);
#888=B_SPLINE_CURVE_WITH_KNOTS('',1,(#1992,#1993),.UNSPECIFIED.,.F.,.F.,
(2,2),(-70.8082120410998,-69.9123498861358),.UNSPECIFIED.);
#889=B_SPLINE_CURVE_WITH_KNOTS('',1,(#1994,#1995),.UNSPECIFIED.,.F.,.F.,
(2,2),(-70.8082120410998,-69.9123498861358),.UNSPECIFIED.);
#890=B_SPLINE_CURVE_WITH_KNOTS('',1,(#1996,#1997),.UNSPECIFIED.,.F.,.F.,
(2,2),(6.0044427995721,9.20000000000004),.UNSPECIFIED.);
#891=B_SPLINE_CURVE_WITH_KNOTS('',1,(#2001,#2002),.UNSPECIFIED.,.F.,.F.,
(2,2),(9.20000000000004,10.614213562373),.UNSPECIFIED.);
#892=B_SPLINE_CURVE_WITH_KNOTS('',1,(#2006,#2007),.UNSPECIFIED.,.F.,.F.,
(2,2),(10.614213562373,13.4142135623732),.UNSPECIFIED.);
#893=B_SPLINE_CURVE_WITH_KNOTS('',1,(#2011,#2012),.UNSPECIFIED.,.F.,.F.,
(2,2),(13.4142135623732,16.4669047558316),.UNSPECIFIED.);
#894=B_SPLINE_CURVE_WITH_KNOTS('',1,(#2016,#2017),.UNSPECIFIED.,.F.,.F.,
(2,2),(24.1254833995936,25.625483399594),.UNSPECIFIED.);
#895=B_SPLINE_CURVE_WITH_KNOTS('',1,(#2024,#2025),.UNSPECIFIED.,.F.,.F.,
(2,2),(25.625483399594,28.3210406000219),.UNSPECIFIED.);
#896=VERTEX_POINT('',#1526);
#897=VERTEX_POINT('',#1527);
#898=VERTEX_POINT('',#1528);
#899=VERTEX_POINT('',#1529);
#900=VERTEX_POINT('',#1530);
#901=VERTEX_POINT('',#1531);
#902=VERTEX_POINT('',#1532);
#903=VERTEX_POINT('',#1533);
#904=VERTEX_POINT('',#1534);
#905=VERTEX_POINT('',#1535);
#906=VERTEX_POINT('',#1536);
#907=VERTEX_POINT('',#1537);
#908=VERTEX_POINT('',#1538);
#909=VERTEX_POINT('',#1539);
#910=VERTEX_POINT('',#1540);
#911=VERTEX_POINT('',#1541);
#912=VERTEX_POINT('',#1542);
#913=VERTEX_POINT('',#1543);
#914=VERTEX_POINT('',#1544);
#915=VERTEX_POINT('',#1545);
#916=VERTEX_POINT('',#1546);
#917=VERTEX_POINT('',#1547);
#918=VERTEX_POINT('',#1548);
#919=VERTEX_POINT('',#1549);
#920=VERTEX_POINT('',#1550);
#921=VERTEX_POINT('',#1551);
#922=VERTEX_POINT('',#1552);
#923=VERTEX_POINT('',#1553);
#924=VERTEX_POINT('',#1554);
#925=VERTEX_POINT('',#1555);
#926=VERTEX_POINT('',#1556);
#927=VERTEX_POINT('',#1557);
#928=VERTEX_POINT('',#1558);
#929=VERTEX_POINT('',#1559);
#930=VERTEX_POINT('',#1560);
#931=VERTEX_POINT('',#1561);
#932=VERTEX_POINT('',#1562);
#933=VERTEX_POINT('',#1563);
#934=VERTEX_POINT('',#1564);
#935=VERTEX_POINT('',#1565);
#936=VERTEX_POINT('',#1566);
#937=VERTEX_POINT('',#1567);
#938=VERTEX_POINT('',#1568);
#939=VERTEX_POINT('',#1569);
#940=VERTEX_POINT('',#1570);
#941=VERTEX_POINT('',#1571);
#942=VERTEX_POINT('',#1572);
#943=VERTEX_POINT('',#1573);
#944=VERTEX_POINT('',#1574);
#945=VERTEX_POINT('',#1575);
#946=VERTEX_POINT('',#1576);
#947=VERTEX_POINT('',#1577);
#948=VERTEX_POINT('',#1578);
#949=VERTEX_POINT('',#1579);
#950=VERTEX_POINT('',#1580);
#951=VERTEX_POINT('',#1581);
#952=VERTEX_POINT('',#1582);
#953=VERTEX_POINT('',#1583);
#954=VERTEX_POINT('',#1584);
#955=VERTEX_POINT('',#1585);
#956=VERTEX_POINT('',#1586);
#957=VERTEX_POINT('',#1587);
#958=VERTEX_POINT('',#1588);
#959=VERTEX_POINT('',#1589);
#960=VERTEX_POINT('',#1590);
#961=VERTEX_POINT('',#1591);
#962=VERTEX_POINT('',#1592);
#963=VERTEX_POINT('',#1593);
#964=VERTEX_POINT('',#1594);
#965=VERTEX_POINT('',#1595);
#966=VERTEX_POINT('',#1596);
#967=VERTEX_POINT('',#1597);
#968=VERTEX_POINT('',#1598);
#969=VERTEX_POINT('',#1599);
#970=VERTEX_POINT('',#1600);
#971=VERTEX_POINT('',#1601);
#972=VERTEX_POINT('',#1602);
#973=VERTEX_POINT('',#1603);
#974=VERTEX_POINT('',#1604);
#975=VERTEX_POINT('',#1605);
#976=VERTEX_POINT('',#1606);
#977=VERTEX_POINT('',#1607);
#978=VERTEX_POINT('',#1608);
#979=VERTEX_POINT('',#1609);
#980=VERTEX_POINT('',#1610);
#981=VERTEX_POINT('',#1611);
#982=VERTEX_POINT('',#1612);
#983=VERTEX_POINT('',#1613);
#984=VERTEX_POINT('',#1614);
#985=VERTEX_POINT('',#1615);
#986=VERTEX_POINT('',#1616);
#987=VERTEX_POINT('',#1617);
#988=VERTEX_POINT('',#1618);
#989=VERTEX_POINT('',#1619);
#990=VERTEX_POINT('',#1620);
#991=VERTEX_POINT('',#1621);
#992=VERTEX_POINT('',#1622);
#993=VERTEX_POINT('',#1623);
#994=VERTEX_POINT('',#1624);
#995=VERTEX_POINT('',#1625);
#996=VERTEX_POINT('',#1626);
#997=VERTEX_POINT('',#1627);
#998=VERTEX_POINT('',#1628);
#999=VERTEX_POINT('',#1629);
#1000=(
BOUNDED_SURFACE()
B_SPLINE_SURFACE(1,2,((#1395,#1396,#1397,#1398,#1399),(#1400,#1401,#1402,
#1403,#1404)),.UNSPECIFIED.,.F.,.F.,.F.)
B_SPLINE_SURFACE_WITH_KNOTS((2,2),(3,2,3),(9.20000000000004,10.614213562373),
(0.,19.4128099380288,38.8256198760577),.UNSPECIFIED.)
GEOMETRIC_REPRESENTATION_ITEM()
RATIONAL_B_SPLINE_SURFACE(((1.,0.707106781186548,1.,0.707106781186548,1.),
(1.,0.707106781186548,1.,0.707106781186548,1.)))
REPRESENTATION_ITEM('')
SURFACE()
);
#1001=(
BOUNDED_SURFACE()
B_SPLINE_SURFACE(1,2,((#1406,#1407,#1408,#1409,#1410),(#1411,#1412,#1413,
#1414,#1415)),.UNSPECIFIED.,.F.,.F.,.F.)
B_SPLINE_SURFACE_WITH_KNOTS((2,2),(3,2,3),(13.4142135623732,16.4669047558316),
(0.,19.4128099380288,38.8256198760577),.UNSPECIFIED.)
GEOMETRIC_REPRESENTATION_ITEM()
RATIONAL_B_SPLINE_SURFACE(((1.,0.707106781186548,1.,0.707106781186548,1.),
(1.,0.707106781186548,1.,0.707106781186548,1.)))
REPRESENTATION_ITEM('')
SURFACE()
);
#1002=(
BOUNDED_SURFACE()
B_SPLINE_SURFACE(1,2,((#1417,#1418,#1419,#1420,#1421,#1422,#1423,#1424,
#1425),(#1426,#1427,#1428,#1429,#1430,#1431,#1432,#1433,#1434)),
 .UNSPECIFIED.,.F.,.F.,.F.)
B_SPLINE_SURFACE_WITH_KNOTS((2,2),(3,2,2,2,3),(18.4669047558316,22.1254833995947),
(0.,19.4128099380288,38.8256198760577,58.2384298140865,77.6512397521153),
 .UNSPECIFIED.)
GEOMETRIC_REPRESENTATION_ITEM()
RATIONAL_B_SPLINE_SURFACE(((1.,0.707106781186548,1.,0.707106781186548,1.,
0.707106781186548,1.,0.707106781186548,1.),(1.,0.707106781186548,1.,0.707106781186548,
1.,0.707106781186548,1.,0.707106781186548,1.)))
REPRESENTATION_ITEM('')
SURFACE()
);
#1003=(
BOUNDED_SURFACE()
B_SPLINE_SURFACE(1,2,((#1440,#1441,#1442,#1443,#1444,#1445,#1446,#1447,
#1448),(#1449,#1450,#1451,#1452,#1453,#1454,#1455,#1456,#1457)),
 .UNSPECIFIED.,.F.,.F.,.F.)
B_SPLINE_SURFACE_WITH_KNOTS((2,2),(3,2,2,2,3),(18.4669047558316,22.1254833995947),
(0.,19.4128099380288,38.8256198760577,58.2384298140865,77.6512397521153),
 .UNSPECIFIED.)
GEOMETRIC_REPRESENTATION_ITEM()
RATIONAL_B_SPLINE_SURFACE(((1.,0.707106781186548,1.,0.707106781186548,1.,
0.707106781186548,1.,0.707106781186548,1.),(1.,0.707106781186548,1.,0.707106781186548,
1.,0.707106781186548,1.,0.707106781186548,1.)))
REPRESENTATION_ITEM('')
SURFACE()
);
#1004=(
BOUNDED_SURFACE()
B_SPLINE_SURFACE(1,2,((#1458,#1459,#1460,#1461,#1462,#1463,#1464,#1465,
#1466),(#1467,#1468,#1469,#1470,#1471,#1472,#1473,#1474,#1475)),
 .UNSPECIFIED.,.F.,.F.,.F.)
B_SPLINE_SURFACE_WITH_KNOTS((2,2),(3,2,2,2,3),(18.4669047558316,22.1254833995947),
(0.,19.4128099380288,38.8256198760577,58.2384298140865,77.6512397521153),
 .UNSPECIFIED.)
GEOMETRIC_REPRESENTATION_ITEM()
RATIONAL_B_SPLINE_SURFACE(((1.,0.707106781186548,1.,0.707106781186548,1.,
0.707106781186548,1.,0.707106781186548,1.),(1.,0.707106781186548,1.,0.707106781186548,
1.,0.707106781186548,1.,0.707106781186548,1.)))
REPRESENTATION_ITEM('')
SURFACE()
);
#1005=(
BOUNDED_SURFACE()
B_SPLINE_SURFACE(1,2,((#1476,#1477,#1478,#1479,#1480,#1481,#1482,#1483,
#1484),(#1485,#1486,#1487,#1488,#1489,#1490,#1491,#1492,#1493)),
 .UNSPECIFIED.,.F.,.F.,.F.)
B_SPLINE_SURFACE_WITH_KNOTS((2,2),(3,2,2,2,3),(18.4669047558316,22.1254833995947),
(0.,19.4128099380288,38.8256198760577,58.2384298140865,77.6512397521153),
 .UNSPECIFIED.)
GEOMETRIC_REPRESENTATION_ITEM()
RATIONAL_B_SPLINE_SURFACE(((1.,0.707106781186548,1.,0.707106781186548,1.,
0.707106781186548,1.,0.707106781186548,1.),(1.,0.707106781186548,1.,0.707106781186548,
1.,0.707106781186548,1.,0.707106781186548,1.)))
REPRESENTATION_ITEM('')
SURFACE()
);
#1006=(
BOUNDED_SURFACE()
B_SPLINE_SURFACE(1,2,((#1499,#1500,#1501,#1502,#1503),(#1504,#1505,#1506,
#1507,#1508)),.UNSPECIFIED.,.F.,.F.,.F.)
B_SPLINE_SURFACE_WITH_KNOTS((2,2),(3,2,3),(9.20000000000004,10.614213562373),
(38.8256198760577,58.2384298140865,77.6512397521153),.UNSPECIFIED.)
GEOMETRIC_REPRESENTATION_ITEM()
RATIONAL_B_SPLINE_SURFACE(((1.,0.707106781186548,1.,0.707106781186548,1.),
(1.,0.707106781186548,1.,0.707106781186548,1.)))
REPRESENTATION_ITEM('')
SURFACE()
);
#1007=(
BOUNDED_SURFACE()
B_SPLINE_SURFACE(1,2,((#1510,#1511,#1512,#1513,#1514),(#1515,#1516,#1517,
#1518,#1519)),.UNSPECIFIED.,.F.,.F.,.F.)
B_SPLINE_SURFACE_WITH_KNOTS((2,2),(3,2,3),(13.4142135623732,16.4669047558316),
(38.8256198760577,58.2384298140865,77.6512397521153),.UNSPECIFIED.)
GEOMETRIC_REPRESENTATION_ITEM()
RATIONAL_B_SPLINE_SURFACE(((1.,0.707106781186548,1.,0.707106781186548,1.),
(1.,0.707106781186548,1.,0.707106781186548,1.)))
REPRESENTATION_ITEM('')
SURFACE()
);
#1008=CYLINDRICAL_SURFACE('',#1157,3.40000020402493);
#1009=CYLINDRICAL_SURFACE('',#1159,1.10017045114084);
#1010=CYLINDRICAL_SURFACE('',#1162,1.10017045114084);
#1011=CYLINDRICAL_SURFACE('',#1164,3.40000020402493);
#1012=CYLINDRICAL_SURFACE('',#1166,1.10017045114083);
#1013=CYLINDRICAL_SURFACE('',#1169,1.10017045114085);
#1014=CYLINDRICAL_SURFACE('',#1171,3.40000020402493);
#1015=CYLINDRICAL_SURFACE('',#1173,1.10017045114085);
#1016=CYLINDRICAL_SURFACE('',#1176,1.10017045114084);
#1017=CYLINDRICAL_SURFACE('',#1178,3.40000020402493);
#1018=CYLINDRICAL_SURFACE('',#1180,1.10017045114086);
#1019=CYLINDRICAL_SURFACE('',#1183,1.10017045114086);
#1020=CYLINDRICAL_SURFACE('',#1185,10.2);
#1021=CYLINDRICAL_SURFACE('',#1186,12.358578643763);
#1022=CYLINDRICAL_SURFACE('',#1187,8.7);
#1023=CYLINDRICAL_SURFACE('',#1189,12.358578643763);
#1024=CYLINDRICAL_SURFACE('',#1190,12.358578643763);
#1025=CYLINDRICAL_SURFACE('',#1191,12.358578643763);
#1026=CYLINDRICAL_SURFACE('',#1197,10.2);
#1027=CYLINDRICAL_SURFACE('',#1198,8.7);
#1028=CYLINDRICAL_SURFACE('',#1200,3.40000020402493);
#1029=CYLINDRICAL_SURFACE('',#1201,3.40000020402493);
#1030=CYLINDRICAL_SURFACE('',#1202,3.40000020402493);
#1031=CYLINDRICAL_SURFACE('',#1203,3.40000020402493);
#1032=PLANE('',#1150);
#1033=PLANE('',#1151);
#1034=PLANE('',#1152);
#1035=PLANE('',#1153);
#1036=PLANE('',#1154);
#1037=PLANE('',#1155);
#1038=PLANE('',#1156);
#1039=PLANE('',#1158);
#1040=PLANE('',#1160);
#1041=PLANE('',#1161);
#1042=PLANE('',#1163);
#1043=PLANE('',#1165);
#1044=PLANE('',#1167);
#1045=PLANE('',#1168);
#1046=PLANE('',#1170);
#1047=PLANE('',#1172);
#1048=PLANE('',#1174);
#1049=PLANE('',#1175);
#1050=PLANE('',#1177);
#1051=PLANE('',#1179);
#1052=PLANE('',#1181);
#1053=PLANE('',#1182);
#1054=PLANE('',#1184);
#1055=PLANE('',#1188);
#1056=PLANE('',#1192);
#1057=PLANE('',#1193);
#1058=PLANE('',#1194);
#1059=PLANE('',#1195);
#1060=PLANE('',#1196);
#1061=PLANE('',#1199);
#1062=SHAPE_DEFINITION_REPRESENTATION(#1063,#1148);
#1063=PRODUCT_DEFINITION_SHAPE($,$,#1065);
#1064=PRODUCT_DEFINITION_CONTEXT('3D Mechanical Parts',#1137,'design');
#1065=PRODUCT_DEFINITION('A','First version',#1107,#1064);
#1066=DATE_TIME_ROLE('classification_date');
#1067=DATE_TIME_ROLE('creation_date');
#1068=APPLIED_DATE_AND_TIME_ASSIGNMENT(#1092,#1066,(#1071));
#1069=APPLIED_DATE_AND_TIME_ASSIGNMENT(#1094,#1067,(#1065));
#1070=SECURITY_CLASSIFICATION_LEVEL('unclassified');
#1071=SECURITY_CLASSIFICATION('A','Security for version',#1070);
#1072=APPLIED_SECURITY_CLASSIFICATION_ASSIGNMENT(#1071,(#1107));
#1073=APPROVAL_ROLE('Version approval');
#1074=APPROVAL_ROLE('Version Security approval');
#1075=APPROVAL_ROLE('Definition approval');
#1076=APPROVAL_PERSON_ORGANIZATION(#1125,#1101,#1073);
#1077=APPROVAL_PERSON_ORGANIZATION(#1126,#1102,#1074);
#1078=APPROVAL_PERSON_ORGANIZATION(#1129,#1103,#1075);
#1079=COORDINATED_UNIVERSAL_TIME_OFFSET(5,0,.BEHIND.);
#1080=LOCAL_TIME(0,0,0.,#1079);
#1081=LOCAL_TIME(0,0,0.,#1079);
#1082=LOCAL_TIME(0,0,0.,#1079);
#1083=LOCAL_TIME(0,0,0.,#1079);
#1084=LOCAL_TIME(0,0,0.,#1079);
#1085=CALENDAR_DATE(1999,1,1);
#1086=CALENDAR_DATE(1999,1,1);
#1087=CALENDAR_DATE(1999,1,1);
#1088=CALENDAR_DATE(1999,1,1);
#1089=CALENDAR_DATE(1999,1,1);
#1090=DATE_AND_TIME(#1085,#1080);
#1091=DATE_AND_TIME(#1086,#1081);
#1092=DATE_AND_TIME(#1087,#1082);
#1093=DATE_AND_TIME(#1088,#1083);
#1094=DATE_AND_TIME(#1089,#1084);
#1095=APPROVAL_DATE_TIME(#1090,#1101);
#1096=APPROVAL_DATE_TIME(#1091,#1102);
#1097=APPROVAL_DATE_TIME(#1093,#1103);
#1098=APPROVAL_STATUS('not_yet_approved');
#1099=APPROVAL_STATUS('not_yet_approved');
#1100=APPROVAL_STATUS('approved');
#1101=APPROVAL(#1098,'Version approval');
#1102=APPROVAL(#1099,'Version Security approval');
#1103=APPROVAL(#1100,'Definition approval');
#1104=APPLIED_APPROVAL_ASSIGNMENT(#1101,(#1107));
#1105=APPLIED_APPROVAL_ASSIGNMENT(#1102,(#1071));
#1106=APPLIED_APPROVAL_ASSIGNMENT(#1103,(#1065));
#1107=PRODUCT_DEFINITION_FORMATION_WITH_SPECIFIED_SOURCE('A',
'First version',#1139,.MADE.);
#1108=PERSON_AND_ORGANIZATION_ROLE('design_owner');
#1109=PERSON_AND_ORGANIZATION_ROLE('creator');
#1110=PERSON_AND_ORGANIZATION_ROLE('design_supplier');
#1111=PERSON_AND_ORGANIZATION_ROLE('classification_officer');
#1112=PERSON_AND_ORGANIZATION_ROLE('creator');
#1113=ORGANIZATION('STI','lab','lab');
#1114=ORGANIZATION('STI','unknown','unknown');
#1115=ORGANIZATION('STI','unknown','unknown');
#1116=ORGANIZATION('STI','unknown','unknown');
#1117=ORGANIZATION('STI','unknown','unknown');
#1118=ORGANIZATION('STI','unknown','unknown');
#1119=ORGANIZATION('STI','unknown','unknown');
#1120=PERSON('1','Box','vc60',$,$,$);
#1121=PERSON('2','last','first',$,$,$);
#1122=PERSON('3','President','Mr.',$,$,$);
#1123=PERSON_AND_ORGANIZATION(#1120,#1113);
#1124=PERSON_AND_ORGANIZATION(#1121,#1114);
#1125=PERSON_AND_ORGANIZATION(#1122,#1115);
#1126=PERSON_AND_ORGANIZATION(#1122,#1116);
#1127=PERSON_AND_ORGANIZATION(#1122,#1117);
#1128=PERSON_AND_ORGANIZATION(#1121,#1118);
#1129=PERSON_AND_ORGANIZATION(#1122,#1119);
#1130=APPLIED_PERSON_AND_ORGANIZATION_ASSIGNMENT(#1123,#1108,(#1139));
#1131=APPLIED_PERSON_AND_ORGANIZATION_ASSIGNMENT(#1124,#1109,(#1107));
#1132=APPLIED_PERSON_AND_ORGANIZATION_ASSIGNMENT(#1124,#1110,(#1107));
#1133=APPLIED_PERSON_AND_ORGANIZATION_ASSIGNMENT(#1127,#1111,(#1071));
#1134=APPLIED_PERSON_AND_ORGANIZATION_ASSIGNMENT(#1128,#1112,(#1065));
#1135=PRODUCT_RELATED_PRODUCT_CATEGORY('detail','detail',(#1139));
#1136=APPLICATION_PROTOCOL_DEFINITION('International Standard',
'config_control_design',1994,#1137);
#1137=APPLICATION_CONTEXT(
'configuration controlled 3d designs of mechanical parts and assemblie
s');
#1138=PRODUCT_CONTEXT('3D Mechanical Parts',#1137,'mechanical');
#1139=PRODUCT('Document','Document','',(#1138));
#1140=(
LENGTH_UNIT()
NAMED_UNIT(*)
SI_UNIT(.MILLI.,.METRE.)
);
#1141=(
NAMED_UNIT(*)
PLANE_ANGLE_UNIT()
SI_UNIT($,.RADIAN.)
);
#1142=DIMENSIONAL_EXPONENTS(0.,0.,0.,0.,0.,0.,0.);
#1143=PLANE_ANGLE_MEASURE_WITH_UNIT(PLANE_ANGLE_MEASURE(0.01745329252),
#1141);
#1144=(
CONVERSION_BASED_UNIT('DEGREES',#1143)
NAMED_UNIT(#1142)
PLANE_ANGLE_UNIT()
);
#1145=(
NAMED_UNIT(*)
SI_UNIT($,.STERADIAN.)
SOLID_ANGLE_UNIT()
);
#1146=UNCERTAINTY_MEASURE_WITH_UNIT(LENGTH_MEASURE(0.001),#1140,
'DISTANCE_ACCURACY_VALUE',
'Maximum model space distance between geometric entities at asserted c
onnectivities');
#1147=(
GEOMETRIC_REPRESENTATION_CONTEXT(3)
GLOBAL_UNCERTAINTY_ASSIGNED_CONTEXT((#1146))
GLOBAL_UNIT_ASSIGNED_CONTEXT((#1145,#1144,#1140))
REPRESENTATION_CONTEXT('ID1','3D')
);
#1148=SHAPE_REPRESENTATION('Document',(#1149,#1236),#1147);
#1149=AXIS2_PLACEMENT_3D($,#1359,#1237,#1238);
#1150=AXIS2_PLACEMENT_3D('',#1360,#1239,$);
#1151=AXIS2_PLACEMENT_3D('',#1361,#1240,$);
#1152=AXIS2_PLACEMENT_3D('',#1362,#1241,$);
#1153=AXIS2_PLACEMENT_3D('',#1363,#1242,$);
#1154=AXIS2_PLACEMENT_3D('',#1364,#1243,$);
#1155=AXIS2_PLACEMENT_3D('',#1365,#1244,$);
#1156=AXIS2_PLACEMENT_3D('',#1366,#1245,$);
#1157=AXIS2_PLACEMENT_3D('',#1367,#1246,$);
#1158=AXIS2_PLACEMENT_3D('',#1368,#1247,$);
#1159=AXIS2_PLACEMENT_3D('',#1369,#1248,$);
#1160=AXIS2_PLACEMENT_3D('',#1370,#1249,$);
#1161=AXIS2_PLACEMENT_3D('',#1371,#1250,$);
#1162=AXIS2_PLACEMENT_3D('',#1372,#1251,$);
#1163=AXIS2_PLACEMENT_3D('',#1373,#1252,$);
#1164=AXIS2_PLACEMENT_3D('',#1374,#1253,$);
#1165=AXIS2_PLACEMENT_3D('',#1375,#1254,$);
#1166=AXIS2_PLACEMENT_3D('',#1376,#1255,$);
#1167=AXIS2_PLACEMENT_3D('',#1377,#1256,$);
#1168=AXIS2_PLACEMENT_3D('',#1378,#1257,$);
#1169=AXIS2_PLACEMENT_3D('',#1379,#1258,$);
#1170=AXIS2_PLACEMENT_3D('',#1380,#1259,$);
#1171=AXIS2_PLACEMENT_3D('',#1381,#1260,$);
#1172=AXIS2_PLACEMENT_3D('',#1382,#1261,$);
#1173=AXIS2_PLACEMENT_3D('',#1383,#1262,$);
#1174=AXIS2_PLACEMENT_3D('',#1384,#1263,$);
#1175=AXIS2_PLACEMENT_3D('',#1385,#1264,$);
#1176=AXIS2_PLACEMENT_3D('',#1386,#1265,$);
#1177=AXIS2_PLACEMENT_3D('',#1387,#1266,$);
#1178=AXIS2_PLACEMENT_3D('',#1388,#1267,$);
#1179=AXIS2_PLACEMENT_3D('',#1389,#1268,$);
#1180=AXIS2_PLACEMENT_3D('',#1390,#1269,$);
#1181=AXIS2_PLACEMENT_3D('',#1391,#1270,$);
#1182=AXIS2_PLACEMENT_3D('',#1392,#1271,$);
#1183=AXIS2_PLACEMENT_3D('',#1393,#1272,$);
#1184=AXIS2_PLACEMENT_3D('',#1394,#1273,$);
#1185=AXIS2_PLACEMENT_3D('',#1405,#1274,$);
#1186=AXIS2_PLACEMENT_3D('',#1416,#1275,$);
#1187=AXIS2_PLACEMENT_3D('',#1435,#1276,$);
#1188=AXIS2_PLACEMENT_3D('',#1436,#1277,$);
#1189=AXIS2_PLACEMENT_3D('',#1437,#1278,$);
#1190=AXIS2_PLACEMENT_3D('',#1438,#1279,$);
#1191=AXIS2_PLACEMENT_3D('',#1439,#1280,$);
#1192=AXIS2_PLACEMENT_3D('',#1494,#1281,$);
#1193=AXIS2_PLACEMENT_3D('',#1495,#1282,$);
#1194=AXIS2_PLACEMENT_3D('',#1496,#1283,$);
#1195=AXIS2_PLACEMENT_3D('',#1497,#1284,$);
#1196=AXIS2_PLACEMENT_3D('',#1498,#1285,$);
#1197=AXIS2_PLACEMENT_3D('',#1509,#1286,$);
#1198=AXIS2_PLACEMENT_3D('',#1520,#1287,$);
#1199=AXIS2_PLACEMENT_3D('',#1521,#1288,$);
#1200=AXIS2_PLACEMENT_3D('',#1522,#1289,$);
#1201=AXIS2_PLACEMENT_3D('',#1523,#1290,$);
#1202=AXIS2_PLACEMENT_3D('',#1524,#1291,$);
#1203=AXIS2_PLACEMENT_3D('',#1525,#1292,$);
#1204=AXIS2_PLACEMENT_3D($,#1638,#1293,#1294);
#1205=AXIS2_PLACEMENT_3D($,#1641,#1295,#1296);
#1206=AXIS2_PLACEMENT_3D($,#1644,#1297,#1298);
#1207=AXIS2_PLACEMENT_3D($,#1647,#1299,#1300);
#1208=AXIS2_PLACEMENT_3D($,#1650,#1301,#1302);
#1209=AXIS2_PLACEMENT_3D($,#1891,#1303,#1304);
#1210=AXIS2_PLACEMENT_3D($,#1894,#1305,#1306);
#1211=AXIS2_PLACEMENT_3D($,#1897,#1307,#1308);
#1212=AXIS2_PLACEMENT_3D($,#1900,#1309,#1310);
#1213=AXIS2_PLACEMENT_3D($,#1903,#1311,#1312);
#1214=AXIS2_PLACEMENT_3D($,#1908,#1313,#1314);
#1215=AXIS2_PLACEMENT_3D($,#1911,#1315,#1316);
#1216=AXIS2_PLACEMENT_3D($,#1914,#1317,#1318);
#1217=AXIS2_PLACEMENT_3D($,#1917,#1319,#1320);
#1218=AXIS2_PLACEMENT_3D($,#1920,#1321,#1322);
#1219=AXIS2_PLACEMENT_3D($,#1923,#1323,#1324);
#1220=AXIS2_PLACEMENT_3D($,#1926,#1325,#1326);
#1221=AXIS2_PLACEMENT_3D($,#1929,#1327,#1328);
#1222=AXIS2_PLACEMENT_3D($,#1932,#1329,#1330);
#1223=AXIS2_PLACEMENT_3D($,#1935,#1331,#1332);
#1224=AXIS2_PLACEMENT_3D($,#1938,#1333,#1334);
#1225=AXIS2_PLACEMENT_3D($,#1941,#1335,#1336);
#1226=AXIS2_PLACEMENT_3D($,#1944,#1337,#1338);
#1227=AXIS2_PLACEMENT_3D($,#1947,#1339,#1340);
#1228=AXIS2_PLACEMENT_3D($,#1950,#1341,#1342);
#1229=AXIS2_PLACEMENT_3D($,#1953,#1343,#1344);
#1230=AXIS2_PLACEMENT_3D($,#1998,#1345,#1346);
#1231=AXIS2_PLACEMENT_3D($,#2003,#1347,#1348);
#1232=AXIS2_PLACEMENT_3D($,#2008,#1349,#1350);
#1233=AXIS2_PLACEMENT_3D($,#2013,#1351,#1352);
#1234=AXIS2_PLACEMENT_3D($,#2018,#1353,#1354);
#1235=AXIS2_PLACEMENT_3D($,#2021,#1355,#1356);
#1236=AXIS2_PLACEMENT_3D($,#2026,#1357,#1358);
#1237=DIRECTION('',(0.,0.,1.));
#1238=DIRECTION('',(1.,0.,0.));
#1239=DIRECTION('',(2.49084811645662E-18,0.500000000000002,-0.866025403784438));
#1240=DIRECTION('',(0.,1.,0.));
#1241=DIRECTION('',(-1.50176994749536E-17,0.499999999999999,0.86602540378444));
#1242=DIRECTION('',(-3.39756449401689E-17,-0.500000000000001,0.866025403784438));
#1243=DIRECTION('',(0.,-1.,0.));
#1244=DIRECTION('',(-6.80035604937026E-17,-0.499999999999999,-0.866025403784439));
#1245=DIRECTION('',(-2.31733531696065E-13,0.705098648495055,-0.709109227052114));
#1246=DIRECTION('',(1.,1.89153900857319E-13,3.94996130475008E-18));
#1247=DIRECTION('',(2.32377183219575E-13,-0.70910922705212,0.70509864849505));
#1248=DIRECTION('',(-1.,-1.03916787093231E-12,2.5083143980446E-12));
#1249=DIRECTION('',(0.,0.,1.));
#1250=DIRECTION('',(0.,0.,-1.));
#1251=DIRECTION('',(-1.,1.03916787093231E-12,2.50831439804461E-12));
#1252=DIRECTION('',(7.80106877961053E-14,-0.709109227052116,-0.705098648495053));
#1253=DIRECTION('',(1.,1.89153900857319E-13,-3.94996130433079E-18));
#1254=DIRECTION('',(-7.64907573786796E-14,0.70509864849505,0.709109227052119));
#1255=DIRECTION('',(-1.,-2.50831439804458E-12,-1.03916787093231E-12));
#1256=DIRECTION('',(0.,1.,0.));
#1257=DIRECTION('',(0.,-1.,0.));
#1258=DIRECTION('',(-1.,0.,0.));
#1259=DIRECTION('',(2.31944012275617E-13,-0.705098648495055,0.709109227052114));
#1260=DIRECTION('',(1.,1.89153900857319E-13,3.9499613046802E-18));
#1261=DIRECTION('',(-2.31823456458809E-13,0.70910922705212,-0.705098648495049));
#1262=DIRECTION('',(-1.,-4.99026009983355E-13,-2.06483912961928E-13));
#1263=DIRECTION('',(0.,0.,-1.));
#1264=DIRECTION('',(0.,0.,1.));
#1265=DIRECTION('',(-1.,-1.53819388091566E-12,-2.30183048508264E-12));
#1266=DIRECTION('',(-7.78002072165437E-14,0.709109227052114,0.705098648495055));
#1267=DIRECTION('',(1.,1.89153900857319E-13,-3.94996130440067E-18));
#1268=DIRECTION('',(7.69598655452565E-14,-0.705098648495049,-0.70910922705212));
#1269=DIRECTION('',(-1.,0.,0.));
#1270=DIRECTION('',(0.,-1.,0.));
#1271=DIRECTION('',(0.,1.,0.));
#1272=DIRECTION('',(-1.,0.,0.));
#1273=DIRECTION('',(1.,0.,0.));
#1274=DIRECTION('',(1.,0.,0.));
#1275=DIRECTION('',(1.,0.,0.));
#1276=DIRECTION('',(1.,0.,0.));
#1277=DIRECTION('',(-1.,0.,0.));
#1278=DIRECTION('',(1.,0.,0.));
#1279=DIRECTION('',(1.,0.,0.));
#1280=DIRECTION('',(1.,0.,0.));
#1281=DIRECTION('',(-1.,0.,0.));
#1282=DIRECTION('',(-1.,0.,0.));
#1283=DIRECTION('',(-1.,0.,0.));
#1284=DIRECTION('',(-1.,0.,0.));
#1285=DIRECTION('',(1.,0.,0.));
#1286=DIRECTION('',(1.,0.,0.));
#1287=DIRECTION('',(1.,0.,0.));
#1288=DIRECTION('',(-1.,0.,0.));
#1289=DIRECTION('',(1.,1.89153900857319E-13,3.94996130475008E-18));
#1290=DIRECTION('',(1.,1.89153900857319E-13,-3.94996130433079E-18));
#1291=DIRECTION('',(1.,1.89153900857319E-13,3.9499613046802E-18));
#1292=DIRECTION('',(1.,1.89153900857319E-13,-3.94996130440067E-18));
#1293=DIRECTION('',(1.,0.,0.));
#1294=DIRECTION('',(0.,1.62998459374124E-17,1.));
#1295=DIRECTION('',(1.,0.,0.));
#1296=DIRECTION('',(0.,-1.60843048149569E-17,1.));
#1297=DIRECTION('',(1.,0.,0.));
#1298=DIRECTION('',(0.,-2.66484333463568E-17,1.));
#1299=DIRECTION('',(1.,1.72349867720312E-13,-7.98073660582596E-13));
#1300=DIRECTION('',(7.91115898185686E-13,1.00602159208032E-15,1.));
#1301=DIRECTION('',(1.,0.,0.));
#1302=DIRECTION('',(0.,-3.49617775594409E-17,1.));
#1303=DIRECTION('',(-1.,2.75346863471622E-15,1.21646272982866E-12));
#1304=DIRECTION('',(1.22834054549794E-12,-4.21751669564877E-15,1.));
#1305=DIRECTION('',(-1.,1.20354032441457E-12,-1.50705156054594E-27));
#1306=DIRECTION('',(1.09766601938112E-12,0.91313991000319,0.407646298596427));
#1307=DIRECTION('',(-1.,2.75346863471856E-15,-1.21646272982866E-12));
#1308=DIRECTION('',(1.12380092460449E-12,0.407646298596431,-0.913139910003188));
#1309=DIRECTION('',(-1.,7.52212702759104E-13,-3.20558598389653E-14));
#1310=DIRECTION('',(-6.53372630583999E-13,-0.91313991000319,-0.407646298596427));
#1311=DIRECTION('',(-1.,2.75346863471888E-15,-1.21646272982868E-12));
#1312=DIRECTION('',(-1.12380092460449E-12,-0.407646298596427,0.913139910003189));
#1313=DIRECTION('',(1.,-1.72349867720322E-13,-7.98073660582689E-13));
#1314=DIRECTION('',(8.09513942329542E-13,0.41266881467585,0.910881139004442));
#1315=DIRECTION('',(1.,0.,0.));
#1316=DIRECTION('',(0.,0.910881139004443,0.412668814675848));
#1317=DIRECTION('',(1.,0.,0.));
#1318=DIRECTION('',(0.,0.910881139004442,-0.412668814675848));
#1319=DIRECTION('',(1.,0.,0.));
#1320=DIRECTION('',(0.,0.412668814675847,-0.910881139004443));
#1321=DIRECTION('',(1.,1.72349867720322E-13,7.98073660582691E-13));
#1322=DIRECTION('',(8.0951394232954E-13,-0.412668814675849,-0.910881139004442));
#1323=DIRECTION('',(1.,2.02926448760617E-13,2.02926448760617E-13));
#1324=DIRECTION('',(2.75970662157796E-13,-0.910881139004443,-0.412668814675847));
#1325=DIRECTION('',(1.,2.06443887840647E-13,7.19054925721798E-29));
#1326=DIRECTION('',(1.83980441438531E-13,-0.910881139004443,0.412668814675847));
#1327=DIRECTION('',(1.,-4.05852897521236E-13,4.05852897521236E-13));
#1328=DIRECTION('',(-5.33543280171736E-13,-0.412668814675849,0.910881139004442));
#1329=DIRECTION('',(1.,0.,0.));
#1330=DIRECTION('',(0.,0.910881139004437,0.412668814675861));
#1331=DIRECTION('',(1.,-2.02926448760597E-13,2.02926448760595E-13));
#1332=DIRECTION('',(2.75970662157796E-13,0.412668814675835,-0.910881139004449));
#1333=DIRECTION('',(1.,0.,0.));
#1334=DIRECTION('',(0.,-0.910881139004444,-0.412668814675845));
#1335=DIRECTION('',(1.,0.,0.));
#1336=DIRECTION('',(0.,-0.412668814675871,0.910881139004432));
#1337=DIRECTION('',(1.,-1.0990778698087E-12,-1.97800765006991E-12));
#1338=DIRECTION('',(1.80330846041183E-12,0.91313991000317,0.40764629859647));
#1339=DIRECTION('',(1.,-1.59486909924789E-12,9.22746326107154E-13));
#1340=DIRECTION('',(1.48968959773154E-12,0.407646298596386,-0.913139910003208));
#1341=DIRECTION('',(1.,6.23148959607617E-14,2.17420151300938E-13));
#1342=DIRECTION('',(1.306745261168E-13,-0.913139910003205,-0.407646298596391));
#1343=DIRECTION('',(1.,7.14575349863682E-13,-4.04364839183265E-13));
#1344=DIRECTION('',(6.53372630583992E-13,-0.407646298596469,0.913139910003171));
#1345=DIRECTION('',(1.,0.,0.));
#1346=DIRECTION('',(0.,-1.11799792243129E-17,-1.));
#1347=DIRECTION('',(1.,0.,0.));
#1348=DIRECTION('',(0.,-6.23563699966519E-18,-1.));
#1349=DIRECTION('',(1.,0.,0.));
#1350=DIRECTION('',(0.,4.32849153173473E-18,-1.));
#1351=DIRECTION('',(1.,0.,0.));
#1352=DIRECTION('',(0.,1.63839631567234E-15,-1.));
#1353=DIRECTION('',(1.,0.,0.));
#1354=DIRECTION('',(0.,-3.40681495033803E-17,-1.));
#1355=DIRECTION('',(-1.,2.75346863472034E-15,1.21646272982868E-12));
#1356=DIRECTION('',(-1.22834054549792E-12,8.51469833796049E-16,-1.));
#1357=DIRECTION('',(0.,0.,1.));
#1358=DIRECTION('',(1.,0.,0.));
#1359=CARTESIAN_POINT('',(0.,0.,0.));
#1360=CARTESIAN_POINT('',(1419.5,3.63051332076974E-16,6.00444279957211));
#1361=CARTESIAN_POINT('',(1419.5,-5.2,3.00222139978604));
#1362=CARTESIAN_POINT('',(1419.5,-5.19999999999998,-3.00222139978606));
#1363=CARTESIAN_POINT('',(1419.5,1.69747633380309E-14,-6.00444279957211));
#1364=CARTESIAN_POINT('',(1419.5,5.20000000000001,-3.00222139978604));
#1365=CARTESIAN_POINT('',(1419.5,5.2,3.00222139978606));
#1366=CARTESIAN_POINT('',(1418.,-4.77771705267063,-9.58341652266871));
#1367=CARTESIAN_POINT('',(1417.,-6.71751456553983,-6.7175145655395));
#1368=CARTESIAN_POINT('',(1418.,-9.12157735501318,-4.31325095860336));
#1369=CARTESIAN_POINT('',(1417.,-10.3614049907906,-3.99982955114274));
#1370=CARTESIAN_POINT('',(1418.,-10.3613341042672,-5.1));
#1371=CARTESIAN_POINT('',(1418.,-15.1654211942827,5.10000000000001));
#1372=CARTESIAN_POINT('',(1417.,-10.3614049907906,3.99982955114296));
#1373=CARTESIAN_POINT('',(1418.,-9.58341652266871,4.77771705267063));
#1374=CARTESIAN_POINT('',(1417.,-6.71751456553983,6.71751456553972));
#1375=CARTESIAN_POINT('',(1418.,-4.31325095860336,9.12157735501318));
#1376=CARTESIAN_POINT('',(1417.,-3.99982955114308,10.3614049907905));
#1377=CARTESIAN_POINT('',(1418.,-5.1,10.3613341042672));
#1378=CARTESIAN_POINT('',(1418.,5.09999999999999,15.1654211942827));
#1379=CARTESIAN_POINT('',(1417.,3.99982955114262,10.3614049907905));
#1380=CARTESIAN_POINT('',(1418.,4.77771705267063,9.58341652266871));
#1381=CARTESIAN_POINT('',(1417.,6.71751456553939,6.71751456553972));
#1382=CARTESIAN_POINT('',(1418.,9.12157735501318,4.31325095860336));
#1383=CARTESIAN_POINT('',(1417.,10.3614049907902,3.99982955114295));
#1384=CARTESIAN_POINT('',(1418.,10.3613341042672,5.1));
#1385=CARTESIAN_POINT('',(1418.,15.1654211942827,-5.10000000000001));
#1386=CARTESIAN_POINT('',(1416.99999999999,10.3614049907902,-3.99982955114274));
#1387=CARTESIAN_POINT('',(1418.,9.58341652266871,-4.77771705267063));
#1388=CARTESIAN_POINT('',(1417.,6.71751456553939,-6.7175145655395));
#1389=CARTESIAN_POINT('',(1418.,4.31325095860336,-9.12157735501318));
#1390=CARTESIAN_POINT('',(1417.,3.99982955114261,-10.3614049907903));
#1391=CARTESIAN_POINT('',(1418.,5.1,-10.3613341042672));
#1392=CARTESIAN_POINT('',(1418.,-5.10000000000002,-15.1654211942827));
#1393=CARTESIAN_POINT('',(1417.,-3.99982955114305,-10.3614049907903));
#1394=CARTESIAN_POINT('',(1423.95857864376,0.,0.));
#1395=CARTESIAN_POINT('',(1423.95857864376,0.,9.20000000000004));
#1396=CARTESIAN_POINT('',(1423.95857864376,-9.20000000000004,9.20000000000004));
#1397=CARTESIAN_POINT('',(1423.95857864376,-9.20000000000004,5.63337527607785E-16));
#1398=CARTESIAN_POINT('',(1423.95857864376,-9.20000000000004,-9.20000000000004));
#1399=CARTESIAN_POINT('',(1423.95857864376,-1.12667505521557E-15,-9.20000000000004));
#1400=CARTESIAN_POINT('',(1422.95857864376,0.,10.2));
#1401=CARTESIAN_POINT('',(1422.95857864376,-10.2,10.2));
#1402=CARTESIAN_POINT('',(1422.95857864376,-10.2,6.24569867565153E-16));
#1403=CARTESIAN_POINT('',(1422.95857864376,-10.2,-10.2));
#1404=CARTESIAN_POINT('',(1422.95857864376,-1.24913973513031E-15,-10.2));
#1405=CARTESIAN_POINT('',(1421.55857864376,-9.72644188644529E-18,-8.63550852276091E-17));
#1406=CARTESIAN_POINT('',(1420.15857864376,0.,10.2));
#1407=CARTESIAN_POINT('',(1420.15857864376,-10.2,10.2));
#1408=CARTESIAN_POINT('',(1420.15857864376,-10.2,6.24569867565152E-16));
#1409=CARTESIAN_POINT('',(1420.15857864376,-10.2,-10.2));
#1410=CARTESIAN_POINT('',(1420.15857864376,-1.2491397351303E-15,-10.2));
#1411=CARTESIAN_POINT('',(1418.,0.,12.358578643763));
#1412=CARTESIAN_POINT('',(1418.,-12.358578643763,12.358578643763));
#1413=CARTESIAN_POINT('',(1418.,-12.358578643763,7.56744688904762E-16));
#1414=CARTESIAN_POINT('',(1418.,-12.358578643763,-12.358578643763));
#1415=CARTESIAN_POINT('',(1418.,-1.51348937780952E-15,-12.358578643763));
#1416=CARTESIAN_POINT('',(1417.,7.92270719274934E-17,1.42934205257942E-16));
#1417=CARTESIAN_POINT('',(1416.,0.,12.358578643763));
#1418=CARTESIAN_POINT('',(1416.,-12.358578643763,12.358578643763));
#1419=CARTESIAN_POINT('',(1416.,-12.358578643763,7.56744688904762E-16));
#1420=CARTESIAN_POINT('',(1416.,-12.358578643763,-12.358578643763));
#1421=CARTESIAN_POINT('',(1416.,-1.51348937780952E-15,-12.358578643763));
#1422=CARTESIAN_POINT('',(1416.,12.358578643763,-12.358578643763));
#1423=CARTESIAN_POINT('',(1416.,12.358578643763,-2.27023406671429E-15));
#1424=CARTESIAN_POINT('',(1416.,12.358578643763,12.358578643763));
#1425=CARTESIAN_POINT('',(1416.,0.,12.358578643763));
#1426=CARTESIAN_POINT('',(1416.,0.,8.7));
#1427=CARTESIAN_POINT('',(1416.,-8.7,8.7));
#1428=CARTESIAN_POINT('',(1416.,-8.7,5.32721357629099E-16));
#1429=CARTESIAN_POINT('',(1416.,-8.7,-8.7));
#1430=CARTESIAN_POINT('',(1416.,-1.0654427152582E-15,-8.7));
#1431=CARTESIAN_POINT('',(1416.,8.7,-8.7));
#1432=CARTESIAN_POINT('',(1416.,8.7,-1.5981640728873E-15));
#1433=CARTESIAN_POINT('',(1416.,8.7,8.7));
#1434=CARTESIAN_POINT('',(1416.,0.,8.7));
#1435=CARTESIAN_POINT('',(1417.75,3.59120700821068E-16,-5.4953236053932E-17));
#1436=CARTESIAN_POINT('',(1419.5,0.,8.7));
#1437=CARTESIAN_POINT('',(1417.,7.92270719274934E-17,1.42934205257942E-16));
#1438=CARTESIAN_POINT('',(1417.,7.92270719274934E-17,1.42934205257942E-16));
#1439=CARTESIAN_POINT('',(1417.,7.92270719274934E-17,1.42934205257942E-16));
#1440=CARTESIAN_POINT('',(1416.,0.,12.358578643763));
#1441=CARTESIAN_POINT('',(1416.,-12.358578643763,12.358578643763));
#1442=CARTESIAN_POINT('',(1416.,-12.358578643763,7.56744688904762E-16));
#1443=CARTESIAN_POINT('',(1416.,-12.358578643763,-12.358578643763));
#1444=CARTESIAN_POINT('',(1416.,-1.51348937780952E-15,-12.358578643763));
#1445=CARTESIAN_POINT('',(1416.,12.358578643763,-12.358578643763));
#1446=CARTESIAN_POINT('',(1416.,12.358578643763,-2.27023406671429E-15));
#1447=CARTESIAN_POINT('',(1416.,12.358578643763,12.358578643763));
#1448=CARTESIAN_POINT('',(1416.,0.,12.358578643763));
#1449=CARTESIAN_POINT('',(1416.,0.,8.7));
#1450=CARTESIAN_POINT('',(1416.,-8.7,8.7));
#1451=CARTESIAN_POINT('',(1416.,-8.7,5.32721357629099E-16));
#1452=CARTESIAN_POINT('',(1416.,-8.7,-8.7));
#1453=CARTESIAN_POINT('',(1416.,-1.0654427152582E-15,-8.7));
#1454=CARTESIAN_POINT('',(1416.,8.7,-8.7));
#1455=CARTESIAN_POINT('',(1416.,8.7,-1.5981640728873E-15));
#1456=CARTESIAN_POINT('',(1416.,8.7,8.7));
#1457=CARTESIAN_POINT('',(1416.,0.,8.7));
#1458=CARTESIAN_POINT('',(1416.,0.,12.358578643763));
#1459=CARTESIAN_POINT('',(1416.,-12.358578643763,12.358578643763));
#1460=CARTESIAN_POINT('',(1416.,-12.358578643763,7.56744688904762E-16));
#1461=CARTESIAN_POINT('',(1416.,-12.358578643763,-12.358578643763));
#1462=CARTESIAN_POINT('',(1416.,-1.51348937780952E-15,-12.358578643763));
#1463=CARTESIAN_POINT('',(1416.,12.358578643763,-12.358578643763));
#1464=CARTESIAN_POINT('',(1416.,12.358578643763,-2.27023406671429E-15));
#1465=CARTESIAN_POINT('',(1416.,12.358578643763,12.358578643763));
#1466=CARTESIAN_POINT('',(1416.,0.,12.358578643763));
#1467=CARTESIAN_POINT('',(1416.,0.,8.7));
#1468=CARTESIAN_POINT('',(1416.,-8.7,8.7));
#1469=CARTESIAN_POINT('',(1416.,-8.7,5.32721357629099E-16));
#1470=CARTESIAN_POINT('',(1416.,-8.7,-8.7));
#1471=CARTESIAN_POINT('',(1416.,-1.0654427152582E-15,-8.7));
#1472=CARTESIAN_POINT('',(1416.,8.7,-8.7));
#1473=CARTESIAN_POINT('',(1416.,8.7,-1.5981640728873E-15));
#1474=CARTESIAN_POINT('',(1416.,8.7,8.7));
#1475=CARTESIAN_POINT('',(1416.,0.,8.7));
#1476=CARTESIAN_POINT('',(1416.,0.,12.358578643763));
#1477=CARTESIAN_POINT('',(1416.,-12.358578643763,12.358578643763));
#1478=CARTESIAN_POINT('',(1416.,-12.358578643763,7.56744688904762E-16));
#1479=CARTESIAN_POINT('',(1416.,-12.358578643763,-12.358578643763));
#1480=CARTESIAN_POINT('',(1416.,-1.51348937780952E-15,-12.358578643763));
#1481=CARTESIAN_POINT('',(1416.,12.358578643763,-12.358578643763));
#1482=CARTESIAN_POINT('',(1416.,12.358578643763,-2.27023406671429E-15));
#1483=CARTESIAN_POINT('',(1416.,12.358578643763,12.358578643763));
#1484=CARTESIAN_POINT('',(1416.,0.,12.358578643763));
#1485=CARTESIAN_POINT('',(1416.,0.,8.7));
#1486=CARTESIAN_POINT('',(1416.,-8.7,8.7));
#1487=CARTESIAN_POINT('',(1416.,-8.7,5.32721357629099E-16));
#1488=CARTESIAN_POINT('',(1416.,-8.7,-8.7));
#1489=CARTESIAN_POINT('',(1416.,-1.0654427152582E-15,-8.7));
#1490=CARTESIAN_POINT('',(1416.,8.7,-8.7));
#1491=CARTESIAN_POINT('',(1416.,8.7,-1.5981640728873E-15));
#1492=CARTESIAN_POINT('',(1416.,8.7,8.7));
#1493=CARTESIAN_POINT('',(1416.,0.,8.7));
#1494=CARTESIAN_POINT('',(1417.99999999999,20.,-20.));
#1495=CARTESIAN_POINT('',(1417.99999999999,20.,-20.));
#1496=CARTESIAN_POINT('',(1417.99999999999,20.,-20.));
#1497=CARTESIAN_POINT('',(1417.99999999999,20.,-20.));
#1498=CARTESIAN_POINT('',(1423.95857864376,0.,0.));
#1499=CARTESIAN_POINT('',(1423.95857864376,0.,-9.20000000000004));
#1500=CARTESIAN_POINT('',(1423.95857864376,9.20000000000004,-9.20000000000004));
#1501=CARTESIAN_POINT('',(1423.95857864376,9.20000000000004,-5.63337527607785E-16));
#1502=CARTESIAN_POINT('',(1423.95857864376,9.20000000000004,9.20000000000004));
#1503=CARTESIAN_POINT('',(1423.95857864376,1.12667505521557E-15,9.20000000000004));
#1504=CARTESIAN_POINT('',(1422.95857864376,0.,-10.2));
#1505=CARTESIAN_POINT('',(1422.95857864376,10.2,-10.2));
#1506=CARTESIAN_POINT('',(1422.95857864376,10.2,-6.24569867565153E-16));
#1507=CARTESIAN_POINT('',(1422.95857864376,10.2,10.2));
#1508=CARTESIAN_POINT('',(1422.95857864376,1.24913973513031E-15,10.2));
#1509=CARTESIAN_POINT('',(1421.55857864376,9.72644188644529E-18,8.63550852276091E-17));
#1510=CARTESIAN_POINT('',(1420.15857864376,0.,-10.2));
#1511=CARTESIAN_POINT('',(1420.15857864376,10.2,-10.2));
#1512=CARTESIAN_POINT('',(1420.15857864376,10.2,-6.24569867565152E-16));
#1513=CARTESIAN_POINT('',(1420.15857864376,10.2,10.2));
#1514=CARTESIAN_POINT('',(1420.15857864376,1.2491397351303E-15,10.2));
#1515=CARTESIAN_POINT('',(1418.,0.,-12.358578643763));
#1516=CARTESIAN_POINT('',(1418.,12.358578643763,-12.358578643763));
#1517=CARTESIAN_POINT('',(1418.,12.358578643763,-7.56744688904762E-16));
#1518=CARTESIAN_POINT('',(1418.,12.358578643763,12.358578643763));
#1519=CARTESIAN_POINT('',(1418.,1.51348937780952E-15,12.358578643763));
#1520=CARTESIAN_POINT('',(1417.75,-3.59120700821068E-16,5.4953236053932E-17));
#1521=CARTESIAN_POINT('',(1419.5,0.,-8.7));
#1522=CARTESIAN_POINT('',(1417.,-6.71751456553983,-6.7175145655395));
#1523=CARTESIAN_POINT('',(1417.,-6.71751456553983,6.71751456553972));
#1524=CARTESIAN_POINT('',(1417.,6.71751456553939,6.71751456553972));
#1525=CARTESIAN_POINT('',(1417.,6.71751456553939,-6.7175145655395));
#1526=CARTESIAN_POINT('',(1419.5,0.,8.7));
#1527=CARTESIAN_POINT('',(1418.,0.,12.358578643763));
#1528=CARTESIAN_POINT('',(1420.15857864376,0.,10.2));
#1529=CARTESIAN_POINT('',(1422.95857864376,0.,10.2));
#1530=CARTESIAN_POINT('',(1423.95857864376,0.,9.20000000000004));
#1531=CARTESIAN_POINT('',(1419.5,3.63051332076974E-16,6.00444279957211));
#1532=CARTESIAN_POINT('',(1419.5,-5.2,3.00222139978604));
#1533=CARTESIAN_POINT('',(1419.5,-5.19999999999998,-3.00222139978606));
#1534=CARTESIAN_POINT('',(1419.5,1.69747633380309E-14,-6.00444279957211));
#1535=CARTESIAN_POINT('',(1419.5,5.20000000000001,-3.00222139978604));
#1536=CARTESIAN_POINT('',(1419.5,5.2,3.00222139978606));
#1537=CARTESIAN_POINT('',(1423.95857864376,1.81525666038487E-16,6.00444279957211));
#1538=CARTESIAN_POINT('',(1423.95857864376,-5.2,3.00222139978604));
#1539=CARTESIAN_POINT('',(1423.95857864376,-5.19999999999999,-3.00222139978606));
#1540=CARTESIAN_POINT('',(1423.95857864376,1.07862238447093E-14,-6.00444279957211));
#1541=CARTESIAN_POINT('',(1423.95857864376,5.20000000000001,-3.00222139978605));
#1542=CARTESIAN_POINT('',(1423.95857864376,5.20000000000001,3.00222139978606));
#1543=CARTESIAN_POINT('',(1418.,-4.77771705267063,-9.58341652266871));
#1544=CARTESIAN_POINT('',(1418.,-4.31325095860335,-9.12157735501318));
#1545=CARTESIAN_POINT('',(1418.,-9.12157735501318,-4.31325095860336));
#1546=CARTESIAN_POINT('',(1418.,-9.58341652266871,-4.77771705267063));
#1547=CARTESIAN_POINT('',(1418.,-10.3613341042672,-5.1));
#1548=CARTESIAN_POINT('',(1418.,-10.3613341042672,5.1));
#1549=CARTESIAN_POINT('',(1418.,-9.58341652266871,4.77771705267063));
#1550=CARTESIAN_POINT('',(1418.,-9.12157735501318,4.31325095860335));
#1551=CARTESIAN_POINT('',(1418.,-4.31325095860336,9.12157735501318));
#1552=CARTESIAN_POINT('',(1418.,-4.77771705267063,9.58341652266871));
#1553=CARTESIAN_POINT('',(1418.,-5.1,10.3613341042672));
#1554=CARTESIAN_POINT('',(1418.,5.1,10.3613341042672));
#1555=CARTESIAN_POINT('',(1418.,4.77771705267063,9.58341652266871));
#1556=CARTESIAN_POINT('',(1418.,4.31325095860335,9.12157735501318));
#1557=CARTESIAN_POINT('',(1418.,9.12157735501318,4.31325095860336));
#1558=CARTESIAN_POINT('',(1418.,9.58341652266871,4.77771705267063));
#1559=CARTESIAN_POINT('',(1418.,10.3613341042672,5.1));
#1560=CARTESIAN_POINT('',(1418.,10.3613341042672,-5.1));
#1561=CARTESIAN_POINT('',(1418.,9.58341652266871,-4.77771705267063));
#1562=CARTESIAN_POINT('',(1418.,9.12157735501318,-4.31325095860336));
#1563=CARTESIAN_POINT('',(1418.,4.31325095860336,-9.12157735501318));
#1564=CARTESIAN_POINT('',(1418.,4.77771705267063,-9.58341652266871));
#1565=CARTESIAN_POINT('',(1418.,5.1,-10.3613341042672));
#1566=CARTESIAN_POINT('',(1418.,-5.1,-10.3613341042672));
#1567=CARTESIAN_POINT('',(1418.,-5.09999999999993,11.2571961915069));
#1568=CARTESIAN_POINT('',(1418.,-11.2571961915069,5.09999999999993));
#1569=CARTESIAN_POINT('',(1418.,-11.2571961915069,-5.09999999999994));
#1570=CARTESIAN_POINT('',(1418.,-5.09999999999994,-11.2571961915069));
#1571=CARTESIAN_POINT('',(1418.,5.09999999999993,-11.2571961915069));
#1572=CARTESIAN_POINT('',(1418.,11.2571961915069,-5.09999999999994));
#1573=CARTESIAN_POINT('',(1418.,11.2571961915069,5.09999999999994));
#1574=CARTESIAN_POINT('',(1418.,5.09999999999994,11.2571961915069));
#1575=CARTESIAN_POINT('',(1416.,-11.2571961915069,-5.09999999999989));
#1576=CARTESIAN_POINT('',(1416.,-11.2571961915068,5.10000000000011));
#1577=CARTESIAN_POINT('',(1416.,-5.10000000000022,11.2571961915067));
#1578=CARTESIAN_POINT('',(1416.,5.09999999999977,11.2571961915069));
#1579=CARTESIAN_POINT('',(1416.,11.2571961915068,5.10000000000011));
#1580=CARTESIAN_POINT('',(1416.,11.2571961915069,-5.0999999999999));
#1581=CARTESIAN_POINT('',(1416.,5.09999999999978,-11.2571961915069));
#1582=CARTESIAN_POINT('',(1416.,-5.10000000000021,-11.2571961915067));
#1583=CARTESIAN_POINT('',(1416.,-4.77771705267106,-9.58341652266849));
#1584=CARTESIAN_POINT('',(1416.,-4.31325095860379,-9.12157735501296));
#1585=CARTESIAN_POINT('',(1416.,-3.54652279778937,-7.94431721702755));
#1586=CARTESIAN_POINT('',(1416.,-7.9443172170279,-3.54652279778859));
#1587=CARTESIAN_POINT('',(1416.,-9.12157735501362,-4.31325095860314));
#1588=CARTESIAN_POINT('',(1416.,-9.58341652266915,-4.77771705267041));
#1589=CARTESIAN_POINT('',(1416.,-10.3613341042676,-5.09999999999978));
#1590=CARTESIAN_POINT('',(1416.,-10.3613341042676,5.10000000000022));
#1591=CARTESIAN_POINT('',(1416.,-9.58341652266915,4.77771705267085));
#1592=CARTESIAN_POINT('',(1416.,-9.12157735501361,4.31325095860357));
#1593=CARTESIAN_POINT('',(1416.,-7.94431721702771,3.54652279778895));
#1594=CARTESIAN_POINT('',(1416.,-3.54652279778923,7.94431721702763));
#1595=CARTESIAN_POINT('',(1416.,-4.3132509586038,9.1215773550134));
#1596=CARTESIAN_POINT('',(1416.,-4.77771705267107,9.58341652266893));
#1597=CARTESIAN_POINT('',(1416.,-5.10000000000044,10.3613341042674));
#1598=CARTESIAN_POINT('',(1416.,5.09999999999956,10.3613341042674));
#1599=CARTESIAN_POINT('',(1416.,4.77771705267019,9.58341652266893));
#1600=CARTESIAN_POINT('',(1416.,4.31325095860292,9.12157735501339));
#1601=CARTESIAN_POINT('',(1416.,3.54652279778847,7.94431721702794));
#1602=CARTESIAN_POINT('',(1416.,7.94431721702761,3.54652279778926));
#1603=CARTESIAN_POINT('',(1416.,9.12157735501274,4.31325095860358));
#1604=CARTESIAN_POINT('',(1416.,9.58341652266827,4.77771705267085));
#1605=CARTESIAN_POINT('',(1416.,10.3613341042668,5.10000000000022));
#1606=CARTESIAN_POINT('',(1416.,10.3613341042668,-5.09999999999978));
#1607=CARTESIAN_POINT('',(1416.,9.58341652266828,-4.77771705267041));
#1608=CARTESIAN_POINT('',(1416.,9.12157735501274,-4.31325095860314));
#1609=CARTESIAN_POINT('',(1416.,7.94431721702777,-3.54652279778888));
#1610=CARTESIAN_POINT('',(1416.,3.54652279778861,-7.94431721702786));
#1611=CARTESIAN_POINT('',(1416.,4.31325095860292,-9.12157735501296));
#1612=CARTESIAN_POINT('',(1416.,4.77771705267019,-9.58341652266849));
#1613=CARTESIAN_POINT('',(1416.,5.09999999999957,-10.361334104267));
#1614=CARTESIAN_POINT('',(1416.,-5.10000000000044,-10.361334104267));
#1615=CARTESIAN_POINT('',(1418.,-3.54652279778892,-7.94431721702774));
#1616=CARTESIAN_POINT('',(1418.,-7.94431721702775,-3.54652279778892));
#1617=CARTESIAN_POINT('',(1418.,-7.94431721702774,3.54652279778892));
#1618=CARTESIAN_POINT('',(1418.,-3.54652279778892,7.94431721702775));
#1619=CARTESIAN_POINT('',(1418.,3.54652279778891,7.94431721702775));
#1620=CARTESIAN_POINT('',(1418.,7.94431721702775,3.54652279778891));
#1621=CARTESIAN_POINT('',(1418.,7.94431721702774,-3.54652279778891));
#1622=CARTESIAN_POINT('',(1418.,3.54652279778892,-7.94431721702774));
#1623=CARTESIAN_POINT('',(1418.,-1.43658310440188E-15,8.7));
#1624=CARTESIAN_POINT('',(1423.95857864376,0.,-9.20000000000004));
#1625=CARTESIAN_POINT('',(1422.95857864376,0.,-10.2));
#1626=CARTESIAN_POINT('',(1420.15857864376,0.,-10.2));
#1627=CARTESIAN_POINT('',(1418.,0.,-12.358578643763));
#1628=CARTESIAN_POINT('',(1418.,-1.77635683940025E-15,-8.7));
#1629=CARTESIAN_POINT('',(1419.5,0.,-8.7));
#1630=CARTESIAN_POINT('',(1419.5,0.,8.7));
#1631=CARTESIAN_POINT('',(1419.5,3.63051332076974E-16,6.00444279957211));
#1632=CARTESIAN_POINT('',(1420.15857864376,0.,10.2));
#1633=CARTESIAN_POINT('',(1418.,0.,12.358578643763));
#1634=CARTESIAN_POINT('',(1422.95857864376,0.,10.2));
#1635=CARTESIAN_POINT('',(1420.15857864376,0.,10.2));
#1636=CARTESIAN_POINT('',(1423.95857864376,0.,9.20000000000004));
#1637=CARTESIAN_POINT('',(1422.95857864376,0.,10.2));
#1638=CARTESIAN_POINT('',(1423.95857864376,-1.49958582624194E-16,3.04567582925055E-33));
#1639=CARTESIAN_POINT('',(1423.95857864376,2.46519032881566E-32,9.20000000000004));
#1640=CARTESIAN_POINT('',(1423.95857864376,-1.42659222046396E-15,-9.20000000000004));
#1641=CARTESIAN_POINT('',(1422.95857864376,1.64059909112561E-16,-1.40524214105577E-34));
#1642=CARTESIAN_POINT('',(1422.95857864376,0.,10.2));
#1643=CARTESIAN_POINT('',(1422.95857864376,-9.21019916905184E-16,-10.2));
#1644=CARTESIAN_POINT('',(1420.15857864376,2.71814020132841E-16,5.39417881391426E-33));
#1645=CARTESIAN_POINT('',(1420.15857864376,0.,10.2));
#1646=CARTESIAN_POINT('',(1420.15857864376,-7.05511694864624E-16,-10.2));
#1647=CARTESIAN_POINT('',(1417.99999999999,-1.24329969630482E-14,6.63555339253759E-14));
#1648=CARTESIAN_POINT('',(1418.,0.,12.358578643763));
#1649=CARTESIAN_POINT('',(1418.,-5.10000000000022,11.2571961915067));
#1650=CARTESIAN_POINT('',(1419.5,3.04167464767135E-16,7.04550895399111E-34));
#1651=CARTESIAN_POINT('',(1419.5,0.,8.7));
#1652=CARTESIAN_POINT('',(1419.5,-4.57107785723926E-16,-8.7));
#1653=CARTESIAN_POINT('',(1419.5,3.63051332076974E-16,6.00444279957211));
#1654=CARTESIAN_POINT('',(1419.5,-5.2,3.00222139978604));
#1655=CARTESIAN_POINT('',(1419.5,-5.2,3.00222139978604));
#1656=CARTESIAN_POINT('',(1423.95857864376,-5.2,3.00222139978604));
#1657=CARTESIAN_POINT('',(1419.5,3.63051332076974E-16,6.00444279957211));
#1658=CARTESIAN_POINT('',(1423.95857864376,1.81525666038487E-16,6.00444279957211));
#1659=CARTESIAN_POINT('',(1419.5,-5.2,3.00222139978604));
#1660=CARTESIAN_POINT('',(1419.5,-5.19999999999998,-3.00222139978606));
#1661=CARTESIAN_POINT('',(1419.5,-5.19999999999998,-3.00222139978606));
#1662=CARTESIAN_POINT('',(1423.95857864376,-5.19999999999999,-3.00222139978606));
#1663=CARTESIAN_POINT('',(1419.5,-5.19999999999998,-3.00222139978606));
#1664=CARTESIAN_POINT('',(1419.5,1.69747633380309E-14,-6.00444279957211));
#1665=CARTESIAN_POINT('',(1419.5,1.69747633380309E-14,-6.00444279957211));
#1666=CARTESIAN_POINT('',(1423.95857864376,1.07862238447093E-14,-6.00444279957211));
#1667=CARTESIAN_POINT('',(1419.5,1.69747633380309E-14,-6.00444279957211));
#1668=CARTESIAN_POINT('',(1419.5,5.20000000000001,-3.00222139978604));
#1669=CARTESIAN_POINT('',(1419.5,5.20000000000001,-3.00222139978604));
#1670=CARTESIAN_POINT('',(1423.95857864376,5.20000000000001,-3.00222139978605));
#1671=CARTESIAN_POINT('',(1419.5,5.20000000000001,-3.00222139978604));
#1672=CARTESIAN_POINT('',(1419.5,5.2,3.00222139978606));
#1673=CARTESIAN_POINT('',(1419.5,5.2,3.00222139978606));
#1674=CARTESIAN_POINT('',(1423.95857864376,5.20000000000001,3.00222139978606));
#1675=CARTESIAN_POINT('',(1419.5,5.2,3.00222139978606));
#1676=CARTESIAN_POINT('',(1419.5,3.63051332076974E-16,6.00444279957211));
#1677=CARTESIAN_POINT('',(1423.95857864376,1.81525666038487E-16,6.00444279957211));
#1678=CARTESIAN_POINT('',(1423.95857864376,-5.2,3.00222139978604));
#1679=CARTESIAN_POINT('',(1423.95857864376,-5.2,3.00222139978604));
#1680=CARTESIAN_POINT('',(1423.95857864376,-5.19999999999999,-3.00222139978606));
#1681=CARTESIAN_POINT('',(1423.95857864376,-5.19999999999999,-3.00222139978606));
#1682=CARTESIAN_POINT('',(1423.95857864376,1.07862238447093E-14,-6.00444279957211));
#1683=CARTESIAN_POINT('',(1423.95857864376,1.07862238447093E-14,-6.00444279957211));
#1684=CARTESIAN_POINT('',(1423.95857864376,5.20000000000001,-3.00222139978605));
#1685=CARTESIAN_POINT('',(1423.95857864376,5.20000000000001,-3.00222139978605));
#1686=CARTESIAN_POINT('',(1423.95857864376,5.20000000000001,3.00222139978606));
#1687=CARTESIAN_POINT('',(1423.95857864376,5.20000000000001,3.00222139978606));
#1688=CARTESIAN_POINT('',(1423.95857864376,1.81525666038487E-16,6.00444279957211));
#1689=CARTESIAN_POINT('',(1423.95857864376,1.81525666038487E-16,6.00444279957211));
#1690=CARTESIAN_POINT('',(1423.95857864376,0.,9.20000000000004));
#1691=CARTESIAN_POINT('',(1418.,-4.77771705267063,-9.58341652266871));
#1692=CARTESIAN_POINT('',(1418.,-4.31325095860335,-9.12157735501318));
#1693=CARTESIAN_POINT('',(1418.,-4.31325095860335,-9.12157735501318));
#1694=CARTESIAN_POINT('',(1416.,-4.31325095860379,-9.12157735501296));
#1695=CARTESIAN_POINT('',(1416.,-4.77771705267106,-9.58341652266849));
#1696=CARTESIAN_POINT('',(1416.,-4.31325095860379,-9.12157735501296));
#1697=CARTESIAN_POINT('',(1418.,-4.77771705267063,-9.58341652266871));
#1698=CARTESIAN_POINT('',(1416.,-4.77771705267106,-9.58341652266849));
#1699=CARTESIAN_POINT('',(1418.,-4.31325095860335,-9.12157735501318));
#1700=CARTESIAN_POINT('',(1418.,-3.8055816702161,-8.61390800658117));
#1701=CARTESIAN_POINT('',(1418.,-3.54652279778892,-7.94431721702775));
#1702=CARTESIAN_POINT('',(1418.,-9.12157735501318,-4.31325095860336));
#1703=CARTESIAN_POINT('',(1416.,-9.12157735501362,-4.31325095860314));
#1704=CARTESIAN_POINT('',(1416.,-4.31325095860379,-9.12157735501296));
#1705=CARTESIAN_POINT('',(1416.,-3.80558167021653,-8.61390800658097));
#1706=CARTESIAN_POINT('',(1416.,-3.54652279778937,-7.94431721702755));
#1707=CARTESIAN_POINT('',(1418.,-9.12157735501318,-4.31325095860336));
#1708=CARTESIAN_POINT('',(1418.,-9.58341652266871,-4.77771705267063));
#1709=CARTESIAN_POINT('',(1418.,-9.58341652266871,-4.77771705267063));
#1710=CARTESIAN_POINT('',(1416.,-9.58341652266915,-4.77771705267041));
#1711=CARTESIAN_POINT('',(1416.,-9.12157735501362,-4.31325095860314));
#1712=CARTESIAN_POINT('',(1416.,-9.58341652266915,-4.77771705267041));
#1713=CARTESIAN_POINT('',(1418.,-9.58341652266871,-4.77771705267063));
#1714=CARTESIAN_POINT('',(1418.,-9.90569918565679,-5.1));
#1715=CARTESIAN_POINT('',(1418.,-10.3613341042672,-5.1));
#1716=CARTESIAN_POINT('',(1418.,-10.3613341042672,-5.1));
#1717=CARTESIAN_POINT('',(1416.,-10.3613341042676,-5.09999999999978));
#1718=CARTESIAN_POINT('',(1416.,-9.58341652266915,-4.77771705267041));
#1719=CARTESIAN_POINT('',(1416.,-9.90569918565723,-5.09999999999979));
#1720=CARTESIAN_POINT('',(1416.,-10.3613341042676,-5.09999999999978));
#1721=CARTESIAN_POINT('',(1418.,-10.3613341042672,-5.1));
#1722=CARTESIAN_POINT('',(1418.,-11.2571961915069,-5.09999999999994));
#1723=CARTESIAN_POINT('',(1416.,-10.3613341042676,-5.09999999999978));
#1724=CARTESIAN_POINT('',(1416.,-11.2571961915069,-5.09999999999989));
#1725=CARTESIAN_POINT('',(1418.,-10.3613341042672,5.1));
#1726=CARTESIAN_POINT('',(1416.,-10.3613341042676,5.10000000000022));
#1727=CARTESIAN_POINT('',(1418.,-10.3613341042672,5.1));
#1728=CARTESIAN_POINT('',(1418.,-9.90569918565679,5.1));
#1729=CARTESIAN_POINT('',(1418.,-9.58341652266871,4.77771705267063));
#1730=CARTESIAN_POINT('',(1418.,-9.58341652266871,4.77771705267063));
#1731=CARTESIAN_POINT('',(1416.,-9.58341652266915,4.77771705267085));
#1732=CARTESIAN_POINT('',(1416.,-10.3613341042676,5.10000000000022));
#1733=CARTESIAN_POINT('',(1416.,-9.90569918565723,5.10000000000022));
#1734=CARTESIAN_POINT('',(1416.,-9.58341652266915,4.77771705267085));
#1735=CARTESIAN_POINT('',(1418.,-9.58341652266871,4.77771705267063));
#1736=CARTESIAN_POINT('',(1418.,-9.12157735501318,4.31325095860335));
#1737=CARTESIAN_POINT('',(1418.,-9.12157735501318,4.31325095860335));
#1738=CARTESIAN_POINT('',(1416.,-9.12157735501361,4.31325095860357));
#1739=CARTESIAN_POINT('',(1416.,-9.58341652266915,4.77771705267085));
#1740=CARTESIAN_POINT('',(1416.,-9.12157735501361,4.31325095860357));
#1741=CARTESIAN_POINT('',(1418.,-9.12157735501318,4.31325095860335));
#1742=CARTESIAN_POINT('',(1418.,-8.61390800658117,3.8055816702161));
#1743=CARTESIAN_POINT('',(1418.,-7.94431721702775,3.54652279778892));
#1744=CARTESIAN_POINT('',(1418.,-4.31325095860336,9.12157735501318));
#1745=CARTESIAN_POINT('',(1416.,-4.3132509586038,9.1215773550134));
#1746=CARTESIAN_POINT('',(1416.,-9.12157735501361,4.31325095860357));
#1747=CARTESIAN_POINT('',(1416.,-8.61390800658141,3.80558167021613));
#1748=CARTESIAN_POINT('',(1416.,-7.94431721702771,3.54652279778895));
#1749=CARTESIAN_POINT('',(1418.,-4.31325095860336,9.12157735501318));
#1750=CARTESIAN_POINT('',(1418.,-4.77771705267063,9.58341652266871));
#1751=CARTESIAN_POINT('',(1418.,-4.77771705267063,9.58341652266871));
#1752=CARTESIAN_POINT('',(1416.,-4.77771705267107,9.58341652266893));
#1753=CARTESIAN_POINT('',(1416.,-4.3132509586038,9.1215773550134));
#1754=CARTESIAN_POINT('',(1416.,-4.77771705267107,9.58341652266893));
#1755=CARTESIAN_POINT('',(1418.,-4.77771705267063,9.58341652266871));
#1756=CARTESIAN_POINT('',(1418.,-5.1,9.90569918565679));
#1757=CARTESIAN_POINT('',(1418.,-5.1,10.3613341042672));
#1758=CARTESIAN_POINT('',(1418.,-5.1,10.3613341042672));
#1759=CARTESIAN_POINT('',(1416.,-5.10000000000044,10.3613341042674));
#1760=CARTESIAN_POINT('',(1416.,-4.77771705267107,9.58341652266893));
#1761=CARTESIAN_POINT('',(1416.,-5.10000000000044,9.90569918565701));
#1762=CARTESIAN_POINT('',(1416.,-5.10000000000044,10.3613341042674));
#1763=CARTESIAN_POINT('',(1418.,-5.1,10.3613341042672));
#1764=CARTESIAN_POINT('',(1418.,-5.09999999999993,11.2571961915069));
#1765=CARTESIAN_POINT('',(1416.,-5.10000000000044,10.3613341042674));
#1766=CARTESIAN_POINT('',(1416.,-5.10000000000022,11.2571961915067));
#1767=CARTESIAN_POINT('',(1418.,5.1,10.3613341042672));
#1768=CARTESIAN_POINT('',(1416.,5.09999999999956,10.3613341042674));
#1769=CARTESIAN_POINT('',(1418.,5.1,10.3613341042672));
#1770=CARTESIAN_POINT('',(1418.,5.1,9.90569918565679));
#1771=CARTESIAN_POINT('',(1418.,4.77771705267063,9.58341652266871));
#1772=CARTESIAN_POINT('',(1418.,4.77771705267063,9.58341652266871));
#1773=CARTESIAN_POINT('',(1416.,4.77771705267019,9.58341652266893));
#1774=CARTESIAN_POINT('',(1416.,5.09999999999956,10.3613341042674));
#1775=CARTESIAN_POINT('',(1416.,5.09999999999956,9.90569918565701));
#1776=CARTESIAN_POINT('',(1416.,4.77771705267019,9.58341652266893));
#1777=CARTESIAN_POINT('',(1418.,4.77771705267063,9.58341652266871));
#1778=CARTESIAN_POINT('',(1418.,4.31325095860335,9.12157735501318));
#1779=CARTESIAN_POINT('',(1418.,4.31325095860335,9.12157735501318));
#1780=CARTESIAN_POINT('',(1416.,4.31325095860292,9.12157735501339));
#1781=CARTESIAN_POINT('',(1416.,4.77771705267019,9.58341652266893));
#1782=CARTESIAN_POINT('',(1416.,4.31325095860292,9.12157735501339));
#1783=CARTESIAN_POINT('',(1418.,4.31325095860335,9.12157735501318));
#1784=CARTESIAN_POINT('',(1418.,3.8055816702161,8.61390800658117));
#1785=CARTESIAN_POINT('',(1418.,3.54652279778891,7.94431721702775));
#1786=CARTESIAN_POINT('',(1418.,9.12157735501318,4.31325095860336));
#1787=CARTESIAN_POINT('',(1416.,9.12157735501274,4.31325095860358));
#1788=CARTESIAN_POINT('',(1416.,4.31325095860292,9.12157735501339));
#1789=CARTESIAN_POINT('',(1416.,3.80558167021565,8.61390800658138));
#1790=CARTESIAN_POINT('',(1416.,3.54652279778847,7.94431721702794));
#1791=CARTESIAN_POINT('',(1418.,9.12157735501318,4.31325095860336));
#1792=CARTESIAN_POINT('',(1418.,9.58341652266871,4.77771705267063));
#1793=CARTESIAN_POINT('',(1418.,9.58341652266871,4.77771705267063));
#1794=CARTESIAN_POINT('',(1416.,9.58341652266827,4.77771705267085));
#1795=CARTESIAN_POINT('',(1416.,9.12157735501274,4.31325095860358));
#1796=CARTESIAN_POINT('',(1416.,9.58341652266827,4.77771705267085));
#1797=CARTESIAN_POINT('',(1418.,9.58341652266871,4.77771705267063));
#1798=CARTESIAN_POINT('',(1418.,9.90569918565679,5.1));
#1799=CARTESIAN_POINT('',(1418.,10.3613341042672,5.1));
#1800=CARTESIAN_POINT('',(1418.,10.3613341042672,5.1));
#1801=CARTESIAN_POINT('',(1416.,10.3613341042668,5.10000000000022));
#1802=CARTESIAN_POINT('',(1416.,9.58341652266827,4.77771705267085));
#1803=CARTESIAN_POINT('',(1416.,9.90569918565635,5.10000000000022));
#1804=CARTESIAN_POINT('',(1416.,10.3613341042668,5.10000000000022));
#1805=CARTESIAN_POINT('',(1418.,10.3613341042672,5.1));
#1806=CARTESIAN_POINT('',(1418.,11.2571961915069,5.09999999999994));
#1807=CARTESIAN_POINT('',(1416.,10.3613341042668,5.10000000000022));
#1808=CARTESIAN_POINT('',(1416.,11.2571961915068,5.10000000000011));
#1809=CARTESIAN_POINT('',(1418.,10.3613341042672,-5.1));
#1810=CARTESIAN_POINT('',(1416.,10.3613341042668,-5.09999999999978));
#1811=CARTESIAN_POINT('',(1418.,10.3613341042672,-5.1));
#1812=CARTESIAN_POINT('',(1418.,9.90569918565679,-5.1));
#1813=CARTESIAN_POINT('',(1418.,9.58341652266871,-4.77771705267063));
#1814=CARTESIAN_POINT('',(1418.,9.58341652266871,-4.77771705267063));
#1815=CARTESIAN_POINT('',(1416.,9.58341652266828,-4.77771705267041));
#1816=CARTESIAN_POINT('',(1416.,10.3613341042668,-5.09999999999978));
#1817=CARTESIAN_POINT('',(1416.,9.90569918565635,-5.09999999999978));
#1818=CARTESIAN_POINT('',(1416.,9.58341652266828,-4.77771705267041));
#1819=CARTESIAN_POINT('',(1418.,9.58341652266871,-4.77771705267063));
#1820=CARTESIAN_POINT('',(1418.,9.12157735501318,-4.31325095860336));
#1821=CARTESIAN_POINT('',(1418.,9.12157735501318,-4.31325095860336));
#1822=CARTESIAN_POINT('',(1416.,9.12157735501274,-4.31325095860314));
#1823=CARTESIAN_POINT('',(1416.,9.58341652266828,-4.77771705267041));
#1824=CARTESIAN_POINT('',(1416.,9.12157735501274,-4.31325095860314));
#1825=CARTESIAN_POINT('',(1418.,9.12157735501318,-4.31325095860336));
#1826=CARTESIAN_POINT('',(1418.,8.61390800658116,-3.80558167021609));
#1827=CARTESIAN_POINT('',(1418.,7.94431721702774,-3.54652279778891));
#1828=CARTESIAN_POINT('',(1418.,4.31325095860336,-9.12157735501318));
#1829=CARTESIAN_POINT('',(1416.,4.31325095860292,-9.12157735501296));
#1830=CARTESIAN_POINT('',(1416.,9.12157735501274,-4.31325095860314));
#1831=CARTESIAN_POINT('',(1416.,8.61390800658091,-3.80558167021606));
#1832=CARTESIAN_POINT('',(1416.,7.94431721702777,-3.54652279778888));
#1833=CARTESIAN_POINT('',(1418.,4.31325095860336,-9.12157735501318));
#1834=CARTESIAN_POINT('',(1418.,4.77771705267063,-9.58341652266871));
#1835=CARTESIAN_POINT('',(1418.,4.77771705267063,-9.58341652266871));
#1836=CARTESIAN_POINT('',(1416.,4.77771705267019,-9.58341652266849));
#1837=CARTESIAN_POINT('',(1416.,4.31325095860292,-9.12157735501296));
#1838=CARTESIAN_POINT('',(1416.,4.77771705267019,-9.58341652266849));
#1839=CARTESIAN_POINT('',(1418.,4.77771705267063,-9.58341652266871));
#1840=CARTESIAN_POINT('',(1418.,5.1,-9.90569918565679));
#1841=CARTESIAN_POINT('',(1418.,5.1,-10.3613341042672));
#1842=CARTESIAN_POINT('',(1418.,5.1,-10.3613341042672));
#1843=CARTESIAN_POINT('',(1416.,5.09999999999957,-10.361334104267));
#1844=CARTESIAN_POINT('',(1416.,4.77771705267019,-9.58341652266849));
#1845=CARTESIAN_POINT('',(1416.,5.09999999999957,-9.90569918565657));
#1846=CARTESIAN_POINT('',(1416.,5.09999999999957,-10.361334104267));
#1847=CARTESIAN_POINT('',(1418.,5.1,-10.3613341042672));
#1848=CARTESIAN_POINT('',(1418.,5.09999999999993,-11.2571961915069));
#1849=CARTESIAN_POINT('',(1416.,5.09999999999957,-10.361334104267));
#1850=CARTESIAN_POINT('',(1416.,5.09999999999978,-11.2571961915069));
#1851=CARTESIAN_POINT('',(1418.,-5.1,-10.3613341042672));
#1852=CARTESIAN_POINT('',(1416.,-5.10000000000044,-10.361334104267));
#1853=CARTESIAN_POINT('',(1418.,-5.1,-10.3613341042672));
#1854=CARTESIAN_POINT('',(1418.,-5.1,-9.90569918565679));
#1855=CARTESIAN_POINT('',(1418.,-4.77771705267063,-9.58341652266871));
#1856=CARTESIAN_POINT('',(1416.,-5.10000000000044,-10.361334104267));
#1857=CARTESIAN_POINT('',(1416.,-5.10000000000044,-9.90569918565657));
#1858=CARTESIAN_POINT('',(1416.,-4.77771705267106,-9.58341652266849));
#1859=CARTESIAN_POINT('',(1416.,-11.2571961915069,-5.09999999999989));
#1860=CARTESIAN_POINT('',(1418.,-11.2571961915069,-5.09999999999994));
#1861=CARTESIAN_POINT('',(1418.,-11.2571961915069,5.09999999999993));
#1862=CARTESIAN_POINT('',(1416.,-11.2571961915068,5.10000000000011));
#1863=CARTESIAN_POINT('',(1416.,-5.10000000000022,11.2571961915067));
#1864=CARTESIAN_POINT('',(1418.,-5.09999999999993,11.2571961915069));
#1865=CARTESIAN_POINT('',(1418.,5.09999999999994,11.2571961915069));
#1866=CARTESIAN_POINT('',(1416.,5.09999999999977,11.2571961915069));
#1867=CARTESIAN_POINT('',(1416.,11.2571961915068,5.10000000000011));
#1868=CARTESIAN_POINT('',(1418.,11.2571961915069,5.09999999999994));
#1869=CARTESIAN_POINT('',(1418.,11.2571961915069,-5.09999999999994));
#1870=CARTESIAN_POINT('',(1416.,11.2571961915069,-5.0999999999999));
#1871=CARTESIAN_POINT('',(1416.,5.09999999999978,-11.2571961915069));
#1872=CARTESIAN_POINT('',(1418.,5.09999999999993,-11.2571961915069));
#1873=CARTESIAN_POINT('',(1418.,-5.09999999999994,-11.2571961915069));
#1874=CARTESIAN_POINT('',(1416.,-5.10000000000021,-11.2571961915067));
#1875=CARTESIAN_POINT('',(1416.,-3.54652279778937,-7.94431721702755));
#1876=CARTESIAN_POINT('',(1418.,-3.54652279778892,-7.94431721702774));
#1877=CARTESIAN_POINT('',(1418.,-7.94431721702775,-3.54652279778892));
#1878=CARTESIAN_POINT('',(1416.,-7.9443172170279,-3.54652279778859));
#1879=CARTESIAN_POINT('',(1416.,-7.94431721702771,3.54652279778895));
#1880=CARTESIAN_POINT('',(1418.,-7.94431721702774,3.54652279778892));
#1881=CARTESIAN_POINT('',(1418.,-3.54652279778892,7.94431721702775));
#1882=CARTESIAN_POINT('',(1416.,-3.54652279778923,7.94431721702763));
#1883=CARTESIAN_POINT('',(1416.,3.54652279778847,7.94431721702794));
#1884=CARTESIAN_POINT('',(1418.,3.54652279778891,7.94431721702775));
#1885=CARTESIAN_POINT('',(1418.,7.94431721702775,3.54652279778891));
#1886=CARTESIAN_POINT('',(1416.,7.94431721702761,3.54652279778926));
#1887=CARTESIAN_POINT('',(1416.,7.94431721702777,-3.54652279778888));
#1888=CARTESIAN_POINT('',(1418.,7.94431721702774,-3.54652279778891));
#1889=CARTESIAN_POINT('',(1418.,3.54652279778892,-7.94431721702774));
#1890=CARTESIAN_POINT('',(1416.,3.54652279778861,-7.94431721702786));
#1891=CARTESIAN_POINT('',(1417.99999999999,3.53601276225935E-14,1.40800482439055E-13));
#1892=CARTESIAN_POINT('',(1418.,-1.33226762955019E-15,8.7));
#1893=CARTESIAN_POINT('',(1418.,3.54652279778891,7.94431721702775));
#1894=CARTESIAN_POINT('',(1417.99999999999,2.36481171840408E-14,8.491622018919E-15));
#1895=CARTESIAN_POINT('',(1418.,7.94431721702775,3.54652279778891));
#1896=CARTESIAN_POINT('',(1418.,7.94431721702774,-3.54652279778891));
#1897=CARTESIAN_POINT('',(1417.99999999999,1.48287932431338E-14,-1.00921254387116E-13));
#1898=CARTESIAN_POINT('',(1418.,3.54652279778892,-7.94431721702774));
#1899=CARTESIAN_POINT('',(1418.,-1.33226762955019E-15,-8.7));
#1900=CARTESIAN_POINT('',(1418.00000000001,1.51429014665857E-14,-2.93231268956156E-15));
#1901=CARTESIAN_POINT('',(1418.,-7.94431721702775,-3.54652279778892));
#1902=CARTESIAN_POINT('',(1418.,-7.94431721702774,3.54652279778892));
#1903=CARTESIAN_POINT('',(1418.00000000001,-2.05174903154953E-14,3.26835267970548E-14));
#1904=CARTESIAN_POINT('',(1418.,-3.54652279778892,7.94431721702775));
#1905=CARTESIAN_POINT('',(1418.,-1.33226762955019E-15,8.7));
#1906=CARTESIAN_POINT('',(1418.,-1.43658310440188E-15,8.7));
#1907=CARTESIAN_POINT('',(1419.5,0.,8.7));
#1908=CARTESIAN_POINT('',(1417.99999999999,2.21960765790116E-14,1.07245092601172E-13));
#1909=CARTESIAN_POINT('',(1418.,5.09999999999994,11.2571961915069));
#1910=CARTESIAN_POINT('',(1418.,-8.88178419700125E-16,12.358578643763));
#1911=CARTESIAN_POINT('',(1418.,-2.30975504999087E-15,-4.82049894877524E-17));
#1912=CARTESIAN_POINT('',(1418.,11.2571961915069,5.09999999999994));
#1913=CARTESIAN_POINT('',(1418.,5.09999999999977,11.2571961915069));
#1914=CARTESIAN_POINT('',(1418.,9.38442678632918E-15,2.81885419862643E-15));
#1915=CARTESIAN_POINT('',(1418.,11.2571961915069,-5.09999999999994));
#1916=CARTESIAN_POINT('',(1418.,11.2571961915068,5.10000000000011));
#1917=CARTESIAN_POINT('',(1418.,7.05136511074571E-15,-7.68415600067376E-15));
#1918=CARTESIAN_POINT('',(1418.,5.09999999999993,-11.2571961915069));
#1919=CARTESIAN_POINT('',(1418.,11.2571961915069,-5.0999999999999));
#1920=CARTESIAN_POINT('',(1417.99999999999,-1.89060967800816E-14,-8.18909507351217E-14));
#1921=CARTESIAN_POINT('',(1418.,-5.09999999999994,-11.2571961915069));
#1922=CARTESIAN_POINT('',(1418.,-8.88178419700125E-16,-12.358578643763));
#1923=CARTESIAN_POINT('',(1418.,-3.52496562899588E-15,-3.34593641615322E-15));
#1924=CARTESIAN_POINT('',(1418.,-11.2571961915069,-5.09999999999994));
#1925=CARTESIAN_POINT('',(1418.,-5.09999999999994,-11.2571961915069));
#1926=CARTESIAN_POINT('',(1418.,-9.95778986071251E-15,1.11489603605369E-15));
#1927=CARTESIAN_POINT('',(1418.,-11.2571961915069,5.09999999999993));
#1928=CARTESIAN_POINT('',(1418.,-11.2571961915069,-5.09999999999994));
#1929=CARTESIAN_POINT('',(1418.00000000001,5.1741916352813E-14,-5.51636272383154E-14));
#1930=CARTESIAN_POINT('',(1418.,-5.09999999999994,11.2571961915069));
#1931=CARTESIAN_POINT('',(1418.,-11.2571961915069,5.09999999999993));
#1932=CARTESIAN_POINT('',(1416.,3.14029217816088E-14,3.03800930304597E-14));
#1933=CARTESIAN_POINT('',(1416.,11.2571961915068,5.10000000000011));
#1934=CARTESIAN_POINT('',(1416.,5.09999999999945,11.2571961915071));
#1935=CARTESIAN_POINT('',(1416.,6.17982068043167E-15,-9.00037243608888E-15));
#1936=CARTESIAN_POINT('',(1416.,5.09999999999978,-11.2571961915069));
#1937=CARTESIAN_POINT('',(1416.,11.257196191507,-5.09999999999967));
#1938=CARTESIAN_POINT('',(1416.,2.28792543662346E-14,2.19737966515592E-14));
#1939=CARTESIAN_POINT('',(1416.,-11.2571961915069,-5.09999999999989));
#1940=CARTESIAN_POINT('',(1416.,-5.10000000000021,-11.2571961915067));
#1941=CARTESIAN_POINT('',(1416.,1.40168538723695E-14,-1.55525687568681E-14));
#1942=CARTESIAN_POINT('',(1416.,-5.10000000000022,11.2571961915067));
#1943=CARTESIAN_POINT('',(1416.,-11.2571961915068,5.10000000000011));
#1944=CARTESIAN_POINT('',(1415.99999999998,-2.38665325061545E-14,-5.79058152678437E-14));
#1945=CARTESIAN_POINT('',(1416.,7.94431721702761,3.54652279778926));
#1946=CARTESIAN_POINT('',(1416.,3.54652279778847,7.94431721702794));
#1947=CARTESIAN_POINT('',(1415.99999999998,9.59430708010826E-14,-5.1769175543837E-14));
#1948=CARTESIAN_POINT('',(1416.,3.54652279778861,-7.94431721702786));
#1949=CARTESIAN_POINT('',(1416.,7.94431721702776,-3.54652279778888));
#1950=CARTESIAN_POINT('',(1416.,9.39111862695309E-15,2.63077678911744E-14));
#1951=CARTESIAN_POINT('',(1416.,-7.9443172170279,-3.54652279778859));
#1952=CARTESIAN_POINT('',(1416.,-3.54652279778914,-7.94431721702765));
#1953=CARTESIAN_POINT('',(1415.99999999999,9.47050499175774E-14,-5.50081382722927E-14));
#1954=CARTESIAN_POINT('',(1416.,-3.54652279778923,7.94431721702763));
#1955=CARTESIAN_POINT('',(1416.,-7.94431721702774,3.54652279778894));
#1956=CARTESIAN_POINT('',(1418.,-7.94431721702775,-3.54652279778892));
#1957=CARTESIAN_POINT('',(1418.,-8.61390800658117,-3.8055816702161));
#1958=CARTESIAN_POINT('',(1418.,-9.12157735501318,-4.31325095860336));
#1959=CARTESIAN_POINT('',(1416.,-7.9443172170279,-3.54652279778859));
#1960=CARTESIAN_POINT('',(1416.,-8.61390800658148,-3.8055816702158));
#1961=CARTESIAN_POINT('',(1416.,-9.12157735501362,-4.31325095860314));
#1962=CARTESIAN_POINT('',(1418.,-11.2571961915069,5.09999999999993));
#1963=CARTESIAN_POINT('',(1418.,-10.3613341042672,5.1));
#1964=CARTESIAN_POINT('',(1416.,-11.2571961915068,5.10000000000011));
#1965=CARTESIAN_POINT('',(1416.,-10.3613341042676,5.10000000000022));
#1966=CARTESIAN_POINT('',(1418.,-3.54652279778892,7.94431721702775));
#1967=CARTESIAN_POINT('',(1418.,-3.8055816702161,8.61390800658117));
#1968=CARTESIAN_POINT('',(1418.,-4.31325095860336,9.12157735501318));
#1969=CARTESIAN_POINT('',(1416.,-3.54652279778923,7.94431721702763));
#1970=CARTESIAN_POINT('',(1416.,-3.80558167021644,8.61390800658123));
#1971=CARTESIAN_POINT('',(1416.,-4.3132509586038,9.1215773550134));
#1972=CARTESIAN_POINT('',(1418.,5.09999999999994,11.2571961915069));
#1973=CARTESIAN_POINT('',(1418.,5.1,10.3613341042672));
#1974=CARTESIAN_POINT('',(1416.,5.09999999999977,11.2571961915069));
#1975=CARTESIAN_POINT('',(1416.,5.09999999999956,10.3613341042674));
#1976=CARTESIAN_POINT('',(1418.,7.94431721702775,3.54652279778891));
#1977=CARTESIAN_POINT('',(1418.,8.61390800658117,3.8055816702161));
#1978=CARTESIAN_POINT('',(1418.,9.12157735501318,4.31325095860336));
#1979=CARTESIAN_POINT('',(1416.,7.94431721702761,3.54652279778926));
#1980=CARTESIAN_POINT('',(1416.,8.61390800658085,3.80558167021644));
#1981=CARTESIAN_POINT('',(1416.,9.12157735501274,4.31325095860358));
#1982=CARTESIAN_POINT('',(1418.,11.2571961915069,-5.09999999999994));
#1983=CARTESIAN_POINT('',(1418.,10.3613341042672,-5.1));
#1984=CARTESIAN_POINT('',(1416.,11.2571961915069,-5.0999999999999));
#1985=CARTESIAN_POINT('',(1416.,10.3613341042668,-5.09999999999978));
#1986=CARTESIAN_POINT('',(1418.,3.54652279778892,-7.94431721702774));
#1987=CARTESIAN_POINT('',(1418.,3.8055816702161,-8.61390800658116));
#1988=CARTESIAN_POINT('',(1418.,4.31325095860336,-9.12157735501318));
#1989=CARTESIAN_POINT('',(1416.,3.54652279778861,-7.94431721702786));
#1990=CARTESIAN_POINT('',(1416.,3.8055816702158,-8.61390800658108));
#1991=CARTESIAN_POINT('',(1416.,4.31325095860292,-9.12157735501296));
#1992=CARTESIAN_POINT('',(1418.,-5.09999999999994,-11.2571961915069));
#1993=CARTESIAN_POINT('',(1418.,-5.1,-10.3613341042672));
#1994=CARTESIAN_POINT('',(1416.,-5.10000000000021,-11.2571961915067));
#1995=CARTESIAN_POINT('',(1416.,-5.10000000000044,-10.361334104267));
#1996=CARTESIAN_POINT('',(1423.95857864376,0.,-6.0044427995721));
#1997=CARTESIAN_POINT('',(1423.95857864376,0.,-9.20000000000004));
#1998=CARTESIAN_POINT('',(1423.95857864376,1.0285580886368E-16,-2.130386624661E-16));
#1999=CARTESIAN_POINT('',(1423.95857864376,0.,-9.20000000000004));
#2000=CARTESIAN_POINT('',(1423.95857864376,1.33238667294293E-15,9.20000000000004));
#2001=CARTESIAN_POINT('',(1423.95857864376,0.,-9.20000000000004));
#2002=CARTESIAN_POINT('',(1422.95857864376,0.,-10.2));
#2003=CARTESIAN_POINT('',(1422.95857864376,6.36034973965852E-17,1.40232140737749E-16));
#2004=CARTESIAN_POINT('',(1422.95857864376,0.,-10.2));
#2005=CARTESIAN_POINT('',(1422.95857864376,1.37634672992348E-15,10.2));
#2006=CARTESIAN_POINT('',(1422.95857864376,0.,-10.2));
#2007=CARTESIAN_POINT('',(1420.15857864376,0.,-10.2));
#2008=CARTESIAN_POINT('',(1420.15857864376,-4.41506136236944E-17,1.40232140737749E-16));
#2009=CARTESIAN_POINT('',(1420.15857864376,0.,-10.2));
#2010=CARTESIAN_POINT('',(1420.15857864376,1.16083850788292E-15,10.2));
#2011=CARTESIAN_POINT('',(1420.15857864376,0.,-10.2));
#2012=CARTESIAN_POINT('',(1418.,0.,-12.358578643763));
#2013=CARTESIAN_POINT('',(1418.,-2.02482497168884E-14,1.00552266480586E-13));
#2014=CARTESIAN_POINT('',(1418.,0.,-12.358578643763));
#2015=CARTESIAN_POINT('',(1418.,5.09999999999993,-11.2571961915069));
#2016=CARTESIAN_POINT('',(1418.,0.,-8.7));
#2017=CARTESIAN_POINT('',(1419.5,0.,-8.7));
#2018=CARTESIAN_POINT('',(1419.5,2.96392900679409E-16,3.95372165273861E-16));
#2019=CARTESIAN_POINT('',(1419.5,0.,-8.7));
#2020=CARTESIAN_POINT('',(1419.5,1.65822851661701E-15,8.7));
#2021=CARTESIAN_POINT('',(1418.00000000001,-9.18414439342586E-15,-1.54628030831446E-14));
#2022=CARTESIAN_POINT('',(1418.,-1.77635683940025E-15,-8.7));
#2023=CARTESIAN_POINT('',(1418.,-3.54652279778892,-7.94431721702774));
#2024=CARTESIAN_POINT('',(1419.5,0.,-8.7));
#2025=CARTESIAN_POINT('',(1419.5,0.,-6.0044427995721));
#2026=CARTESIAN_POINT('',(0.,0.,0.));
ENDSEC;
END-ISO-10303-21;
